word,npmi-bias,he-npmi,he-count,man-npmi,man-count
man,-0.4199293053050455,0.2688584579434478,10,0.6887877632484933,122
blacks,-0.2047947139564789,0.1120914194566537,2,0.3168861334131326,8
women,-0.2035922232684882,0.1054145089888328,1,0.309006732257321,5
www,-0.1940245536011074,0.0777469309490085,2,0.2717714845501159,7
http,-0.1870292722823847,0.0499457923792223,1,0.236975064661607,4
1,-0.1846914143132965,0.0832299992270129,1,0.2679214135403094,4
crime,-0.1820152591152281,0.1163519457282454,1,0.2983672048434735,4
death,-0.18114609982740848,0.1262792757529701,1,0.3074253755803786,4
night,-0.1807596155630492,0.1305846688181157,1,0.3113442843811649,4
woman,-0.17853926144856933,0.2160162220575436,4,0.3945554835061129,11
bus,-0.176929286632759,0.1702566504369363,1,0.3471859370696953,4
youtube,-0.1745548170045944,0.1403854219632466,6,0.314940238967841,13
am,-0.15776511430835638,0.112703413552737,2,0.2704685278610934,5
work,-0.1574848252252234,0.1019719286524134,1,0.2594567538776368,3
white,-0.1570913364452351,0.2657242016696104,36,0.4228155381148455,44
girl,-0.15699987412861582,0.1090577837769784,1,0.2660576579055942,3
living,-0.1561159462254113,0.1214932470685176,1,0.2776091932939289,3
stupid,-0.155702607566449,0.1271156669545797,1,0.2828182745210287,3
attack,-0.15563950177155128,0.1279640196191445,1,0.2836035213906958,3
another,-0.1553584829748094,0.1442942208639418,2,0.2996527038387512,5
true,-0.1552360556900307,0.1333275565200254,1,0.2885636122100561,3
reason,-0.15509107323544732,0.1352303523296223,1,0.2903214255650696,3
30,-0.15435787524522268,0.1446652913734118,1,0.2990231666186345,3
rest,-0.1540777284350492,0.1481917723891737,1,0.3022695008242229,3
dog,-0.15282762828356541,0.1634484939149016,1,0.316276122198467,3
within,-0.15254943440133367,0.1667447869857026,1,0.3192942213870363,3
gang,-0.1507542416222215,0.1872536620266978,1,0.3380079036489193,3
beaten,-0.15052062091205912,0.1898333100014528,1,0.3403539309135119,3
dating,-0.1483426627801883,0.2130221037729962,1,0.3613647665531845,3
there,-0.14326809188196452,0.1293745577263232,7,0.2726426496082877,11
m,-0.13944133953054869,0.1789245045997037,7,0.3183658441302524,11
looking,-0.1358893845197313,0.1244100767525769,2,0.2602994612723082,4
murder,-0.13078834321604862,0.1954375076504655,2,0.3262258508665141,4
black,-0.13075946487667056,0.2599833813150044,18,0.390742846191675,22
com,-0.12834105607419283,0.1154258830699894,3,0.2437669391441822,5
come,-0.1237297333729668,0.0853510238673883,1,0.2090807572403551,2
https,-0.12340321996159728,0.0921615278613187,1,0.215564747822916,2
london,-0.12122138479931568,0.1333275565200254,1,0.2545489413193411,2
future,-0.1211119424419512,0.1352303523296223,1,0.2563422947715735,2
stuff,-0.12105555657079839,0.1362056013466759,1,0.2572611579174743,2
goes,-0.12099800301047059,0.1371975268438515,1,0.2581955298543221,2
st,-0.1207551350346136,0.1413450250196306,1,0.2621001600542442,2
posted,-0.12048928107093551,0.1458165370096662,1,0.2663058180806017,2
dark,-0.12048928107093551,0.1458165370096662,1,0.2663058180806017,2
nordic,-0.12011760994337592,0.1519540008447359,1,0.2720716107881118,2
national,-0.1199542942312595,0.1546108140414885,1,0.274565108272748,2
street,-0.1199542942312595,0.1546108140414885,1,0.274565108272748,2
kill,-0.11986902971152891,0.1559885191897013,1,0.2758575489012302,2
f,-0.11978117448651149,0.1574014836242536,1,0.2771826581107651,2
alot,-0.11918982821285401,0.1667447869857026,1,0.2859346151985566,2
west,-0.11918982821285401,0.1667447869857026,1,0.2859346151985566,2
eating,-0.11830564061334498,0.1802139995771872,1,0.2985196401905322,2
sitting,-0.11830564061334498,0.1802139995771872,1,0.2985196401905322,2
been,-0.1176835702895927,0.1782588910259426,6,0.2959424613155353,8
violence,-0.1172622590993373,0.1954253217553395,1,0.3126875808546768,2
whitey,-0.11599622674452728,0.2130221037729962,1,0.3290183305175235,2
walked,-0.11599622674452728,0.2130221037729962,1,0.3290183305175235,2
hall,-0.11599622674452728,0.2130221037729962,1,0.3290183305175235,2
hated,-0.11566627803996471,0.2174693650254091,1,0.3331356430653738,2
boyfriend,-0.11529714560248658,0.222381851321548,1,0.3376789969240346,2
cat,-0.11487842669756132,0.2278770964950076,1,0.3427555231925689,2
brave,-0.11439492764946027,0.234125090348718,1,0.3485200179981783,2
fugitive,-0.11222438499028342,0.2610138323762697,1,0.3732382173665531,2
great,-0.110235491358193,0.1155268589033919,2,0.2257623502615849,3
really,-0.10914881992713141,0.1368242648557956,2,0.245973084782927,3
story,-0.10772430153847642,0.162555891643112,2,0.2702801931815884,3
meet,-0.10752616751911051,0.1659699231990525,2,0.273496090718163,3
nice,-0.10726945310288971,0.1703397401910392,2,0.2776091932939289,3
makes,-0.10688867675602318,0.1767148446346726,2,0.2836035213906958,3
full,-0.10656762726670671,0.1819959849433494,2,0.2885636122100561,3
re,-0.10521411374298459,0.148278745410627,3,0.2534928591536116,4
force,-0.10467399677699482,0.2116021254214722,2,0.316276122198467,3
non,-0.1046346362093678,0.1588193004961539,3,0.2634539367055217,4
killing,-0.10445749568148838,0.2148367257055479,2,0.3192942213870363,3
fun,-0.1038397796744012,0.2239150833069232,2,0.3277548629813244,3
against,-0.10342626276724382,0.1797485941312298,3,0.2831748568984736,4
y,-0.10306981783747421,0.2349380858114451,2,0.3380079036489193,3
video,-0.10245780872868118,0.1875431139707149,5,0.2900009226993961,6
men,-0.1000723607798289,0.2207500126645353,4,0.3208223734443642,5
caught,-0.09692457613662653,0.2654650119605131,4,0.3623895880971396,5
year,-0.08903908342829059,0.2101220037174057,7,0.2991610871456963,7
brown,-0.07996675381627633,0.2134703315327301,4,0.2934370853490064,4
most,-0.07887154007072658,0.1519540781305787,3,0.2308256182013053,3
more,-0.07859323061118273,0.21908269325941,12,0.2976759238705927,10
place,-0.077754566350384,0.1776748629899226,3,0.2554294293403066,3
6,-0.07636709184212107,0.2072364295485747,3,0.2836035213906958,3
cause,-0.07606537025118526,0.2133700972077041,3,0.2894354674588894,3
sorry,-0.0758748562433593,0.2171942397830345,3,0.2930690960263938,3
killed,-0.07512999937637502,0.2318053121111062,3,0.3069353114874812,3
live,-0.0749192758752317,0.1208540626737509,2,0.1957733385489826,2
car,-0.07452869648944152,0.2432337891788983,3,0.3177624856683398,3
by,-0.07399087866725088,0.2307237338936239,14,0.3047146125608748,11
name,-0.0735801474926866,0.1568546939653642,2,0.2304348414580508,2
city,-0.0735801474926866,0.1568546939653642,2,0.2304348414580508,2
made,-0.07348262834203881,0.1593233447100808,2,0.2328059730521196,2
hell,-0.0732725019024684,0.1645811272521478,2,0.2378536291546162,2
canada,-0.0729435815027942,0.1726506828225906,2,0.2455942643253848,2
lol,-0.07287776380508451,0.174242902957373,2,0.2471206667624575,2
girls,-0.07270354892164133,0.1784226119702001,2,0.2511261608918414,2
proud,-0.07239076949788678,0.1858047603564353,2,0.2581955298543221,2
students,-0.07230475752990442,0.1878083830693084,2,0.2601131405992128,2
already,-0.07230475752990442,0.1878083830693084,2,0.2601131405992128,2
people,-0.07187670653111009,0.2018165227873521,13,0.2736932293184622,10
case,-0.0716404669396904,0.2029246413330576,2,0.274565108272748,2
o,-0.0715171121159067,0.2056655459948584,2,0.2771826581107651,2
chinese,-0.07109788949300871,0.2148367257055479,2,0.2859346151985566,2
like,-0.07088504476825647,0.2765718254354235,30,0.34745687020368,21
morning,-0.070764997479112,0.2219687601924021,2,0.2927337576715141,2
attacked,-0.06960315878927154,0.2459191117360754,2,0.3155222705253469,2
your,-0.0692707849394911,0.1634660558259603,9,0.2327368407654514,7
its,-0.0691938821644763,0.0578119201243179,1,0.1270058022887942,1
this,-0.06904033643543481,0.2443811242131975,31,0.3134214606486323,21
every,-0.06902679975371948,0.2023031338207952,6,0.2713299335745147,5
2,-0.0686301323040661,0.0799721664842618,1,0.1486022987883279,1
area,-0.0683625641139686,0.0898111578179486,1,0.1581737219319172,1
free,-0.06814163762889,0.0976559011878147,1,0.1657975388167047,1
forum,-0.0681115054635452,0.0987076831979309,1,0.1668191886614761,1
org,-0.06806511583803258,0.1003187610200016,1,0.1683838768580342,1
friends,-0.0679677225209143,0.1036696241832601,1,0.1716373467041744,1
please,-0.0679508502797836,0.1042458708178899,1,0.1721967210976735,1
such,-0.06793378476331989,0.104827463167343,1,0.1727612479306629,1
high,-0.06773200479059749,0.1116112181907623,1,0.1793432229813598,1
until,-0.0674528211379911,0.120731448408112,1,0.1881842695461031,1
everyone,-0.06742909140699868,0.1214932470685176,1,0.1889223384755163,1
u,-0.0674049928419907,0.1222648193611372,1,0.1896698122031279,1
child,-0.0673805144233392,0.1230464384271103,1,0.1904269528504495,1
college,-0.0673556446336193,0.1238383892740116,1,0.1911940339076309,1
yet,-0.0673303714272287,0.1246409694806751,1,0.1919713409079038,1
beautiful,-0.06722498312960329,0.1279640196191445,1,0.1951890027487478,1
culture,-0.0671695105146996,0.1296981197092574,1,0.196867630223957,1
yourself,-0.0671120144926731,0.1314847852689559,1,0.198596799761629,1
whole,-0.06708246284175681,0.1323989222436762,1,0.199481385085433,1
rob,-0.0669409245935122,0.2962696480897575,2,0.3632105726832697,2
kills,-0.0669409245935122,0.2962696480897575,2,0.3632105726832697,2
learn,-0.0668925907043259,0.1382067522017294,1,0.2050993429060553,1
stay,-0.0667884690064385,0.1413450250196306,1,0.2081334940260691,1
14,-0.066752207804397,0.1424304572085385,1,0.2091826650129355,1
9,-0.06671511266213159,0.1435369152639026,1,0.2102520279260342,1
comes,-0.06667714596089588,0.1446652913734118,1,0.2113424373343077,1
sf,-0.06667714596089588,0.1446652913734118,1,0.2113424373343077,1
hello,-0.06663826749031099,0.1458165370096662,1,0.2124548044999772,1
pass,-0.06659843420497849,0.1469916683588166,1,0.2135901025637951,1
song,-0.06659843420497849,0.1469916683588166,1,0.2135901025637951,1
stand,-0.06651571516396187,0.1494180136529049,1,0.2159337288168668,1
change,-0.0664727265156553,0.1506716419301829,1,0.2171443684458382,1
gone,-0.0664727265156553,0.1506716419301829,1,0.2171443684458382,1
single,-0.0664285765329247,0.1519540008447359,1,0.2183825773776606,1
several,-0.0664285765329247,0.1519540008447359,1,0.2183825773776606,1
50,-0.0663832031521126,0.1532665376034473,1,0.2196497407555599,1
website,-0.06623904209950959,0.1574014836242536,1,0.2236405257237632,1
12,-0.06623904209950959,0.1574014836242536,1,0.2236405257237632,1
especially,-0.06618804357090408,0.1588516959120974,1,0.2250397394830015,1
example,-0.06618804357090408,0.1588516959120974,1,0.2250397394830015,1
words,-0.06618804357090408,0.1588516959120974,1,0.2250397394830015,1
dumb,-0.0661354221818733,0.1603413215322604,1,0.2264767437141337,1
glad,-0.0659667380407605,0.1650714711739678,1,0.2310382092147283,1
id,-0.0659667380407605,0.1650714711739678,1,0.2310382092147283,1
act,-0.06590648613086339,0.1667447869857026,1,0.232651273116566,1
body,-0.06584397988085061,0.1684719010074631,1,0.2343158808883137,1
phone,-0.06584397988085061,0.1684719010074631,1,0.2343158808883137,1
early,-0.06584397988085061,0.1684719010074631,1,0.2343158808883137,1
lost,-0.06584397988085061,0.1684719010074631,1,0.2343158808883137,1
save,-0.0657790493088575,0.1702566504369363,1,0.2360356997457938,1
violent,-0.06564113238160088,0.1740166493297413,1,0.2396577817113422,1
k,-0.06564113238160088,0.1740166493297413,1,0.2396577817113422,1
victims,-0.06564113238160088,0.1740166493297413,1,0.2396577817113422,1
facebook,-0.06556769275882712,0.1760020400449241,1,0.2415697328037512,1
drink,-0.0654909135493974,0.1780655339314804,1,0.2435564474808778,1
boys,-0.0654909135493974,0.1780655339314804,1,0.2435564474808778,1
x202a,-0.0654909135493974,0.1780655339314804,1,0.2435564474808778,1
x202c,-0.0654909135493974,0.1780655339314804,1,0.2435564474808778,1
paper,-0.0654104848537154,0.1802139995771872,1,0.2456244844309026,1
pick,-0.0654104848537154,0.1802139995771872,1,0.2456244844309026,1
gonna,-0.0654104848537154,0.1802139995771872,1,0.2456244844309026,1
dna,-0.0654104848537154,0.1802139995771872,1,0.2456244844309026,1
stories,-0.06532605160863969,0.1824552746959061,1,0.2477813263045458,1
ape,-0.06532605160863969,0.1824552746959061,1,0.2477813263045458,1
humans,-0.06532605160863969,0.1824552746959061,1,0.2477813263045458,1
kick,-0.06532605160863969,0.1824552746959061,1,0.2477813263045458,1
rlm,-0.06532605160863969,0.1824552746959061,1,0.2477813263045458,1
minded,-0.06523720435966393,0.1847983596268498,1,0.2500355639865137,1
rape,-0.06523720435966393,0.1847983596268498,1,0.2500355639865137,1
jail,-0.06523720435966393,0.1847983596268498,1,0.2500355639865137,1
correct,-0.06523720435966393,0.1847983596268498,1,0.2500355639865137,1
welfare,-0.0651434675475892,0.1872536620266978,1,0.252397129574287,1
reported,-0.0651434675475892,0.1872536620266978,1,0.252397129574287,1
organization,-0.0650442844599062,0.1898333100014528,1,0.254877594461359,1
defense,-0.0650442844599062,0.1898333100014528,1,0.254877594461359,1
hold,-0.0650442844599062,0.1898333100014528,1,0.254877594461359,1
six,-0.0650442844599062,0.1898333100014528,1,0.254877594461359,1
road,-0.0650442844599062,0.1898333100014528,1,0.254877594461359,1
river,-0.0650442844599062,0.1898333100014528,1,0.254877594461359,1
watched,-0.06493899763736469,0.1925515581348793,1,0.257490555772244,1
missing,-0.06493899763736469,0.1925515581348793,1,0.257490555772244,1
fellow,-0.06493899763736469,0.1925515581348793,1,0.257490555772244,1
faces,-0.06493899763736469,0.1925515581348793,1,0.257490555772244,1
charge,-0.06493899763736469,0.1925515581348793,1,0.257490555772244,1
lead,-0.06493899763736469,0.1925515581348793,1,0.257490555772244,1
names,-0.06482682298108261,0.1954253217553395,1,0.2602521447364221,1
michael,-0.06482682298108261,0.1954253217553395,1,0.2602521447364221,1
service,-0.06482682298108261,0.1954253217553395,1,0.2602521447364221,1
crimes,-0.06482682298108261,0.1954253217553395,1,0.2602521447364221,1
protect,-0.06482682298108261,0.1954253217553395,1,0.2602521447364221,1
political,-0.06482682298108261,0.1954253217553395,1,0.2602521447364221,1
walking,-0.06470681496004652,0.1984748915997329,1,0.2631817065597794,1
songs,-0.06470681496004652,0.1984748915997329,1,0.2631817065597794,1
wanna,-0.06470681496004652,0.1984748915997329,1,0.2631817065597794,1
honour,-0.06470681496004652,0.1984748915997329,1,0.2631817065597794,1
apartment,-0.06470681496004652,0.1984748915997329,1,0.2631817065597794,1
whenever,-0.06470681496004652,0.1984748915997329,1,0.2631817065597794,1
17,-0.06470681496004652,0.1984748915997329,1,0.2631817065597794,1
victim,-0.06470681496004652,0.1984748915997329,1,0.2631817065597794,1
laughing,-0.0645778189728265,0.2017249076957935,1,0.26630272666862,1
lack,-0.0645778189728265,0.2017249076957935,1,0.26630272666862,1
turning,-0.0645778189728265,0.2017249076957935,1,0.26630272666862,1
beach,-0.06443840471042067,0.2052057148099754,1,0.2696441195203961,1
monkey,-0.06443840471042067,0.2052057148099754,1,0.2696441195203961,1
everybody,-0.06443840471042067,0.2052057148099754,1,0.2696441195203961,1
campaign,-0.0642867706253511,0.2089552952680086,1,0.2732420658933597,1
pair,-0.0642867706253511,0.2089552952680086,1,0.2732420658933597,1
idiot,-0.0642867706253511,0.2089552952680086,1,0.2732420658933597,1
kinda,-0.0642867706253511,0.2089552952680086,1,0.2732420658933597,1
skins,-0.0642867706253511,0.2089552952680086,1,0.2732420658933597,1
bank,-0.06412060301843267,0.2130221037729962,1,0.2771427067914289,1
mile,-0.06412060301843267,0.2130221037729962,1,0.2771427067914289,1
drop,-0.06412060301843267,0.2130221037729962,1,0.2771427067914289,1
therefore,-0.06412060301843267,0.2130221037729962,1,0.2771427067914289,1
kiss,-0.06412060301843267,0.2130221037729962,1,0.2771427067914289,1
raping,-0.06393686110208602,0.2174693650254091,1,0.2814062261274951,1
pagan,-0.06393686110208602,0.2174693650254091,1,0.2814062261274951,1
27,-0.06393686110208602,0.2174693650254091,1,0.2814062261274951,1
jumped,-0.06393686110208602,0.2174693650254091,1,0.2814062261274951,1
trial,-0.06393686110208602,0.2174693650254091,1,0.2814062261274951,1
forest,-0.06393686110208602,0.2174693650254091,1,0.2814062261274951,1
disturbing,-0.06373143578369908,0.222381851321548,1,0.2861132871052471,1
personally,-0.06373143578369908,0.222381851321548,1,0.2861132871052471,1
odd,-0.06373143578369908,0.222381851321548,1,0.2861132871052471,1
blind,-0.06373143578369908,0.222381851321548,1,0.2861132871052471,1
capital,-0.06373143578369908,0.222381851321548,1,0.2861132871052471,1
distance,-0.06373143578369908,0.222381851321548,1,0.2861132871052471,1
in,-0.06353524020580453,0.3068139413991058,76,0.3703491816049103,45
smile,-0.0634985810144697,0.2278770964950076,1,0.2913756775094773,1
handed,-0.0634985810144697,0.2278770964950076,1,0.2913756775094773,1
mob,-0.0634985810144697,0.2278770964950076,1,0.2913756775094773,1
cnn,-0.0634985810144697,0.2278770964950076,1,0.2913756775094773,1
louis,-0.0634985810144697,0.2278770964950076,1,0.2913756775094773,1
suspected,-0.0634985810144697,0.2278770964950076,1,0.2913756775094773,1
kicked,-0.0634985810144697,0.2278770964950076,1,0.2913756775094773,1
balls,-0.0634985810144697,0.2278770964950076,1,0.2913756775094773,1
for,-0.06332310196533097,0.2682361341607829,43,0.3315592361261139,27
deaths,-0.06322990711467727,0.234125090348718,1,0.2973549974633953,1
roll,-0.06322990711467727,0.234125090348718,1,0.2973549974633953,1
wore,-0.06322990711467727,0.234125090348718,1,0.2973549974633953,1
ghost,-0.06322990711467727,0.234125090348718,1,0.2973549974633953,1
ur,-0.06322990711467727,0.234125090348718,1,0.2973549974633953,1
crooked,-0.06322990711467727,0.234125090348718,1,0.2973549974633953,1
pregnant,-0.06322990711467727,0.234125090348718,1,0.2973549974633953,1
officer,-0.06322990711467727,0.234125090348718,1,0.2973549974633953,1
invasion,-0.062912455400186,0.241385611753937,1,0.304298067154123,1
aswell,-0.062912455400186,0.241385611753937,1,0.304298067154123,1
wisdom,-0.062912455400186,0.241385611753937,1,0.304298067154123,1
sincerely,-0.062912455400186,0.241385611753937,1,0.304298067154123,1
allegedly,-0.062912455400186,0.241385611753937,1,0.304298067154123,1
niglet,-0.062912455400186,0.241385611753937,1,0.304298067154123,1
forces,-0.062912455400186,0.241385611753937,1,0.304298067154123,1
coat,-0.062912455400186,0.241385611753937,1,0.304298067154123,1
confused,-0.062912455400186,0.241385611753937,1,0.304298067154123,1
ballistic,-0.06252461606384879,0.2500865766313553,1,0.3126111926952041,1
smashed,-0.06252461606384879,0.2500865766313553,1,0.3126111926952041,1
skinned,-0.06252461606384879,0.2500865766313553,1,0.3126111926952041,1
stabbing,-0.06252461606384879,0.2500865766313553,1,0.3126111926952041,1
gypsy,-0.06252461606384879,0.2500865766313553,1,0.3126111926952041,1
attempted,-0.06252461606384879,0.2500865766313553,1,0.3126111926952041,1
patient,-0.06252461606384879,0.2500865766313553,1,0.3126111926952041,1
times,-0.06237602484293228,0.2155803228242201,5,0.2779563476671524,4
exception,-0.062026119197322205,0.2610138323762697,1,0.3230399515735919,1
principal,-0.062026119197322205,0.2610138323762697,1,0.3230399515735919,1
stormed,-0.062026119197322205,0.2610138323762697,1,0.3230399515735919,1
determined,-0.062026119197322205,0.2610138323762697,1,0.3230399515735919,1
suited,-0.062026119197322205,0.2610138323762697,1,0.3230399515735919,1
churchill,-0.062026119197322205,0.2610138323762697,1,0.3230399515735919,1
backpack,-0.062026119197322205,0.2610138323762697,1,0.3230399515735919,1
gf,-0.062026119197322205,0.2610138323762697,1,0.3230399515735919,1
reporter,-0.062026119197322205,0.2610138323762697,1,0.3230399515735919,1
lookin,-0.062026119197322205,0.2610138323762697,1,0.3230399515735919,1
twin,-0.062026119197322205,0.2610138323762697,1,0.3230399515735919,1
auto,-0.062026119197322205,0.2610138323762697,1,0.3230399515735919,1
straw,-0.06132730563815081,0.2758851054843536,1,0.3372124111225044,1
substitute,-0.06132730563815081,0.2758851054843536,1,0.3372124111225044,1
sentenced,-0.06132730563815081,0.2758851054843536,1,0.3372124111225044,1
liquid,-0.06132730563815081,0.2758851054843536,1,0.3372124111225044,1
whut,-0.06132730563815081,0.2758851054843536,1,0.3372124111225044,1
supermarket,-0.06132730563815081,0.2758851054843536,1,0.3372124111225044,1
talkin,-0.06132730563815081,0.2758851054843536,1,0.3372124111225044,1
patch,-0.06132730563815081,0.2758851054843536,1,0.3372124111225044,1
mourn,-0.06132730563815081,0.2758851054843536,1,0.3372124111225044,1
65,-0.06132730563815081,0.2758851054843536,1,0.3372124111225044,1
folklore,-0.06132730563815081,0.2758851054843536,1,0.3372124111225044,1
chick,-0.06132730563815081,0.2758851054843536,1,0.3372124111225044,1
champion,-0.06132730563815081,0.2758851054843536,1,0.3372124111225044,1
igger,-0.06132730563815081,0.2758851054843536,1,0.3372124111225044,1
guidance,-0.06132730563815081,0.2758851054843536,1,0.3372124111225044,1
adverts,-0.06132730563815081,0.2758851054843536,1,0.3372124111225044,1
atrabilious,-0.06132730563815081,0.2758851054843536,1,0.3372124111225044,1
gather,-0.06132730563815081,0.2758851054843536,1,0.3372124111225044,1
suffered,-0.06014592370559141,0.2999676259941186,1,0.36011354969971,1
limerickpost,-0.06014592370559141,0.2999676259941186,1,0.36011354969971,1
packi,-0.06014592370559141,0.2999676259941186,1,0.36011354969971,1
monkies,-0.06014592370559141,0.2999676259941186,1,0.36011354969971,1
butchy,-0.06014592370559141,0.2999676259941186,1,0.36011354969971,1
owns,-0.06014592370559141,0.2999676259941186,1,0.36011354969971,1
forgein,-0.06014592370559141,0.2999676259941186,1,0.36011354969971,1
finially,-0.06014592370559141,0.2999676259941186,1,0.36011354969971,1
coma,-0.06014592370559141,0.2999676259941186,1,0.36011354969971,1
dive,-0.06014592370559141,0.2999676259941186,1,0.36011354969971,1
huffed,-0.06014592370559141,0.2999676259941186,1,0.36011354969971,1
origo,-0.06014592370559141,0.2999676259941186,1,0.36011354969971,1
wrench,-0.06014592370559141,0.2999676259941186,1,0.36011354969971,1
ohhh,-0.06014592370559141,0.2999676259941186,1,0.36011354969971,1
robber,-0.06014592370559141,0.2999676259941186,1,0.36011354969971,1
soap,-0.06014592370559141,0.2999676259941186,1,0.36011354969971,1
uneven,-0.06014592370559141,0.2999676259941186,1,0.36011354969971,1
gdansk,-0.06014592370559141,0.2999676259941186,1,0.36011354969971,1
enchantment,-0.06014592370559141,0.2999676259941186,1,0.36011354969971,1
wuz,-0.06014592370559141,0.2999676259941186,1,0.36011354969971,1
neevr,-0.06014592370559141,0.2999676259941186,1,0.36011354969971,1
conslour,-0.06014592370559141,0.2999676259941186,1,0.36011354969971,1
an,-0.05990690916291591,0.251900454170425,16,0.3118073633333409,11
our,-0.05732143617831559,0.1655469678569883,7,0.2228684040353039,5
look,-0.055873578200099916,0.1711183996095087,4,0.2269919778096086,3
watch,-0.055749710438706385,0.1747476949277644,4,0.2304974053664708,3
being,-0.055702667662074296,0.1761176566372516,4,0.2318203242993259,3
never,-0.055580631608570574,0.2123697878755924,7,0.267950419484163,5
n,-0.05536388177719867,0.2173676111503682,17,0.2727314929275669,11
3,-0.05483580864348189,0.2005936206968247,4,0.2554294293403066,3
tell,-0.054312424243094015,0.2147298147824867,4,0.2690422390255807,3
10,-0.05373345240294328,0.2298700689877525,4,0.2836035213906958,3
day,-0.0507495709636856,0.2305833719742898,9,0.2813329429379754,6
their,-0.050478566175589504,0.1185095728967177,6,0.1689881390723072,4
want,-0.04443126416392598,0.1283600997961968,3,0.1727913639601228,2
are,-0.04435458763302361,0.18731970956441,21,0.2316742971974336,12
race,-0.044302827683347396,0.133421214939728,3,0.1777240426230754,2
charged,-0.04428266890273597,0.2997499258945969,6,0.3440325947973329,4
her,-0.04412471589321201,0.2069367917689627,8,0.2510615076621747,5
anyone,-0.04383745895447089,0.151270775193521,3,0.1951082341479919,2
way,-0.0436462802558541,0.2213519120831723,8,0.2649981923390264,5
d,-0.04322473695139201,0.1737215264475171,3,0.2169462633989091,2
love,-0.04279574347516102,0.1888128644372828,3,0.2316086079124438,2
here,-0.0423747044421629,0.1950122911660209,10,0.2373869956081838,6
hard,-0.042350083554488605,0.2040022838206367,3,0.2463523673751253,2
almost,-0.041981712203366606,0.2162138176509555,3,0.2581955298543221,2
month,-0.04149833608470763,0.2318053121111062,3,0.2733036481958138,2
15,-0.04137179380584238,0.2358108643049227,3,0.2771826581107651,2
telling,-0.04091476895255891,0.2500310841338375,3,0.2909458530863964,2
ran,-0.040167221556363986,0.2725203592983128,3,0.3126875808546768,2
stood,-0.03943550988898842,0.2937001331763854,3,0.3331356430653738,2
old,-0.038984726505605805,0.2573745810154487,12,0.2963593075210545,7
whites,-0.038183566417610115,0.1544739431028826,5,0.1926575095204927,3
find,-0.0372521015202939,0.1897398762893147,5,0.2269919778096086,3
eyes,-0.03637647020818119,0.2210329701947546,5,0.2574094404029358,3
came,-0.03595338636497031,0.2355917586294029,5,0.2715451449943732,3
hey,-0.035873956000721186,0.2382874344867567,5,0.2741613904874779,3
last,-0.03411036786168009,0.2228579875629596,7,0.2569683554246397,4
they,-0.03385568729897079,0.1914014632236356,21,0.2252571505226064,11
two,-0.033834188663401626,0.2325624175876295,7,0.2663966062510311,4
t,-0.03259411847293228,0.226015552872284,19,0.2586096713452163,10
no,-0.03237177267783822,0.2243899847440016,13,0.2567617574218398,7
time,-0.03225109724981942,0.2349508552914493,11,0.2672019525412687,6
one,-0.03165250840377448,0.2634512858759837,21,0.2951037942797582,11
of,-0.02856001606969044,0.3190170936566082,91,0.3475771097262986,43
with,-0.027919648213330706,0.3137730160062972,47,0.3416926642196279,23
up,-0.02654980860299322,0.2681989987870025,22,0.2947488073899957,11
some,-0.025236792418851406,0.2467560713754371,16,0.2719928637942885,8
where,-0.0229184512149537,0.243673657466446,10,0.2665921086813997,5
now,-0.022558185492448313,0.2158726057943222,8,0.2384307912867705,4
or,-0.0222360266354506,0.2495235482573121,23,0.2717595748927627,11
always,-0.022022863603035125,0.2396592645832495,8,0.2616821281862846,4
she,-0.021760235633152714,0.19734296331572,6,0.2191031989488727,3
news,-0.02159849516443188,0.2050839150721779,6,0.2266824102366098,3
any,-0.021150643890873705,0.1504602816662984,4,0.1716109255571721,2
need,-0.02082085219249241,0.1679800363899763,4,0.1888008885824687,2
world,-0.020577143711659696,0.1807754121735431,4,0.2013525558852028,2
let,-0.020481025586477103,0.1857874802982196,4,0.2062685058846967,2
ca,-0.019991386297710495,0.2110274516479782,4,0.2310188379456887,2
big,-0.019943499802009712,0.2134703315327301,4,0.2334138313347398,2
week,-0.01985449239684578,0.2179991367577704,4,0.2378536291546162,2
enough,-0.019814081521003196,0.2200502543866951,4,0.2398643359076983,2
kid,-0.019619757760623385,0.2298700689877525,4,0.2494898267483759,2
brother,-0.01913279134579171,0.2541708568500221,4,0.2733036481958138,2
start,-0.019020073291626305,0.1442942208639418,2,0.1633142941555681,1
use,-0.0190034733158837,0.1452923157208958,2,0.1642957890367795,1
irish,-0.018986595051917105,0.1463063352686766,2,0.1652929303205937,1
hate,-0.018916091469637603,0.1505333165098281,2,0.1694494079794657,1
town,-0.0188693592701408,0.1533273618275327,2,0.1721967210976735,1
group,-0.018859743638233784,0.1539015042924291,2,0.1727612479306629,1
give,-0.018830324885546812,0.1556564701612703,2,0.1744867950468171,1
english,-0.018747306544345005,0.1605959164370148,2,0.1793432229813598,1
used,-0.01871427580513671,0.162555891643112,2,0.1812701674482487,1
check,-0.018656619630788712,0.1659699231990525,2,0.1846265428298412,1
best,-0.01864466787419411,0.1666764954370398,2,0.1853211633112339,1
do,-0.018635121048793085,0.2023034769179556,15,0.2209385979667487,7
least,-0.01855661164236319,0.1718703412080863,2,0.1904269528504495,1
fight,-0.01855661164236319,0.1718703412080863,2,0.1904269528504495,1
coming,-0.01851626919574892,0.174242902957373,2,0.1927591721531219,1
front,-0.01843010777142101,0.1792955852167742,2,0.1977256929881952,1
v,-0.018383921145413595,0.1819959849433494,2,0.200379906088763,1
guys,-0.018351831582815697,0.1838688748193491,2,0.2022207064021648,1
pride,-0.01826648156111821,0.1888372308782339,2,0.2071037124393521,1
job,-0.018248439820783502,0.1898850542052856,2,0.2081334940260691,1
face,-0.018230043262275314,0.1909526217506602,2,0.2091826650129355,1
either,-0.018211276949829908,0.1920407509762043,2,0.2102520279260342,1
band,-0.018211276949829908,0.1920407509762043,2,0.2102520279260342,1
head,-0.018211276949829908,0.1920407509762043,2,0.2102520279260342,1
talking,-0.01819212496907399,0.1931503123652337,2,0.2113424373343077,1
don,-0.01819212496907399,0.1931503123652337,2,0.2113424373343077,1
exactly,-0.0181113025936554,0.1978224262232114,2,0.2159337288168668,1
b,-0.018089942524454505,0.1990544259213837,2,0.2171443684458382,1
article,-0.01806807501462518,0.2003145023630354,2,0.2183825773776606,1
ask,-0.018045674145196006,0.2016040666103639,2,0.2196497407555599,1
listen,-0.01799915807066399,0.2042778730319584,2,0.2222770311026224,1
gay,-0.0179749797289048,0.2056655459948584,2,0.2236405257237632,1
lived,-0.017924603555236812,0.2085521401588969,2,0.2264767437141337,1
play,-0.0178983242996843,0.2100554752805851,2,0.2279537995802694,1
indeed,-0.0178712568503942,0.2116021254214722,2,0.2294733822718664,1
sister,-0.0178712568503942,0.2116021254214722,2,0.2294733822718664,1
human,-0.017843350026562926,0.2131948591881654,2,0.2310382092147283,1
lives,-0.017784786604554403,0.2165310942837593,2,0.2343158808883137,1
evil,-0.017784786604554403,0.2165310942837593,2,0.2343158808883137,1
according,-0.017784786604554403,0.2165310942837593,2,0.2343158808883137,1
bar,-0.017722105437457503,0.2200927067126292,2,0.2378148121500867,1
forward,-0.01761887969879139,0.2259375677820864,2,0.2435564474808778,1
as,-0.017582543381594984,0.2473580749232725,24,0.2649406183048675,11
shoot,-0.017581587577732788,0.2280428968531698,2,0.2456244844309026,1
certain,-0.017581587577732788,0.2280428968531698,2,0.2456244844309026,1
criminal,-0.017542630870071907,0.2302386954344739,2,0.2477813263045458,1
foreign,-0.017501846037480312,0.2325337179490334,2,0.2500355639865137,1
mate,-0.017501846037480312,0.2325337179490334,2,0.2500355639865137,1
film,-0.017501846037480312,0.2325337179490334,2,0.2500355639865137,1
prison,-0.017459043762841908,0.2349380858114451,2,0.252397129574287,1
ie,-0.017459043762841908,0.2349380858114451,2,0.252397129574287,1
court,-0.017459043762841908,0.2349380858114451,2,0.252397129574287,1
typical,-0.017414003180575205,0.2374635912807838,2,0.254877594461359,1
cop,-0.017414003180575205,0.2374635912807838,2,0.254877594461359,1
nazi,-0.017414003180575205,0.2374635912807838,2,0.254877594461359,1
station,-0.017414003180575205,0.2374635912807838,2,0.254877594461359,1
lies,-0.017414003180575205,0.2374635912807838,2,0.254877594461359,1
nor,-0.017366464387293806,0.2401240913849502,2,0.257490555772244,1
turned,-0.017316118576032408,0.2429360261603897,2,0.2602521447364221,1
star,-0.017316118576032408,0.2429360261603897,2,0.2602521447364221,1
starting,-0.017262594823704014,0.2459191117360754,2,0.2631817065597794,1
obviously,-0.017262594823704014,0.2459191117360754,2,0.2631817065597794,1
style,-0.017262594823704014,0.2459191117360754,2,0.2631817065597794,1
yesterday,-0.017205442063768894,0.2490972846048511,2,0.26630272666862,1
nose,-0.017144103962682455,0.2525000155577136,2,0.2696441195203961,1
sat,-0.017144103962682455,0.2525000155577136,2,0.2696441195203961,1
table,-0.01707788304419572,0.256164182849164,2,0.2732420658933597,1
rapes,-0.01700588799209568,0.2601368187993332,2,0.2771427067914289,1
kept,-0.01700588799209568,0.2601368187993332,2,0.2771427067914289,1
uses,-0.016926953630754693,0.2644792724967404,2,0.2814062261274951,1
murders,-0.016926953630754693,0.2644792724967404,2,0.2814062261274951,1
fought,-0.016839514507228592,0.2692737725980185,2,0.2861132871052471,1
hero,-0.016839514507228592,0.2692737725980185,2,0.2861132871052471,1
punk,-0.0164988212113929,0.2877992459427301,2,0.304298067154123,1
dropped,-0.016341544605446623,0.2962696480897575,2,0.3126111926952041,1
i,-0.015124892590279493,0.2804425706745275,83,0.295567463264807,36
me,-0.014620025168382733,0.256311327137585,20,0.2709313523059677,9
a,-0.01430176575726061,0.3797807848382674,139,0.394082550595528,60
you,-0.0136512635550185,0.2241099673571392,32,0.2377612309121577,14
and,-0.01182411075063955,0.3669835250093558,134,0.3788076357599954,57
on,-0.011726035271604596,0.3008782192383364,51,0.312604254509941,22
went,-0.010971081687237316,0.2688308675671143,9,0.2798019492543516,4
all,-0.008478836627499098,0.2516763394157666,26,0.2601551760432657,11
make,-0.008011765051070596,0.2199177681936865,7,0.2279295332447571,3
first,-0.007937139498589707,0.2248933923649319,7,0.2328305318635216,3
dont,-0.007878795867929778,0.2287974584719686,7,0.2366762543398984,3
while,-0.0075896939107378825,0.2483286906950209,7,0.2559183846057588,3
that,-0.007352615715392086,0.3028621838072919,60,0.310214799522684,25
can,-0.006334352602950122,0.2060374558719943,12,0.2123718084749444,5
get,-0.006260403817509891,0.2107767598371156,12,0.2170371636546255,5
who,-0.004906181078204619,0.2473322684282952,17,0.2522384495064998,7
these,-0.0024267453991999033,0.1666550833746634,5,0.1690818287738633,2
little,-0.001896744423332708,0.2101268564651671,5,0.2120236008884998,2
hair,-0.0016562215854151185,0.2311497514667045,5,0.2328059730521196,2
may,-0.0016424028968425042,0.2323855868172371,5,0.2340279897140796,2
once,-0.0016283298522916934,0.2336474547550918,5,0.2352757846073835,2
racist,-0.0016283298522916934,0.2336474547550918,5,0.2352757846073835,2
looks,-0.0016139912102494103,0.2349365742652359,5,0.2365505654754853,2
son,-0.0012301995640410235,0.2708414112240708,5,0.2720716107881118,2
the,0.0007816611358211212,0.359651211376102,159,0.3588695502402809,63
will,0.0008548198806901108,0.2309496408068444,18,0.2300948209261543,7
has,0.0011007573708333163,0.3006447317347214,23,0.2995439743638881,9
see,0.0019177023035768237,0.233669356046302,13,0.2317516537427252,5
out,0.0033843017912809914,0.2512296150141405,21,0.2478453132228595,8
good,0.003535071519360583,0.1880003629706798,8,0.1844652914513192,3
than,0.0038105436456838115,0.2141385972637255,8,0.2103280536180417,3
around,0.0038981562900982925,0.223001355238971,8,0.2191031989488727,3
could,0.003945371737307413,0.2279052112852753,8,0.2239598395479679,3
anti,0.004280356641207683,0.2658569101797752,8,0.2615765535385675,3
because,0.0050466912008284015,0.2791726611453676,16,0.2741259699445392,6
from,0.007076415486951371,0.2772162963949818,27,0.2701398809080304,10
s,0.010707407151056114,0.3344077089270795,60,0.3237003017760234,22
why,0.011720956963217982,0.1554790789788752,3,0.1437581220156572,1
which,0.011777741338498099,0.1631455603069277,3,0.1513678189684296,1
family,0.011950167678810797,0.1894262605098467,3,0.1774760928310359,1
american,0.011964875558975602,0.1919435646596027,3,0.1799786891006271,1
half,0.01201483821831631,0.2009371766938326,3,0.1889223384755163,1
called,0.01202688202350019,0.2032209159311311,3,0.1911940339076309,1
small,0.012030942912732906,0.2040022838206367,3,0.1919713409079038,1
done,0.012047426799826927,0.2072364295485747,3,0.1951890027487478,1
point,0.012055817791622486,0.2089234480155795,3,0.196867630223957,1
state,0.012060051795872107,0.2097857447840673,3,0.1977256929881952,1
end,0.012064311958742996,0.210661111720372,3,0.198596799761629,1
mother,0.01209044313500618,0.2162138176509555,3,0.2041233745159493,1
class,0.012113007089592787,0.2212956721025283,3,0.2091826650129355,1
along,0.012113007089592787,0.2212956721025283,3,0.2091826650129355,1
wanted,0.012117610245070909,0.2223696381711051,3,0.2102520279260342,1
french,0.012117610245070909,0.2223696381711051,3,0.2102520279260342,1
sad,0.012131606458073596,0.2257217090218687,3,0.2135901025637951,1
thats,0.012141095705081512,0.2280748245219483,3,0.2159337288168668,1
power,0.012141095705081512,0.2280748245219483,3,0.2159337288168668,1
sound,0.012150713731745005,0.2305332911094056,3,0.2183825773776606,1
happened,0.01215557135554629,0.2318053121111062,3,0.2196497407555599,1
dead,0.0121604614317328,0.2331078146914669,3,0.2209473532597341,1
scene,0.012211064430957291,0.2482467641767511,3,0.2360356997457938,1
whatever,0.012211064430957291,0.2482467641767511,3,0.2360356997457938,1
tree,0.012226737392596165,0.2537964701963474,3,0.2415697328037512,1
daughter,0.01223723795179718,0.2578617223826998,3,0.2456244844309026,1
ball,0.012258089078852508,0.2671356835402115,3,0.254877594461359,1
won,0.012293907048890274,0.2937001331763854,3,0.2814062261274951,1
many,0.013440909545566898,0.1924551079565076,6,0.1790141984109407,2
just,0.013464024787958495,0.2568752418783067,23,0.2434112170903482,8
ve,0.013504048392754014,0.2026065063630896,6,0.1891024579703356,2
same,0.01351675327399221,0.2047692037459095,6,0.1912524504719173,2
much,0.013544477805597588,0.2096529091548148,6,0.1961084313492172,2
it,0.013627362887438321,0.282676061060643,56,0.2690486981732047,20
try,0.013670807077478891,0.2359644277937728,6,0.2222936207162939,2
sure,0.013683279894057487,0.2391031774370448,6,0.2254198975429873,2
wonder,0.013716855623333801,0.2483654470101704,6,0.2346485913868366,2
down,0.014744754172502317,0.2387045937204702,9,0.2239598395479679,3
after,0.014828557998374597,0.2624944699319864,9,0.2476659119336118,3
away,0.014872751578143995,0.2827028131636415,9,0.2678300615854975,3
going,0.015706608630001673,0.2667837507229824,12,0.2510771420929807,4
to,0.01752771061936309,0.3514753794923577,128,0.3339476688729946,46
at,0.01826253806216932,0.2621653549502092,24,0.2439028168880399,8
got,0.022773788045900745,0.3093876722116877,19,0.286613884165787,6
we,0.022908443353197694,0.2081836817200336,16,0.1852752383668359,5
guy,0.023350007197622202,0.3133479586621135,13,0.2899979514644913,4
friend,0.02686652859879385,0.287964164855566,7,0.2610976362567721,2
heard,0.027025391275801586,0.2540709758029276,7,0.227045584527126,2
seen,0.02705018647134541,0.2454094338146803,7,0.2183592473433349,2
new,0.0270665739005444,0.1945849825756717,7,0.1675184086751273,2
ago,0.027066650396082692,0.2378121974561907,7,0.210745547060108,2
well,0.027078539235866506,0.2025393912991246,7,0.1754608520632581,2
home,0.02707938736084961,0.2291642487050512,7,0.2020848613442016,2
have,0.03052870043567693,0.2544127505978315,36,0.2238840501621546,11
be,0.031186748625233907,0.2703685345409298,30,0.2391817859156959,9
is,0.031352377514839214,0.3371909978520548,84,0.3058386203372156,27
only,0.03368472123246721,0.2368843237796826,11,0.2031996025472154,3
knife,0.03405507479242309,0.3003578014610431,4,0.26630272666862,1
completely,0.034216018230411815,0.2866131478046988,4,0.252397129574287,1
gave,0.03439732681077798,0.2687132076990917,4,0.2343158808883137,1
taken,0.03453083151154879,0.2529134088892094,4,0.2183825773776606,1
remember,0.03462327956551439,0.2397226224715697,4,0.2050993429060553,1
teacher,0.03464105066743359,0.2368617570695984,4,0.2022207064021648,1
getting,0.034681066239004715,0.2298700689877525,4,0.1951890027487478,1
life,0.03474605460929489,0.2160162220575436,4,0.1812701674482487,1
money,0.03474605460929489,0.2160162220575436,4,0.1812701674482487,1
stop,0.034748624169156,0.2153695751797306,4,0.1806209510105746,1
part,0.03476267685306711,0.2116290054331027,4,0.1768663285800356,1
next,0.03476688248080162,0.2104317920342599,4,0.1756649095534583,1
were,0.034782576126922704,0.1451731647628367,4,0.110390588635914,1
those,0.034805709558037995,0.1543836702001945,4,0.1195779606421565,1
stormfront,0.034820241839748106,0.1874104319877782,4,0.1525901901480301,1
show,0.034825502688767496,0.1815220120537514,4,0.1466965093649839,1
but,0.0360363229891745,0.2636441465050679,28,0.2276078235158934,8
back,0.0378000948436929,0.2701350188001274,15,0.2323349239564345,4
go,0.03787378562154703,0.2607799741046443,15,0.2229061884830973,4
off,0.039028337724402895,0.2400178251332915,8,0.2009894874088886,2
country,0.039064955477451785,0.2345049011799161,8,0.1954399457024643,2
very,0.03914875045900959,0.2192127979620017,8,0.1800640475029921,2
know,0.03922177845897709,0.1980179852325126,8,0.1587962067735355,2
should,0.04080935993232798,0.2942617995514562,19,0.2534524396191282,5
told,0.04904784844130958,0.2961685152037671,9,0.2471206667624575,2
was,0.0494455336279479,0.3699397943615183,69,0.3204942607335704,19
does,0.04961627297561538,0.2616398738641152,9,0.2120236008884998,2
even,0.04994693901845981,0.2346621085844964,9,0.1847151695660366,2
years,0.04995844031922181,0.2335502791376422,9,0.1835918388184204,2
us,0.05004777739943378,0.2242825197807521,9,0.1742347423813183,2
so,0.0516370447700612,0.2970331192325622,32,0.245396074462501,8
thinks,0.05178444043808361,0.3041815700123706,5,0.252397129574287,1
hand,0.05250143700729243,0.2684351658241592,5,0.2159337288168668,1
trying,0.053034503432402125,0.2330131925330292,5,0.1799786891006271,1
far,0.05304236383587729,0.2323855868172371,5,0.1793432229813598,1
better,0.05305768110751449,0.2311497514667045,5,0.17809207035919,1
house,0.0530796985034408,0.2293423424304631,5,0.1762626439270223,1
things,0.0530796985034408,0.2293423424304631,5,0.1762626439270223,1
god,0.05310063991591771,0.2275874349627348,5,0.1744867950468171,1
bad,0.053157729794593794,0.2226071377740595,5,0.1694494079794657,1
found,0.05316936727953622,0.2215532441375704,5,0.1683838768580342,1
saw,0.05323717626746341,0.2151074324471886,5,0.1618702561797252,1
take,0.05336687811585289,0.2008190393883608,5,0.1474521612725079,1
my,0.053385071387793,0.2849522560294085,36,0.2315671846416155,9
had,0.05657084531168477,0.2849805617368761,18,0.2284097164251913,4
say,0.05726163035983631,0.2671069875520589,14,0.2098453571922226,3
about,0.062220186369684294,0.2679674567428005,23,0.2057472703731162,5
would,0.06297119506658921,0.2533320794697774,19,0.1903608844031882,4
his,0.06638951684260469,0.4018955450203755,45,0.3355060281777708,10
gets,0.06775478207890409,0.2758882761049732,6,0.2081334940260691,1
weeks,0.06792030601303622,0.2692131501125408,6,0.2012928440995046,1
left,0.0683197927287138,0.2515810121136826,6,0.1832612193849688,1
again,0.0685384094608168,0.2407351305584903,6,0.1721967210976735,1
too,0.068936248775891,0.2482114079280115,11,0.1792751591521205,2
few,0.06901671689002531,0.2439845252609459,11,0.1749678083709206,2
own,0.06905573405463372,0.2093159464087432,6,0.1402602123541095,1
over,0.06918752553962348,0.1990526717312369,6,0.1298651461916134,1
him,0.06923517203485363,0.3981794333598364,38,0.3289442613249828,8
not,0.07479668172104267,0.2735757943163469,30,0.1987791125953042,6
right,0.07673514834235451,0.2791892977325816,12,0.2024541493902271,2
school,0.0775780360722218,0.245762252299744,12,0.1681842162275222,2
when,0.0786919673630779,0.2786012441732314,22,0.1999092768101535,4
says,0.08139575539285732,0.2710655675959852,7,0.1896698122031279,1
nothing,0.08212962131065851,0.2439998774903837,7,0.1618702561797252,1
ever,0.0824111547822885,0.2317916532001716,7,0.1493804984178831,1
hope,0.08254963965812898,0.2252388348948494,7,0.1426891952367204,1
what,0.08963797730678172,0.2627176681051585,19,0.1730796907983768,3
person,0.09378102626871182,0.262164903126746,8,0.1683838768580342,1
negro,0.09379745107426482,0.261655366015887,8,0.1678579149416222,1
yes,0.09392208652497519,0.2577252055227523,8,0.1638031189977771,1
anything,0.09403593192180049,0.2540309176950682,8,0.1599949857732677,1
maybe,0.09412785869726106,0.2509691055905672,8,0.1568412468933061,1
think,0.09524142626382041,0.2051914175092283,8,0.1099499912454079,1
said,0.0981742065588238,0.3080818812270229,15,0.2099076746681991,2
did,0.09824033768869958,0.3258558616445767,21,0.2276155239558771,3
then,0.0997757395367119,0.2675153887896063,15,0.1677396492528944,2
boy,0.10299344536493257,0.3052141517670974,9,0.2022207064021648,1
if,0.10645110907083602,0.3120276505060418,39,0.2055765414352058,6
how,0.10665465741441091,0.2656466990988649,16,0.158992041684454,2
other,0.11609380911436769,0.2258245137093504,10,0.1097307045949827,1
them,0.11712712541293681,0.1790504480269035,10,0.0619233226139667,1
into,0.1548527812201875,0.2847179274118009,15,0.1298651461916134,1
he,0.34391569702905284,0.6523775851441201,292,0.3084618881150673,10
