word,npmi-bias,he-npmi,he-count,they-npmi,they-count
they,-0.3943838488364668,0.1914014632236356,21,0.5857853120601024,1163
their,-0.2245758838487344,0.1185095728967177,6,0.3430854567454521,198
are,-0.1924702735044416,0.18731970956441,21,0.3797899830688516,369
come,-0.17347683537553993,0.0853510238673883,1,0.2588278592429282,37
re,-0.16161769216125152,0.148278745410627,3,0.3098964375718785,74
themselves,-0.1464310026182869,0.1246409694806751,1,0.271071972098962,28
were,-0.1442268862876383,0.1451731647628367,4,0.289400051050475,77
want,-0.13801650344260377,0.1283600997961968,3,0.2663766032388006,58
them,-0.13760498120124998,0.1790504480269035,10,0.3166554292281535,146
blacks,-0.13703326272565391,0.1120914194566537,2,0.2491246821823076,42
its,-0.1242532862338761,0.0578119201243179,1,0.182065206358194,21
kids,-0.11884260702423444,0.1388743673033785,3,0.2577169743276129,48
women,-0.1186819327445043,0.1054145089888328,1,0.2240964417333371,20
schools,-0.11857421806638821,0.1084355553839195,1,0.2270097734503077,20
do,-0.11525879946006787,0.2023034769179556,15,0.3175622763780235,168
pretty,-0.10956796925394138,0.1170602513090638,1,0.2266282205630052,18
whites,-0.10498582281338209,0.1544739431028826,5,0.2594597659162647,63
work,-0.10042509458770331,0.1019719286524134,1,0.2023970232401167,16
there,-0.09826840726565389,0.1293745577263232,7,0.2276429649919771,77
since,-0.09512741955235819,0.1054145089888328,1,0.200541928541191,15
learn,-0.09419722747501619,0.1382067522017294,1,0.2324039796767456,15
until,-0.0892397051833851,0.120731448408112,1,0.2099711535914971,14
child,-0.08917952353197839,0.1230464384271103,1,0.2122259619590887,14
each,-0.08917952353197839,0.1230464384271103,1,0.2122259619590887,14
living,-0.08339079883330039,0.1214932470685176,1,0.204884045901818,13
stupid,-0.08325616167453509,0.1271156669545797,1,0.2103718286291148,13
those,-0.08301875000182071,0.1543836702001945,4,0.2374024202020152,42
http,-0.0782308760904637,0.0499457923792223,1,0.128176668469686,12
friends,-0.07750379799928218,0.1036696241832601,1,0.1811734221825423,12
why,-0.07740927736527031,0.1554790789788752,3,0.2328883563441455,31
these,-0.07733918801718032,0.1666550833746634,5,0.2439942713918437,48
culture,-0.0769806022720454,0.1296981197092574,1,0.2066787219813028,12
act,-0.07604538267949348,0.1667447869857026,1,0.2427901696651961,12
n,-0.0749176940380393,0.2173676111503682,17,0.2922853051884075,135
our,-0.07422456927947571,0.1655469678569883,7,0.239771537136464,62
people,-0.07390794908833268,0.2018165227873521,13,0.2757244718756848,106
hate,-0.0737980410913012,0.1505333165098281,2,0.2243313576011293,21
give,-0.0736731958044961,0.1556564701612703,2,0.2293296659657664,21
race,-0.07191023947835579,0.133421214939728,3,0.2053314544180838,29
have,-0.07143585686486587,0.2544127505978315,36,0.3258486074626974,252
history,-0.0702823974848823,0.1305846688181157,1,0.200867066302998,11
parents,-0.0702823974848823,0.1305846688181157,1,0.200867066302998,11
rest,-0.0699142436156445,0.1481917723891737,1,0.2181060160048182,11
wo,-0.0697031782246576,0.1574014836242536,1,0.2271046618489112,11
think,-0.06772103985413419,0.2051914175092283,8,0.2729124573633625,66
can,-0.06435892377430052,0.2060374558719943,12,0.2703963796462948,91
such,-0.06343547142708571,0.104827463167343,1,0.1682629345944287,10
crime,-0.06327476965106558,0.1163519457282454,1,0.179626715379311,10
death,-0.0631217912176551,0.1262792757529701,1,0.1894010669706252,10
t,-0.06302156201159118,0.226015552872284,19,0.2890371148838752,135
negroes,-0.06290196033339798,0.1392339371976888,1,0.2021358975310868,10
get,-0.06177422818706982,0.2107767598371156,12,0.2725509880241854,89
really,-0.06119239585714431,0.1368242648557956,2,0.1980166607129399,18
irish,-0.06103106859857632,0.1463063352686766,2,0.2073374038672529,18
show,-0.059897425452501596,0.1815220120537514,4,0.241419437506253,33
ireland,-0.05652665246266489,0.1329727049055025,2,0.1894993573681674,17
free,-0.05554102325704091,0.0976559011878147,1,0.1531969244448556,9
nationalist,-0.055409357533921,0.1103213113293789,1,0.1657306688632999,9
days,-0.055372124868441994,0.1135982153697986,1,0.1689703402382406,9
guess,-0.05530502310391969,0.1192361348614164,1,0.1745411579653361,9
yet,-0.0552370852600404,0.1246409694806751,1,0.1798780547407155,9
whole,-0.055133399347537804,0.1323989222436762,1,0.187532321591214,9
alone,-0.055107287899774815,0.1342711901562243,1,0.1893784780559991,9
stuff,-0.0550798655917176,0.1362056013466759,1,0.1912854669383935,9
pass,-0.054918692901379906,0.1469916683588166,1,0.2019103612601965,9
kill,-0.05477354355354741,0.1559885191897013,1,0.2107620627432487,9
mine,-0.0547253099537712,0.1588516959120974,1,0.2135770058658686,9
seem,-0.0545234133556661,0.1702566504369363,1,0.2247800637926024,9
know,-0.05294824375851012,0.1980179852325126,8,0.2509662289910227,57
will,-0.05253195282867021,0.2309496408068444,18,0.2834815936355146,118
www,-0.05204595341610449,0.0777469309490085,2,0.129792884365113,16
any,-0.0517909035660728,0.1504602816662984,4,0.2022511852323712,30
live,-0.05169113385143889,0.1208540626737509,2,0.1725451965251898,16
look,-0.05148122329711141,0.1711183996095087,4,0.2225996229066201,30
start,-0.0514084224332772,0.1442942208639418,2,0.195702643297219,16
must,-0.05120349260466678,0.158696829921797,2,0.2099003225264638,16
non,-0.051049445332658205,0.1588193004961539,3,0.2098687458288121,23
makes,-0.050913767620861194,0.1767148446346726,2,0.2276286122555338,16
ll,-0.04833124527435678,0.1782268436906092,4,0.226558088964966,29
2,-0.04685027168283791,0.0799721664842618,1,0.1268224381670997,8
1,-0.04683300828799432,0.0832299992270129,1,0.1300630075150072,8
area,-0.04679475828442639,0.0898111578179486,1,0.136605916102375,8
everyone,-0.046547550689895106,0.1214932470685176,1,0.1680407977584127,8
problem,-0.0465327514585919,0.1230464384271103,1,0.1695791898857022,8
reason,-0.046407990793555204,0.1352303523296223,1,0.1816383431231775,8
others,-0.0463973402558866,0.1362056013466759,1,0.1826029416025625,8
ya,-0.04628712131438098,0.1458165370096662,1,0.1921036583240472,8
tried,-0.0462278148823585,0.1506716419301829,1,0.1968994568125414,8
course,-0.0462278148823585,0.1506716419301829,1,0.1968994568125414,8
races,-0.0462278148823585,0.1506716419301829,1,0.1968994568125414,8
group,-0.0460680966128664,0.1539015042924291,2,0.1999696009052955,15
control,-0.046060122537906895,0.1634484939149016,1,0.2095086164528085,8
body,-0.045989585256122095,0.1684719010074631,1,0.2144614862635852,8
sort,-0.0459638989628349,0.1702566504369363,1,0.2162205493997712,8
continue,-0.0459638989628349,0.1702566504369363,1,0.2162205493997712,8
bus,-0.0459638989628349,0.1702566504369363,1,0.2162205493997712,8
least,-0.045829700447219485,0.1718703412080863,2,0.2177000416553058,15
all,-0.044195987076207977,0.2516763394157666,26,0.2958723264919746,154
most,-0.04333934240796669,0.1519540781305787,3,0.1952934205385454,21
need,-0.04211356623114651,0.1679800363899763,4,0.2100936026211228,27
am,-0.040888878828643116,0.112703413552737,2,0.1535922923813801,14
great,-0.04087084915548131,0.1155268589033919,2,0.1563977080588732,14
be,-0.04056637499314658,0.2703685345409298,30,0.3109349095340764,171
hell,-0.04043890771282241,0.1645811272521478,2,0.2050200349649702,14
believe,-0.04039914481263021,0.1681150362466927,2,0.2085141810593229,14
started,-0.04008430018394832,0.1931503123652337,2,0.233234612549182,14
bunch,-0.039838906574999694,0.2100554752805851,2,0.2498943818555848,14
same,-0.03884850083361488,0.2047692037459095,6,0.2436177045795244,38
please,-0.03690068258448649,0.1042458708178899,1,0.1411465534023764,7
girl,-0.0368768379665118,0.1090577837769784,1,0.1459346217434902,7
high,-0.036863391040934806,0.1116112181907623,1,0.1484746092316971,7
true,-0.036726809547903916,0.1333275565200254,1,0.1700543660679293,7
future,-0.036712949695856395,0.1352303523296223,1,0.1719433020254787,7
light,-0.036712949695856395,0.1352303523296223,1,0.1719433020254787,7
goes,-0.03669830068233801,0.1371975268438515,1,0.1738958275261895,7
comes,-0.0366397279396464,0.1446652913734118,1,0.1813050193130582,7
stand,-0.036600009915643494,0.1494180136529049,1,0.1860180235685484,7
national,-0.03655444574087932,0.1546108140414885,1,0.1911652597823678,7
minority,-0.03654197718082211,0.1559885191897013,1,0.1925304963705234,7
eat,-0.03654197718082211,0.1559885191897013,1,0.1925304963705234,7
bring,-0.03648693136263231,0.1618727247361693,1,0.1983596560988016,7
anymore,-0.03648693136263231,0.1618727247361693,1,0.1983596560988016,7
numbers,-0.036384315696747216,0.1721033076466162,1,0.2084876233433634,7
simple,-0.03627156180283839,0.1824552746959061,1,0.2187268364987445,7
welfare,-0.0362162572544551,0.1872536620266978,1,0.2234699192811529,7
also,-0.03488706717688478,0.1489322998267673,3,0.1838193670036521,19
im,-0.03482317379069741,0.1338091862028425,2,0.1686323599935399,13
which,-0.03477712335277891,0.1631455603069277,3,0.1979226836597066,19
another,-0.03475422864258998,0.1442942208639418,2,0.1790484495065318,13
use,-0.03474719943415541,0.1452923157208958,2,0.1800395151550512,13
long,-0.03468891577816649,0.1732442576256842,3,0.2079331734038507,19
feel,-0.03466468367210221,0.1562526789912628,2,0.190917362663365,13
name,-0.0346598686601472,0.1568546939653642,2,0.1915145626255114,13
turn,-0.034350650688109996,0.1898850542052856,2,0.2242357048933956,13
been,-0.03409099840835969,0.1782588910259426,6,0.2123498894343023,36
find,-0.032859746617305396,0.1897398762893147,5,0.2225996229066201,30
take,-0.032751443531286895,0.2008190393883608,5,0.2335704829196477,30
as,-0.03250211901681199,0.2473580749232725,24,0.2798601939400845,130
every,-0.03125468365459319,0.2023031338207952,6,0.2335578174753884,35
own,-0.0311864997464934,0.2093159464087432,6,0.2405024461552366,35
no,-0.03075168800875619,0.2243899847440016,13,0.2551416727527578,72
government,-0.02997788091491599,0.200195138379056,3,0.230173019293972,18
us,-0.02877367304686501,0.2242825197807521,9,0.2530561928276171,50
coming,-0.028285054575390017,0.174242902957373,2,0.202527957532763,12
girls,-0.028256110011102703,0.1784226119702001,2,0.2066787219813028,12
talking,-0.0281446005077709,0.1931503123652337,2,0.2212949128730046,12
being,-0.0280078331733217,0.1761176566372516,4,0.2041254898105733,23
than,-0.027230028059533312,0.2141385972637255,8,0.2413686253232588,44
more,-0.02634574032945311,0.21908269325941,12,0.2454284335888631,64
org,-0.02580535316967149,0.1003187610200016,1,0.1261241141896731,6
music,-0.02578060531280431,0.1135982153697986,1,0.1393788206826029,6
attack,-0.025741490514730708,0.1279640196191445,1,0.1537055101338752,6
night,-0.025732972949467997,0.1305846688181157,1,0.1563176417675837,6
blue,-0.02570958559180339,0.1371975268438515,1,0.1629071124356549,6
stay,-0.025693533294797122,0.1413450250196306,1,0.1670385583144277,6
brothers,-0.025689156198263507,0.1424304572085385,1,0.168119613406802,6
mind,-0.025647620932443188,0.1519540008447359,1,0.1776016217771791,6
ok,-0.025641455976098293,0.1532665376034473,1,0.1789079935795456,6
earth,-0.025628330862068005,0.1559885191897013,1,0.1816168500517693,6
especially,-0.025614029895918877,0.1588516959120974,1,0.1844657258080163,6
football,-0.025606388854101575,0.1603413215322604,1,0.185947710386362,6
disgusting,-0.025606388854101575,0.1603413215322604,1,0.185947710386362,6
instead,-0.025606388854101575,0.1603413215322604,1,0.185947710386362,6
thousands,-0.025590008654785196,0.1634484939149016,1,0.1890385025696868,6
anyone,-0.025589929741538592,0.151270775193521,3,0.1768607049350596,17
pay,-0.02558121525138779,0.1650714711739678,1,0.1906526864253556,6
lost,-0.025562263182001305,0.1684719010074631,1,0.1940341641894644,6
often,-0.025504939963167023,0.1780655339314804,1,0.2035704738946474,6
playing,-0.025504939963167023,0.1780655339314804,1,0.2035704738946474,6
church,-0.025504939963167023,0.1780655339314804,1,0.2035704738946474,6
dogs,-0.025504939963167023,0.1780655339314804,1,0.2035704738946474,6
enemy,-0.02549132308327351,0.1802139995771872,1,0.2057053226604607,6
sitting,-0.02549132308327351,0.1802139995771872,1,0.2057053226604607,6
d,-0.0254868294249794,0.1737215264475171,3,0.1992083558724965,17
stories,-0.025476814105628798,0.1824552746959061,1,0.2079320888015349,6
muslims,-0.02546131436454882,0.1847983596268498,1,0.2102596739913986,6
cars,-0.02546131436454882,0.1847983596268498,1,0.2102596739913986,6
taught,-0.025407609905116396,0.1925515581348793,1,0.2179591680399957,6
ancestors,-0.025386761765913007,0.1954253217553395,1,0.2208120835212525,6
your,-0.02511595594165339,0.1634660558259603,9,0.1885820117676137,48
thing,-0.024124339941738182,0.1874104319877782,4,0.2115347719295164,22
much,-0.0230079415317484,0.2096529091548148,6,0.2326608506865632,32
because,-0.0219004458669238,0.2791726611453676,16,0.3010731070122914,81
looking,-0.021724712287018805,0.1244100767525769,2,0.1461347890395957,11
else,-0.021644343705713498,0.1599563250059945,2,0.181600668711708,11
yeah,-0.02155552297438529,0.1829248317824779,2,0.2044803547568632,11
place,-0.020518834057440705,0.1776748629899226,3,0.1981936970473633,16
against,-0.020511468227622814,0.1797485941312298,3,0.2002600623588526,16
funny,-0.020282268735060394,0.2268857074145697,3,0.2471679761496301,16
children,-0.02014870723114881,0.1916555784415737,4,0.2118042856727225,21
around,-0.018104556211215317,0.223001355238971,8,0.2411059114501863,40
just,-0.017422132493198628,0.2568752418783067,23,0.2742973743715053,110
many,-0.017233478859164097,0.1924551079565076,6,0.2096885868156717,30
good,-0.015792553974330603,0.1880003629706798,8,0.2037929169450104,39
off,-0.015667916317897268,0.2400178251332915,8,0.2556857414511888,39
com,-0.015300554970571215,0.1154258830699894,3,0.1307264380405606,15
when,-0.014722096193397705,0.2786012441732314,22,0.2933233403666291,103
english,-0.014358377104058323,0.1605959164370148,2,0.1749542935410731,10
fight,-0.014349182484379386,0.1718703412080863,2,0.1862195236924657,10
crap,-0.014325766965214815,0.1888372308782339,2,0.2031629978434487,10
or,-0.014237122018151582,0.2495235482573121,23,0.2637606702754637,107
out,-0.013114544648349213,0.2512296150141405,21,0.2643441596624897,97
dark,-0.012976917630702578,0.1458165370096662,1,0.1587934546403688,5
near,-0.012976863143115691,0.1446652913734118,1,0.1576421545165275,5
book,-0.012976763197561081,0.1435369152639026,1,0.1565136784614637,5
change,-0.012976619865843697,0.1506716419301829,1,0.1636482617960266,5
scum,-0.01297611104432081,0.1532665376034473,1,0.1662426486477681,5
rather,-0.01297611104432081,0.1532665376034473,1,0.1662426486477681,5
50,-0.01297611104432081,0.1532665376034473,1,0.1662426486477681,5
100,-0.012975959158357975,0.1392339371976888,1,0.1522098963560468,5
picture,-0.012975668137939295,0.1382067522017294,1,0.1511824203396687,5
blood,-0.012974991487582604,0.1362056013466759,1,0.1491805928342585,5
dumb,-0.012973486693359376,0.1603413215322604,1,0.1733148082256198,5
fighting,-0.01297268034795901,0.1618727247361693,1,0.1748454050841283,5
problems,-0.01297268034795901,0.1618727247361693,1,0.1748454050841283,5
8,-0.01297268034795901,0.1618727247361693,1,0.1748454050841283,5
fast,-0.01297176213758841,0.1634484939149016,1,0.17642025605249,5
mostly,-0.01297176213758841,0.1634484939149016,1,0.17642025605249,5
within,-0.012969551101666588,0.1667447869857026,1,0.1797143380873692,5
hours,-0.012969551101666588,0.1667447869857026,1,0.1797143380873692,5
figure,-0.012968235822856694,0.1684719010074631,1,0.1814401368303198,5
simply,-0.012965118728718722,0.1721033076466162,1,0.1850684263753349,5
violent,-0.012963284701526384,0.1740166493297413,1,0.1869799340312677,5
k,-0.012963284701526384,0.1740166493297413,1,0.1869799340312677,5
hopefully,-0.012963284701526384,0.1740166493297413,1,0.1869799340312677,5
wondering,-0.012961241785163113,0.1760020400449241,1,0.1889632818300872,5
account,-0.012958967594438014,0.1780655339314804,1,0.1910245015259184,5
eating,-0.012956436323351805,0.1802139995771872,1,0.193170435900539,5
question,-0.012956436323351805,0.1802139995771872,1,0.193170435900539,5
till,-0.012956436323351805,0.1802139995771872,1,0.193170435900539,5
pick,-0.012956436323351805,0.1802139995771872,1,0.193170435900539,5
kick,-0.012953618038466591,0.1824552746959061,1,0.1954088927343727,5
upon,-0.012950477783578301,0.1847983596268498,1,0.1977488374104281,5
beaten,-0.012943059201201618,0.1898333100014528,1,0.2027763692026544,5
faces,-0.012938673690571084,0.1925515581348793,1,0.2054902318254504,5
gotten,-0.012938673690571084,0.1925515581348793,1,0.2054902318254504,5
arms,-0.012933747274310209,0.1954253217553395,1,0.2083590690296497,5
accept,-0.012933747274310209,0.1954253217553395,1,0.2083590690296497,5
fall,-0.012933747274310209,0.1954253217553395,1,0.2083590690296497,5
whenever,-0.012928193550836298,0.1984748915997329,1,0.2114030851505692,5
pair,-0.012906549391931588,0.2089552952680086,1,0.2218618446599402,5
fools,-0.012886050170783897,0.2174693650254091,1,0.230355415196193,5
well,-0.012279742904620194,0.2025393912991246,7,0.2148191342037448,33
only,-0.011743684685155603,0.2368843237796826,11,0.2486280084648382,51
through,-0.009774950900190704,0.1945700118490484,3,0.2043449627492391,14
it,-0.0097712701221091,0.282676061060643,56,0.2924473311827521,246
talk,-0.009765402827265207,0.1771669507981736,3,0.1869323536254388,14
that,-0.009676251862723695,0.3028621838072919,60,0.3125384356700156,263
make,-0.009467197132523503,0.2199177681936865,7,0.22938496532621,32
to,-0.009012467157754112,0.3514753794923577,128,0.3604878466501118,550
over,-0.007785595395996603,0.1990526717312369,6,0.2068382671272335,27
different,-0.007272016545252807,0.2221748637061897,4,0.2294468802514425,18
something,-0.007231369968903917,0.1899237975322404,4,0.1971551675011443,18
watch,-0.007202713780863207,0.1747476949277644,4,0.1819504087086276,18
but,-0.007048501393002504,0.2636441465050679,28,0.2706926478980704,122
how,-0.006597371456802614,0.2656466990988649,16,0.2722440705556675,70
law,-0.006474473274060005,0.1966171930697205,2,0.2030916663437805,9
age,-0.006472853609731016,0.1954375076504655,2,0.2019103612601965,9
already,-0.0064615837073842,0.1878083830693084,2,0.1942699667766926,9
run,-0.006452072661970093,0.1819959849433494,2,0.1884480576053195,9
teachers,-0.006444280141171099,0.177562498760735,2,0.1840067789019061,9
best,-0.006423171288591212,0.1666764954370398,2,0.173099666725631,9
story,-0.006414448595128602,0.162555891643112,2,0.1689703402382406,9
city,-0.006401716539532698,0.1568546939653642,2,0.1632564105048969,9
town,-0.006393453450845299,0.1533273618275327,2,0.159720815278378,9
doing,-0.005689194926926794,0.2464113977169987,5,0.2521005926439255,22
better,-0.005667903905674204,0.2311497514667045,5,0.2368176553723787,22
what,-0.004046907579393799,0.2627176681051585,19,0.2667645756845523,81
actually,-0.003906915968809599,0.1864189774357781,3,0.1903258934045877,13
never,-0.0036128742591211016,0.2123697878755924,7,0.2159826621347135,30
you,-0.0031342296909354916,0.2241099673571392,32,0.2272441970480747,135
way,-0.0029641248866397185,0.2213519120831723,8,0.224316036969812,34
let,-0.0024940386631321088,0.1857874802982196,4,0.1882815189613517,17
of,-0.001882184787193819,0.3190170936566082,91,0.320899278443802,377
here,-0.0018437437904010034,0.1950122911660209,10,0.1968560349564219,42
little,-0.0016774292075553976,0.2101268564651671,5,0.2118042856727225,21
in,-0.0007831847280118098,0.3068139413991058,76,0.3075971261271176,313
like,0.00010009428673340981,0.2765718254354235,30,0.2764717311486901,123
not,0.00011779347062329526,0.2735757943163469,30,0.2734580008457236,123
deserve,0.0018470618235036096,0.222381851321548,1,0.2205347894980444,4
married,0.0018879495053312212,0.2130221037729962,1,0.211134154267665,4
kinda,0.001905853765201998,0.2089552952680086,1,0.2070494415028066,4
asking,0.0019224357984400087,0.2052057148099754,1,0.2032832790115354,4
press,0.0019378930903574954,0.2017249076957935,1,0.199787014605436,4
literally,0.0019378930903574954,0.2017249076957935,1,0.199787014605436,4
walking,0.0019523810235677896,0.1984748915997329,1,0.1965225105761651,4
names,0.001966024165787089,0.1954253217553395,1,0.1934592975895524,4
putting,0.001966024165787089,0.1954253217553395,1,0.1934592975895524,4
standing,0.001966024165787089,0.1954253217553395,1,0.1934592975895524,4
acting,0.0019815563818710857,0.2349380858114451,2,0.232956529429574,8
views,0.0019815563818710857,0.2349380858114451,2,0.232956529429574,8
germans,0.0019911643183035954,0.1898333100014528,1,0.1878421456831492,4
date,0.002002815214466991,0.1872536620266978,1,0.1852508468122308,4
jail,0.0020139358870635005,0.1847983596268498,1,0.1827844237397863,4
rape,0.0020139358870635005,0.1847983596268498,1,0.1827844237397863,4
worst,0.0020139358870635005,0.1847983596268498,1,0.1827844237397863,4
aids,0.0020139358870635005,0.1847983596268498,1,0.1827844237397863,4
humans,0.002024576837563019,0.1824552746959061,1,0.1804306978583431,4
ape,0.002024576837563019,0.1824552746959061,1,0.1804306978583431,4
surprised,0.002034781507585598,0.1802139995771872,1,0.1781792180696016,4
dna,0.002034781507585598,0.1802139995771872,1,0.1781792180696016,4
throw,0.0020445875505235855,0.1780655339314804,1,0.1760209463809568,4
mention,0.0020445875505235855,0.1780655339314804,1,0.1760209463809568,4
shame,0.0020445875505235855,0.1780655339314804,1,0.1760209463809568,4
boys,0.0020445875505235855,0.1780655339314804,1,0.1760209463809568,4
second,0.0020524223436166056,0.2200927067126292,2,0.2180402843690126,8
slavic,0.0020631311963049126,0.1740166493297413,1,0.1719535181334364,4
happens,0.0020631311963049126,0.1740166493297413,1,0.1719535181334364,4
attention,0.0020631311963049126,0.1740166493297413,1,0.1719535181334364,4
add,0.0020719231441194974,0.1721033076466162,1,0.1700313845024967,4
number,0.002088660843807294,0.1684719010074631,1,0.1663832401636558,4
force,0.0020935089686636987,0.2116021254214722,2,0.2095086164528085,8
animals,0.00209664486679792,0.1667447869857026,1,0.1646481421189047,4
reading,0.0021043946390112978,0.1650714711739678,1,0.1629670765349565,4
fish,0.0021043946390112978,0.1650714711739678,1,0.1629670765349565,4
bit,0.002119248834778681,0.1618727247361693,1,0.1597534759013906,4
words,0.0021333254573938087,0.1588516959120974,1,0.1567183704547036,4
example,0.0021333254573938087,0.1588516959120974,1,0.1567183704547036,4
walk,0.0021333254573938087,0.1588516959120974,1,0.1567183704547036,4
quite,0.0021400992505757888,0.1574014836242536,1,0.1552613843736778,4
several,0.0021656392841911953,0.1519540008447359,1,0.1497883615605447,4
using,0.002189035889610419,0.1469916683588166,1,0.1448026324692062,4
face,0.002195122228765889,0.1909526217506602,2,0.1887574995218943,8
30,0.0022000474385329982,0.1446652913734118,1,0.1424652439348788,4
st,0.002215811014749297,0.1413450250196306,1,0.1391292140048813,4
proud,0.0022208268300171197,0.1858047603564353,2,0.1835839335264182,8
000,0.002249582046552706,0.1342711901562243,1,0.1320216081096716,4
might,0.0022535041779561116,0.2072364295485747,3,0.2049829253706186,12
skin,0.0022749807894373864,0.1750554028743826,2,0.1727804220849452,8
canada,0.002287184266699216,0.1726506828225906,2,0.1703634985558914,8
send,0.002295070281798983,0.1711001198388357,2,0.1688050495570367,8
probably,0.002297733752291087,0.2193586564694832,4,0.2170609227171921,16
europe,0.002306551198986706,0.1688474492254997,2,0.166540898026513,8
check,0.002321258182346575,0.1659699231990525,2,0.1636486650167059,8
white,0.0024075872850219393,0.2657242016696104,36,0.2633166143845885,145
world,0.002510248567659995,0.1807754121735431,4,0.1782651636058831,16
now,0.0026252801399286874,0.2158726057943222,8,0.2132473256543935,32
for,0.002656954499960118,0.2682361341607829,43,0.2655791796608228,173
by,0.0028406467757537135,0.2307237338936239,14,0.2278830871178702,56
and,0.0032093366976768123,0.3669835250093558,134,0.363774188311679,538
then,0.004336955322357616,0.2675153887896063,15,0.2631784334672487,59
we,0.004748131209928008,0.2081836817200336,16,0.2034355505101056,63
could,0.0054327254700757,0.2279052112852753,8,0.2224724858151996,31
still,0.007621293708008403,0.2005936206968247,4,0.1929723269888163,15
sound,0.008749735937194192,0.2305332911094056,3,0.2217835551722114,11
cant,0.008842393003804683,0.2192076046444676,3,0.2103652116406629,11
cause,0.008889742450840926,0.2133700972077041,3,0.2044803547568632,11
end,0.00891162140947549,0.210661111720372,3,0.2017494903108965,11
dont,0.009016711631437607,0.2287974584719686,7,0.219780746840531,26
family,0.009081053115538612,0.1894262605098467,3,0.1803452073943081,11
love,0.0090858928052647,0.1888128644372828,3,0.1797269716320181,11
about,0.00911567475927988,0.2679674567428005,23,0.2588517819835206,87
ve,0.010102833962449098,0.2026065063630896,6,0.1925036724006405,22
up,0.010627401916333101,0.2681989987870025,22,0.2575715968706694,82
things,0.01105381032552949,0.2293423424304631,5,0.2182885321049336,18
keep,0.011097805608919903,0.2247707003164845,5,0.2136728947075646,18
before,0.011261104063194805,0.2075661208540629,5,0.1963050167908681,18
destroy,0.011393059141498102,0.2429360261603897,2,0.2315429670188916,7
go,0.011466638419524028,0.2607799741046443,15,0.2493133356851203,55
consider,0.01149056162820522,0.2325337179490334,2,0.2210431563208282,7
allowed,0.011551563844537788,0.2259375677820864,2,0.2143860039375486,7
indeed,0.011681934110137793,0.2116021254214722,2,0.1999201913113344,7
gay,0.011735038282083887,0.2056655459948584,2,0.1939305077127745,7
die,0.011747376661434994,0.2042778730319584,2,0.1925304963705234,7
ask,0.01177107078228859,0.2016040666103639,2,0.1898329958280753,7
b,0.011793566730685212,0.1990544259213837,2,0.1872608591906985,7
exactly,0.011804402654662982,0.1978224262232114,2,0.1860180235685484,7
either,0.011854956811768902,0.1920407509762043,2,0.1801857941644354,7
pride,0.01188275645586831,0.1888372308782339,2,0.1769544744223656,7
students,0.011891652644363981,0.1878083830693084,2,0.1759167304249444,7
black,0.011948763540982621,0.2599833813150044,18,0.2480346177740218,66
front,0.01196466397602608,0.1792955852167742,2,0.1673309212407481,7
nation,0.011979397627489285,0.177562498760735,2,0.1655831011332457,7
lol,0.0120074956283088,0.174242902957373,2,0.1622354073290642,7
5,0.012136928207893916,0.158696829921797,2,0.1465599017139031,7
i,0.012454084998949289,0.2804425706745275,83,0.2679884856755782,315
other,0.012618992232802079,0.2258245137093504,10,0.2132055214765483,36
money,0.012999157719959575,0.2160162220575436,4,0.203017064337584,14
tell,0.013012134359817101,0.2147298147824867,4,0.2017176804226696,14
ca,0.013049330216345412,0.2110274516479782,4,0.1979781214316328,14
the,0.013356369711248706,0.359651211376102,159,0.3462948416648533,607
even,0.013397448148116414,0.2346621085844964,9,0.22126466043638,32
who,0.014183318795821298,0.2473322684282952,17,0.2331489496324739,61
where,0.015030065446536706,0.243673657466446,10,0.2286435920199093,35
so,0.015572878355864128,0.2970331192325622,32,0.2814602408766981,115
racist,0.0156824583063786,0.2336474547550918,5,0.2179649964487132,17
say,0.015789581076738612,0.2671069875520589,14,0.2513174064753203,49
home,0.015991540647750296,0.2291642487050512,7,0.2131727080573009,24
if,0.01630289005918273,0.3120276505060418,39,0.2957247604468591,140
read,0.0165183372486849,0.1751752354736034,3,0.1586568982249185,10
at,0.017915956639729613,0.2621653549502092,24,0.2442493983104796,84
care,0.018626579409849603,0.2332590748330901,4,0.2146324954232405,13
men,0.018787720699959515,0.2207500126645353,4,0.2019622919645758,13
this,0.0188355898255253,0.2443811242131975,31,0.2255455343876722,109
next,0.018917229408748515,0.2104317920342599,4,0.1915145626255114,13
pretending,0.02006934812929201,0.241385611753937,1,0.221316263624645,3
housing,0.02006934812929201,0.241385611753937,1,0.221316263624645,3
confused,0.02006934812929201,0.241385611753937,1,0.221316263624645,3
experiences,0.02006934812929201,0.241385611753937,1,0.221316263624645,3
lips,0.02016455042146051,0.234125090348718,1,0.2139605399272575,3
positive,0.02016455042146051,0.234125090348718,1,0.2139605399272575,3
basketball,0.02016455042146051,0.234125090348718,1,0.2139605399272575,3
served,0.02016455042146051,0.234125090348718,1,0.2139605399272575,3
mob,0.02024502497209879,0.2278770964950076,1,0.2076320715229088,3
rebel,0.02024502497209879,0.2278770964950076,1,0.2076320715229088,3
pathetic,0.02024502497209879,0.2278770964950076,1,0.2076320715229088,3
blind,0.020314694897031305,0.222381851321548,1,0.2020671564245167,3
sheep,0.020314694897031305,0.222381851321548,1,0.2020671564245167,3
trip,0.0203760979399438,0.2174693650254091,1,0.1970932670854653,3
thus,0.0203760979399438,0.2174693650254091,1,0.1970932670854653,3
innocent,0.0203760979399438,0.2174693650254091,1,0.1970932670854653,3
whitey,0.020430970885036426,0.2130221037729962,1,0.1925911328879598,3
turns,0.020430970885036426,0.2130221037729962,1,0.1925911328879598,3
dressed,0.020430970885036426,0.2130221037729962,1,0.1925911328879598,3
vile,0.020430970885036426,0.2130221037729962,1,0.1925911328879598,3
therefore,0.020430970885036426,0.2130221037729962,1,0.1925911328879598,3
generally,0.020430970885036426,0.2130221037729962,1,0.1925911328879598,3
dating,0.020430970885036426,0.2130221037729962,1,0.1925911328879598,3
absolute,0.020430970885036426,0.2130221037729962,1,0.1925911328879598,3
lazy,0.020430970885036426,0.2130221037729962,1,0.1925911328879598,3
carrying,0.020480554896162906,0.2089552952680086,1,0.1884747403718457,3
aid,0.020480554896162906,0.2089552952680086,1,0.1884747403718457,3
hearing,0.020525767887022317,0.2052057148099754,1,0.1846799469229531,3
houston,0.020525767887022317,0.2052057148099754,1,0.1846799469229531,3
terrible,0.020525767887022317,0.2052057148099754,1,0.1846799469229531,3
feeling,0.02056730789149608,0.2017249076957935,1,0.1811575998042974,3
bigger,0.02056730789149608,0.2017249076957935,1,0.1811575998042974,3
came,0.020569597683094992,0.2355917586294029,5,0.2150221609463079,16
tells,0.0206057181435865,0.1984748915997329,1,0.1778691734561464,3
males,0.0206057181435865,0.1984748915997329,1,0.1778691734561464,3
songs,0.0206057181435865,0.1984748915997329,1,0.1778691734561464,3
ing,0.0206057181435865,0.1984748915997329,1,0.1778691734561464,3
service,0.02064142972326921,0.1954253217553395,1,0.1747838920320703,3
charge,0.02067479045478321,0.1925515581348793,1,0.1718767676800961,3
strange,0.020706085055957196,0.1898333100014528,1,0.1691272249454956,3
expect,0.020706085055957196,0.1898333100014528,1,0.1691272249454956,3
ghetto,0.020706085055957196,0.1898333100014528,1,0.1691272249454956,3
fine,0.020706085055957196,0.1898333100014528,1,0.1691272249454956,3
didnt,0.020706085055957196,0.1898333100014528,1,0.1691272249454956,3
defense,0.020706085055957196,0.1898333100014528,1,0.1691272249454956,3
modern,0.020706085055957196,0.1898333100014528,1,0.1691272249454956,3
bbc,0.020706085055957196,0.1898333100014528,1,0.1691272249454956,3
average,0.020735549537033104,0.1872536620266978,1,0.1665181124896647,3
streets,0.020735549537033104,0.1872536620266978,1,0.1665181124896647,3
gang,0.020735549537033104,0.1872536620266978,1,0.1665181124896647,3
notice,0.02076338171284739,0.1847983596268498,1,0.1640349779140024,3
correct,0.02076338171284739,0.1847983596268498,1,0.1640349779140024,3
reality,0.02076338171284739,0.1847983596268498,1,0.1640349779140024,3
military,0.020789749023295112,0.1824552746959061,1,0.161665525672611,3
thousand,0.020789749023295112,0.1824552746959061,1,0.161665525672611,3
norway,0.020789749023295112,0.1824552746959061,1,0.161665525672611,3
art,0.020814794449148105,0.1802139995771872,1,0.1593992051280391,3
student,0.02083864105418859,0.1780655339314804,1,0.1572268928772918,3
drink,0.02083864105418859,0.1780655339314804,1,0.1572268928772918,3
hide,0.0208613955195526,0.1760020400449241,1,0.1551406445253715,3
moment,0.020883150927275718,0.1740166493297413,1,0.1531334984024656,3
door,0.020923981766835603,0.1702566504369363,1,0.1493326686701007,3
save,0.020923981766835603,0.1702566504369363,1,0.1493326686701007,3
muslim,0.02094319324332658,0.1684719010074631,1,0.1475287077641365,3
movies,0.02094319324332658,0.1684719010074631,1,0.1475287077641365,3
alot,0.020961680382277997,0.1667447869857026,1,0.1457831066034246,3
britain,0.02097949416706052,0.1650714711739678,1,0.1440919770069073,3
agree,0.02099668039967631,0.1634484939149016,1,0.1424518135152253,3
education,0.02101328037933689,0.1618727247361693,1,0.1408594443568324,3
looked,0.021044867601121703,0.1588516959120974,1,0.1378068283109757,3
none,0.021044867601121703,0.1588516959120974,1,0.1378068283109757,3
radio,0.021059919644029507,0.1574014836242536,1,0.1363415639802241,3
set,0.021088681877920595,0.1546108140414885,1,0.1335221321635679,3
places,0.021115816678725002,0.1519540008447359,1,0.1308381841660109,3
gone,0.021128827290641805,0.1506716419301829,1,0.1295428146395411,3
song,0.021165851096684507,0.1469916683588166,1,0.1258258172621321,3
2508,0.021165851096684507,0.1469916683588166,1,0.1258258172621321,3
lots,0.021252360941815193,0.1382067522017294,1,0.1169543912599142,3
forum,0.0216087158530653,0.0987076831979309,1,0.0770989673448656,3
sure,0.022060521030494884,0.2391031774370448,6,0.2170426564065499,19
try,0.022107988327262296,0.2359644277937728,6,0.2138564394665105,19
suppose,0.022164923344954485,0.2401240913849502,2,0.2179591680399957,6
sell,0.02220342038599149,0.2374635912807838,2,0.2152601708947923,6
down,0.022239415867264994,0.2387045937204702,9,0.2164651778532052,29
claim,0.022306606632938986,0.2302386954344739,2,0.2079320888015349,6
certain,0.022337574192709098,0.2280428968531698,2,0.2057053226604607,6
forced,0.022367093887438988,0.2259375677820864,2,0.2035704738946474,6
bet,0.022395293461077187,0.2239150833069232,2,0.201519789845846,6
cross,0.0224481648360437,0.2200927067126292,2,0.1976445418765855,6
chinese,0.022519960209721412,0.2148367257055479,2,0.1923167654958265,6
perhaps,0.022542172762809787,0.2131948591881654,2,0.1906526864253556,6
action,0.022542172762809787,0.2131948591881654,2,0.1906526864253556,6
worse,0.022584360187172914,0.2100554752805851,2,0.1874711150934122,6
important,0.022604429772534906,0.2085521401588969,2,0.185947710386362,6
thinking,0.022604429772534906,0.2085521401588969,2,0.185947710386362,6
o,0.02264272554563629,0.2056655459948584,2,0.1830228204492221,6
understand,0.02264272554563629,0.2056655459948584,2,0.1830228204492221,6
making,0.0226610229801891,0.2042778730319584,2,0.1816168500517693,6
case,0.022678795939325286,0.2029246413330576,2,0.1802458453937323,6
later,0.022745182411209403,0.1978224262232114,2,0.175077243812002,6
don,0.022805106933644403,0.1931503123652337,2,0.1703452054315893,6
job,0.022846495890857882,0.1898850542052856,2,0.1670385583144277,6
guys,0.022921696217237997,0.1838688748193491,2,0.1609471786021111,6
nice,0.023085797556287896,0.1703397401910392,2,0.1472539426347513,6
meet,0.023137320360988894,0.1659699231990525,2,0.1428326028380636,6
on,0.023740233337698924,0.3008782192383364,51,0.2771379859006375,175
see,0.023771825570362726,0.233669356046302,13,0.2098975304759393,42
thats,0.023776304300421686,0.2280748245219483,3,0.2042985202215266,9
along,0.023876654997150387,0.2212956721025283,3,0.1974190171053779,9
food,0.023921978589355103,0.2181919453660477,3,0.1942699667766926,9
everything,0.023936465299757514,0.2171942397830345,3,0.193257774483277,9
small,0.024124229079921206,0.2040022838206367,3,0.1798780547407155,9
called,0.024135129815778283,0.2032209159311311,3,0.1790857861153528,9
would,0.024418799991187318,0.2533320794697774,19,0.2289132794785901,62
behind,0.024664549953215514,0.2437793527132703,4,0.2191148027600548,12
with,0.024711961228414514,0.3137730160062972,47,0.2890610547778827,159
etc,0.024995592837593006,0.2229004049093416,4,0.1979048120717486,12
school,0.025074925225507305,0.245762252299744,12,0.2206873270742367,38
stop,0.02511045795803321,0.2153695751797306,4,0.1902591172216974,12
someone,0.025385204852474003,0.1966753080076791,4,0.1712901031552051,12
one,0.025611018239142108,0.2634512858759837,21,0.2378402676368416,68
time,0.027070204478847587,0.2349508552914493,11,0.2078806508126017,34
ever,0.027411407486149286,0.2317916532001716,7,0.2043802457140223,21
hope,0.027524115086919793,0.2252388348948494,7,0.1977147198079296,21
some,0.029960580888004684,0.2467560713754371,16,0.2167954904874324,49
left,0.0309781473424435,0.2515810121136826,6,0.2206028647712391,17
trying,0.03129551211035961,0.2330131925330292,5,0.2017176804226696,14
god,0.031396801287853215,0.2275874349627348,5,0.1961906336748816,14
jews,0.03147399975609058,0.235335439391138,7,0.2038614396350474,20
power,0.03241344953270961,0.2280748245219483,3,0.1956613749892387,8
class,0.03253817258063399,0.2212956721025283,3,0.1887574995218943,8
help,0.03295751960481008,0.1973163724434777,3,0.1643588528386676,8
should,0.03391065022309059,0.2942617995514562,19,0.2603511493283656,56
minute,0.03445047147721178,0.2490972846048511,2,0.2146468131276393,5
asked,0.03482980270010119,0.2302386954344739,2,0.1954088927343727,5
decided,0.0348724609526308,0.2280428968531698,2,0.193170435900539,5
families,0.03498882616113441,0.2219687601924021,2,0.1869799340312677,5
evil,0.035090957453439514,0.2165310942837593,2,0.1814401368303198,5
lives,0.035090957453439514,0.2165310942837593,2,0.1814401368303198,5
according,0.035090957453439514,0.2165310942837593,2,0.1814401368303198,5
social,0.03512238761817871,0.2148367257055479,2,0.1797143380873692,5
immigration,0.03518186936898218,0.2116021254214722,2,0.17642025605249,5
hands,0.03518186936898218,0.2116021254214722,2,0.17642025605249,5
laugh,0.03518186936898218,0.2116021254214722,2,0.17642025605249,5
three,0.03533807560699101,0.2029246413330576,2,0.1675865657260666,5
article,0.03538410266325842,0.2003145023630354,2,0.164930399699777,5
head,0.035527072514740604,0.1920407509762043,2,0.1565136784614637,5
country,0.035569502964330396,0.2345049011799161,8,0.1989353982155857,22
first,0.03599725274407248,0.2248933923649319,7,0.1888961396208594,19
thread,0.03647126355196019,0.1289429224898053,2,0.0924716589378451,5
new,0.03658834623280019,0.1945849825756717,7,0.1579966363428715,19
times,0.037507732350019196,0.2155803228242201,5,0.1780725904742009,13
after,0.038400450189062685,0.2624944699319864,9,0.2240940197429237,24
put,0.03847290609705878,0.2595530683330365,9,0.2210801622359777,24
soon,0.038928817893612494,0.2243789101419821,4,0.1854500922483696,10
brown,0.0391552602308905,0.2134703315327301,4,0.1743150713018396,10
maybe,0.03916481991784468,0.2509691055905672,8,0.2118042856727225,21
very,0.0398905915650076,0.2192127979620017,8,0.1793222063969941,21
wonder,0.0411484212393442,0.2483654470101704,6,0.2072170257708262,15
again,0.041332607860880194,0.2407351305584903,6,0.1994025226976101,15
m,0.04146660486320719,0.1789245045997037,7,0.1374578997364965,18
scene,0.04158662700664781,0.2482467641767511,3,0.2066601371701033,7
cannot,0.041972316283030886,0.2318053121111062,3,0.1898329958280753,7
wanted,0.04218384400666972,0.2223696381711051,3,0.1801857941644354,7
almost,0.042317990124765975,0.2162138176509555,3,0.1738958275261895,7
call,0.042378932798200514,0.2133700972077041,3,0.1709911644095036,7
point,0.04247292702626848,0.2089234480155795,3,0.166450520989311,7
half,0.0426377625618303,0.2009371766938326,3,0.1582994141320023,7
years,0.042793361940954705,0.2335502791376422,9,0.1907569171966875,23
day,0.04286472200953201,0.2305833719742898,9,0.1877186499647578,23
may,0.04341843661530698,0.2323855868172371,5,0.1889671502019301,12
house,0.0434904847095442,0.2293423424304631,5,0.1858518577209189,12
always,0.0435696770023169,0.2396592645832495,8,0.1960895875809326,20
bad,0.0436472167308197,0.2226071377740595,5,0.1789599210432398,12
phd,0.04407609543853888,0.2758851054843536,1,0.2318090100458147,2
backward,0.04407609543853888,0.2758851054843536,1,0.2318090100458147,2
utilities,0.04407609543853888,0.2758851054843536,1,0.2318090100458147,2
verdict,0.04407609543853888,0.2758851054843536,1,0.2318090100458147,2
smash,0.04407609543853888,0.2758851054843536,1,0.2318090100458147,2
pouring,0.04407609543853888,0.2758851054843536,1,0.2318090100458147,2
jose,0.04447368006017849,0.2610138323762697,1,0.2165401523160912,2
equipment,0.04447368006017849,0.2610138323762697,1,0.2165401523160912,2
wouldnt,0.04447368006017849,0.2610138323762697,1,0.2165401523160912,2
payments,0.04447368006017849,0.2610138323762697,1,0.2165401523160912,2
fool,0.04447368006017849,0.2610138323762697,1,0.2165401523160912,2
livestock,0.04447368006017849,0.2610138323762697,1,0.2165401523160912,2
few,0.04458163550275451,0.2439845252609459,11,0.1994028897581914,28
promise,0.044753224715612994,0.2500865766313553,1,0.2053333519157423,2
societies,0.044753224715612994,0.2500865766313553,1,0.2053333519157423,2
quebec,0.044753224715612994,0.2500865766313553,1,0.2053333519157423,2
maintain,0.044753224715612994,0.2500865766313553,1,0.2053333519157423,2
instinct,0.044753224715612994,0.2500865766313553,1,0.2053333519157423,2
told,0.044856226459677684,0.2961685152037671,9,0.2513122887440894,22
brethren,0.044968196013358,0.241385611753937,1,0.196417415740579,2
intended,0.044968196013358,0.241385611753937,1,0.196417415740579,2
chocolate,0.044968196013358,0.241385611753937,1,0.196417415740579,2
harm,0.044968196013358,0.241385611753937,1,0.196417415740579,2
wisdom,0.044968196013358,0.241385611753937,1,0.196417415740579,2
dat,0.044968196013358,0.241385611753937,1,0.196417415740579,2
two,0.045080362726173495,0.2325624175876295,7,0.187482054861456,17
baseball,0.045142414445376394,0.234125090348718,1,0.1889826759033416,2
piss,0.045142414445376394,0.234125090348718,1,0.1889826759033416,2
herd,0.045142414445376394,0.234125090348718,1,0.1889826759033416,2
pregnant,0.045142414445376394,0.234125090348718,1,0.1889826759033416,2
federal,0.045142414445376394,0.234125090348718,1,0.1889826759033416,2
tattoos,0.045142414445376394,0.234125090348718,1,0.1889826759033416,2
wore,0.045142414445376394,0.234125090348718,1,0.1889826759033416,2
desert,0.045142414445376394,0.234125090348718,1,0.1889826759033416,2
daddy,0.045142414445376394,0.234125090348718,1,0.1889826759033416,2
allowing,0.04528857939745759,0.2278770964950076,1,0.18258851709755,2
neo,0.04528857939745759,0.2278770964950076,1,0.18258851709755,2
handed,0.04528857939745759,0.2278770964950076,1,0.18258851709755,2
remind,0.04528857939745759,0.2278770964950076,1,0.18258851709755,2
smile,0.04528857939745759,0.2278770964950076,1,0.18258851709755,2
chosen,0.04528857939745759,0.2278770964950076,1,0.18258851709755,2
untill,0.04528857939745759,0.2278770964950076,1,0.18258851709755,2
busy,0.045414264004883104,0.222381851321548,1,0.1769675873166649,2
odd,0.045414264004883104,0.222381851321548,1,0.1769675873166649,2
episode,0.045414264004883104,0.222381851321548,1,0.1769675873166649,2
played,0.045414264004883104,0.222381851321548,1,0.1769675873166649,2
multi,0.045414264004883104,0.222381851321548,1,0.1769675873166649,2
rain,0.045414264004883104,0.222381851321548,1,0.1769675873166649,2
boyfriend,0.045414264004883104,0.222381851321548,1,0.1769675873166649,2
sold,0.045414264004883104,0.222381851321548,1,0.1769675873166649,2
goyim,0.0455243473259061,0.2174693650254091,1,0.171945017699503,2
opposed,0.0455243473259061,0.2174693650254091,1,0.171945017699503,2
corps,0.0455243473259061,0.2174693650254091,1,0.171945017699503,2
fits,0.0455243473259061,0.2174693650254091,1,0.171945017699503,2
council,0.0455243473259061,0.2174693650254091,1,0.171945017699503,2
entertainment,0.0455243473259061,0.2174693650254091,1,0.171945017699503,2
raped,0.0455243473259061,0.2174693650254091,1,0.171945017699503,2
position,0.0455243473259061,0.2174693650254091,1,0.171945017699503,2
islamic,0.0455243473259061,0.2174693650254091,1,0.171945017699503,2
hated,0.0455243473259061,0.2174693650254091,1,0.171945017699503,2
quit,0.0455243473259061,0.2174693650254091,1,0.171945017699503,2
push,0.0455243473259061,0.2174693650254091,1,0.171945017699503,2
types,0.0456221563671034,0.2130221037729962,1,0.1673999474058928,2
kiss,0.0456221563671034,0.2130221037729962,1,0.1673999474058928,2
walked,0.0456221563671034,0.2130221037729962,1,0.1673999474058928,2
disease,0.0456221563671034,0.2130221037729962,1,0.1673999474058928,2
likes,0.0456221563671034,0.2130221037729962,1,0.1673999474058928,2
mentioned,0.0456221563671034,0.2130221037729962,1,0.1673999474058928,2
refugees,0.0456221563671034,0.2130221037729962,1,0.1673999474058928,2
moscow,0.0456221563671034,0.2130221037729962,1,0.1673999474058928,2
schooling,0.0456221563671034,0.2130221037729962,1,0.1673999474058928,2
waiting,0.0456221563671034,0.2130221037729962,1,0.1673999474058928,2
nigeria,0.0456221563671034,0.2130221037729962,1,0.1673999474058928,2
material,0.0456221563671034,0.2130221037729962,1,0.1673999474058928,2
role,0.0456221563671034,0.2130221037729962,1,0.1673999474058928,2
egyptians,0.0456221563671034,0.2130221037729962,1,0.1673999474058928,2
idiot,0.04571006083057291,0.2089552952680086,1,0.1632452344374357,2
60,0.04571006083057291,0.2089552952680086,1,0.1632452344374357,2
fag,0.04571006083057291,0.2089552952680086,1,0.1632452344374357,2
authorities,0.04571006083057291,0.2089552952680086,1,0.1632452344374357,2
bother,0.04571006083057291,0.2089552952680086,1,0.1632452344374357,2
marxist,0.04571006083057291,0.2089552952680086,1,0.1632452344374357,2
france,0.04578980788176071,0.2052057148099754,1,0.1594159069282147,2
lines,0.04578980788176071,0.2052057148099754,1,0.1594159069282147,2
monkey,0.04578980788176071,0.2052057148099754,1,0.1594159069282147,2
sa,0.04586272237386929,0.2017249076957935,1,0.1558621853219242,2
lose,0.04586272237386929,0.2017249076957935,1,0.1558621853219242,2
prime,0.04586272237386929,0.2017249076957935,1,0.1558621853219242,2
bs,0.04586272237386929,0.2017249076957935,1,0.1558621853219242,2
hurt,0.04586272237386929,0.2017249076957935,1,0.1558621853219242,2
laughing,0.04586272237386929,0.2017249076957935,1,0.1558621853219242,2
turning,0.04586272237386929,0.2017249076957935,1,0.1558621853219242,2
monkeys,0.0459298325941237,0.1984748915997329,1,0.1525450590056092,2
vote,0.0459298325941237,0.1984748915997329,1,0.1525450590056092,2
neither,0.0459298325941237,0.1984748915997329,1,0.1525450590056092,2
victim,0.0459298325941237,0.1984748915997329,1,0.1525450590056092,2
ugly,0.0459298325941237,0.1984748915997329,1,0.1525450590056092,2
foot,0.0459298325941237,0.1984748915997329,1,0.1525450590056092,2
double,0.0459298325941237,0.1984748915997329,1,0.1525450590056092,2
17,0.0459298325941237,0.1984748915997329,1,0.1525450590056092,2
wanna,0.0459298325941237,0.1984748915997329,1,0.1525450590056092,2
violence,0.0459919524736655,0.1954253217553395,1,0.149433369281674,2
crimes,0.0459919524736655,0.1954253217553395,1,0.149433369281674,2
known,0.0459919524736655,0.1954253217553395,1,0.149433369281674,2
write,0.0459919524736655,0.1954253217553395,1,0.149433369281674,2
political,0.0459919524736655,0.1954253217553395,1,0.149433369281674,2
growing,0.04604973717542851,0.1925515581348793,1,0.1465018209594508,2
king,0.04604973717542851,0.1925515581348793,1,0.1465018209594508,2
grade,0.04604973717542851,0.1925515581348793,1,0.1465018209594508,2
watched,0.04604973717542851,0.1925515581348793,1,0.1465018209594508,2
tend,0.04604973717542851,0.1925515581348793,1,0.1465018209594508,2
six,0.0461037217737231,0.1898333100014528,1,0.1437295882277297,2
trouble,0.0461037217737231,0.1898333100014528,1,0.1437295882277297,2
organization,0.0461037217737231,0.1898333100014528,1,0.1437295882277297,2
road,0.0461037217737231,0.1898333100014528,1,0.1437295882277297,2
normal,0.04615434884142311,0.1872536620266978,1,0.1410993131852747,2
army,0.04615434884142311,0.1872536620266978,1,0.1410993131852747,2
wonderful,0.04615434884142311,0.1872536620266978,1,0.1410993131852747,2
break,0.04620198855351709,0.1847983596268498,1,0.1385963710733327,2
building,0.04620198855351709,0.1847983596268498,1,0.1385963710733327,2
heads,0.04620198855351709,0.1847983596268498,1,0.1385963710733327,2
x,0.04624695361669551,0.1824552746959061,1,0.1362083210792106,2
joined,0.04624695361669551,0.1824552746959061,1,0.1362083210792106,2
ill,0.04628951054385441,0.1802139995771872,1,0.1339244890333328,2
gonna,0.04628951054385441,0.1802139995771872,1,0.1339244890333328,2
minister,0.04628951054385441,0.1802139995771872,1,0.1339244890333328,2
straight,0.04628951054385441,0.1802139995771872,1,0.1339244890333328,2
celtic,0.0463298882965853,0.1780655339314804,1,0.1317356456348951,2
favorite,0.0463298882965853,0.1780655339314804,1,0.1317356456348951,2
worth,0.0463298882965853,0.1780655339314804,1,0.1317356456348951,2
facebook,0.04636828499962048,0.1760020400449241,1,0.1296337550453036,2
victims,0.046404873220980414,0.1740166493297413,1,0.1276117761087609,2
baby,0.04643980417014709,0.1721033076466162,1,0.1256635034764691,2
similar,0.0464732110696298,0.1702566504369363,1,0.1237834393673065,2
hit,0.04650521188766399,0.1684719010074631,1,0.1219666891197991,2
early,0.04650521188766399,0.1684719010074631,1,0.1219666891197991,2
phone,0.04650521188766399,0.1684719010074631,1,0.1219666891197991,2
damn,0.04650521188766399,0.1684719010074631,1,0.1219666891197991,2
sisters,0.046565403889324605,0.1650714711739678,1,0.1185060672846432,2
east,0.04659377295320889,0.1634484939149016,1,0.1168547209616927,2
dog,0.04659377295320889,0.1634484939149016,1,0.1168547209616927,2
aryan,0.04659377295320889,0.1634484939149016,1,0.1168547209616927,2
taking,0.04667286234214742,0.1588516959120974,1,0.11217883356995,2
outside,0.04667286234214742,0.1588516959120974,1,0.11217883356995,2
interested,0.046697427065430105,0.1574014836242536,1,0.1107040565588235,2
website,0.046697427065430105,0.1574014836242536,1,0.1107040565588235,2
nordic,0.046788044525144096,0.1519540008447359,1,0.1051659563195918,2
single,0.046788044525144096,0.1519540008447359,1,0.1051659563195918,2
posted,0.04688700806892411,0.1458165370096662,1,0.0989295289407421,2
sf,0.046905201963550996,0.1446652913734118,1,0.0977600894098608,2
enough,0.04695058766106408,0.2200502543866951,4,0.173099666725631,9
beautiful,0.04715603213609269,0.1279640196191445,1,0.0808079874830518,2
https,0.047611268733122804,0.0921615278613187,1,0.0445502591281959,2
news,0.047724948664356504,0.2050839150721779,6,0.1573589664078214,14
had,0.04775548463421608,0.2849805617368761,18,0.23722507710266,46
hand,0.04913027909536111,0.2684351658241592,5,0.2193048867287981,11
calling,0.049310269999415096,0.2490972846048511,2,0.199787014605436,4
nazi,0.049621445597634595,0.2374635912807838,2,0.1878421456831492,4
prison,0.04968723899921429,0.2349380858114451,2,0.1852508468122308,4
starts,0.04968723899921429,0.2349380858114451,2,0.1852508468122308,4
criminal,0.0498079975761308,0.2302386954344739,2,0.1804306978583431,4
forward,0.049916621401129596,0.2259375677820864,2,0.1760209463809568,4
fun,0.049967071089442594,0.2239150833069232,2,0.1739480122174806,4
looks,0.0500796106051869,0.2349365742652359,5,0.184856963660049,11
diversity,0.050188583586643215,0.2148367257055479,2,0.1646481421189047,4
killing,0.050188583586643215,0.2148367257055479,2,0.1646481421189047,4
planet,0.0502655563621596,0.2116021254214722,2,0.1613365690593126,4
israel,0.0502655563621596,0.2116021254214722,2,0.1613365690593126,4
sick,0.050301999379194495,0.2100554752805851,2,0.1597534759013906,4
knows,0.05040416162118058,0.2056655459948584,2,0.1552613843736778,4
close,0.050466991521497084,0.2029246413330576,2,0.1524576498115605,4
christian,0.05058199300618618,0.1978224262232114,2,0.1472404332170252,4
happy,0.0507558402004043,0.1898850542052856,2,0.1391292140048813,4
v,0.050922534660442886,0.1819959849433494,2,0.1310734502829065,4
german,0.050941458305921894,0.1810818176203651,2,0.1301403593144432,4
used,0.05130740931393128,0.162555891643112,2,0.1112484823291807,4
back,0.052261314230527905,0.2701350188001274,15,0.2178737045695995,36
telling,0.052386542257252006,0.2500310841338375,3,0.1976445418765855,6
going,0.05254158373557888,0.2667837507229824,12,0.2142421669874035,28
mother,0.05330670521530059,0.2162138176509555,3,0.1629071124356549,6
having,0.05335514942775629,0.2143023280298674,3,0.1609471786021111,6
open,0.05335514942775629,0.2143023280298674,3,0.1609471786021111,6
wait,0.05340166021280329,0.2124528183298877,3,0.1590511581170844,6
hard,0.053609636367909996,0.2040022838206367,3,0.1503926474527267,6
went,0.05372099845783007,0.2688308675671143,9,0.2151098691092842,20
from,0.05425202643625329,0.2772162963949818,27,0.2229642699587285,68
sent,0.05478508585656949,0.2516845426691109,4,0.1968994568125414,8
under,0.0552498910593576,0.2359394508942212,4,0.1806895598348636,8
getting,0.055421802736012715,0.2298700689877525,4,0.1744482662517398,8
kid,0.055421802736012715,0.2298700689877525,4,0.1744482662517398,8
week,0.055746382431816816,0.2179991367577704,4,0.1622527543259536,8
big,0.05586615019798319,0.2134703315327301,4,0.1576041813347469,8
post,0.05653087768092058,0.1865938851959278,4,0.1300630075150072,8
anything,0.05670064689118698,0.2540309176950682,8,0.1973302708038812,17
an,0.0570971958959435,0.251900454170425,16,0.1948032582744815,37
once,0.057394337343814605,0.2336474547550918,5,0.1762531174112772,10
saw,0.05791910592207791,0.2151074324471886,5,0.1571883265251107,10
her,0.058084502437982716,0.2069367917689627,8,0.14885228933098,17
into,0.0625976172414549,0.2847179274118009,15,0.222120310170346,32
poor,0.06446487010743918,0.2504828936759876,4,0.1860180235685484,7
fact,0.0647987033161034,0.2674442379749849,6,0.2026455346588815,11
self,0.06513765108610059,0.2448519891734698,3,0.1797143380873692,5
hair,0.0654190826034046,0.2311497514667045,5,0.1657306688632999,9
pro,0.0654785802334294,0.2344424149974974,3,0.168963834764068,5
dead,0.06552124896540032,0.2331078146914669,3,0.1675865657260666,5
system,0.06552124896540032,0.2331078146914669,3,0.1675865657260666,5
woman,0.06556546024189139,0.2160162220575436,4,0.1504507618156522,7
life,0.06556546024189139,0.2160162220575436,4,0.1504507618156522,7
too,0.06568500341227229,0.2482114079280115,11,0.1825264045157392,22
found,0.06571952613285392,0.2215532441375704,5,0.1558337180047165,9
3,0.06600755480121431,0.2005936206968247,4,0.1345860658956104,7
sorry,0.06601181944336582,0.2171942397830345,3,0.1511824203396687,5
heard,0.0660559520935885,0.2540709758029276,7,0.1880150237093391,13
state,0.06622876066168931,0.2097857447840673,3,0.143556984122378,5
done,0.06630173340093781,0.2072364295485747,3,0.1409346961476369,5
stormfront,0.06636086179876591,0.1874104319877782,4,0.1210495701890123,7
nothing,0.06640967026249792,0.2439998774903837,7,0.1775902072278858,13
video,0.0666871315486372,0.1875431139707149,5,0.1208559824220777,9
american,0.0667214735927294,0.1919435646596027,3,0.1252220910668733,5
yes,0.0667577506020505,0.2577252055227523,8,0.1909674549207018,15
she,0.06707579996564958,0.19734296331572,6,0.1302671633500704,11
fought,0.0672066161735018,0.2692737725980185,2,0.2020671564245167,3
year,0.06749968415855309,0.2101220037174057,7,0.1426223195588526,13
draw,0.06754568591137342,0.2601368187993332,2,0.1925911328879598,3
sat,0.06782006863476053,0.2525000155577136,2,0.1846799469229531,3
drugs,0.06793968480055368,0.2490972846048511,2,0.1811575998042974,3
filthy,0.068049938279929,0.2459191117360754,2,0.1778691734561464,3
attacked,0.068049938279929,0.2459191117360754,2,0.1778691734561464,3
starting,0.068049938279929,0.2459191117360754,2,0.1778691734561464,3
cops,0.06815213412831941,0.2429360261603897,2,0.1747838920320703,3
suspect,0.06824732370485409,0.2401240913849502,2,0.1718767676800961,3
felt,0.06824732370485409,0.2401240913849502,2,0.1718767676800961,3
lies,0.0683363663352882,0.2374635912807838,2,0.1691272249454956,3
sit,0.0684199733217804,0.2349380858114451,2,0.1665181124896647,3
foreign,0.06849874003503101,0.2325337179490334,2,0.1640349779140024,3
company,0.06883526178993651,0.2219687601924021,2,0.1531334984024656,3
morning,0.06883526178993651,0.2219687601924021,2,0.1531334984024656,3
short,0.06900238651962279,0.2165310942837593,2,0.1475287077641365,3
judge,0.06900238651962279,0.2165310942837593,2,0.1475287077641365,3
human,0.0691028821812581,0.2131948591881654,2,0.1440919770069073,3
possible,0.0691028821812581,0.2131948591881654,2,0.1440919770069073,3
sister,0.0691503119062469,0.2116021254214722,2,0.1424518135152253,3
play,0.0691960309237527,0.2100554752805851,2,0.1408594443568324,3
cool,0.0691960309237527,0.2100554752805851,2,0.1408594443568324,3
right,0.06932055190376951,0.2791892977325816,12,0.2098687458288121,23
listen,0.0693638696408247,0.2042778730319584,2,0.1349140033911337,3
murder,0.0696116903883334,0.1954375076504655,2,0.1258258172621321,3
band,0.0697040227782608,0.1920407509762043,2,0.1223367281979435,3
full,0.0699676966903221,0.1819959849433494,2,0.1120282882530273,3
made,0.07051150737979661,0.1593233447100808,2,0.0888118373302842,3
me,0.07160644582140227,0.256311327137585,20,0.1847048813161827,41
anti,0.0719717434115826,0.2658569101797752,8,0.1938851667681926,14
jew,0.07228928468030471,0.2551759909150728,7,0.1828867062347681,12
ago,0.0729345941521552,0.2378121974561907,7,0.1648776033040355,12
last,0.0734544891666021,0.2228579875629596,7,0.1494034983963575,12
completely,0.07391477721162423,0.2866131478046988,4,0.2126983705930746,6
far,0.07413851949801048,0.2323855868172371,5,0.1582470673192266,8
a,0.07445025102238528,0.3797807848382674,139,0.3053305338158821,369
father,0.0753593596421851,0.2516845426691109,4,0.1763251830269258,6
oh,0.07569861084172519,0.2427371691561529,4,0.1670385583144277,6
during,0.07573660281190381,0.2417141417022772,4,0.1659775388903734,6
remember,0.07581009253921939,0.2397226224715697,4,0.1639125299323503,6
teacher,0.07591457846748728,0.2368617570695984,4,0.1609471786021111,6
support,0.07619327165547801,0.2290530950832699,4,0.1528598234277919,6
part,0.07678092084758881,0.2116290054331027,4,0.1348480845855139,6
my,0.0791621073945139,0.2849522560294085,36,0.2057901486348946,75
teaching,0.07929353785706231,0.2671356835402115,3,0.1878421456831492,4
while,0.0793110271403989,0.2483286906950209,7,0.169017663554622,11
apparently,0.0795931133570667,0.2600238112154098,3,0.1804306978583431,4
said,0.08004910099862961,0.3080818812270229,15,0.2280327802283933,26
truth,0.0800929408807223,0.2632505227660175,6,0.1831575818852952,9
public,0.08038227198708173,0.2564003011245398,6,0.1760180291374581,9
15,0.0805494799312449,0.2358108643049227,3,0.1552613843736778,4
happened,0.08069824630173189,0.2318053121111062,3,0.1511070658093743,4
month,0.08069824630173189,0.2318053121111062,3,0.1511070658093743,4
killed,0.08069824630173189,0.2318053121111062,3,0.1511070658093743,4
french,0.08103812123920431,0.2223696381711051,3,0.1413315169319008,4
community,0.08125187147841509,0.2162138176509555,3,0.1349619461725404,4
hector,0.08263989491975757,0.2999676259941186,1,0.217327731074361,1
dised,0.08263989491975757,0.2999676259941186,1,0.217327731074361,1
appel,0.08263989491975757,0.2999676259941186,1,0.217327731074361,1
klanmen,0.08263989491975757,0.2999676259941186,1,0.217327731074361,1
blows,0.08263989491975757,0.2999676259941186,1,0.217327731074361,1
regal,0.08263989491975757,0.2999676259941186,1,0.217327731074361,1
capped,0.08263989491975757,0.2999676259941186,1,0.217327731074361,1
reveals,0.08263989491975757,0.2999676259941186,1,0.217327731074361,1
beds,0.08263989491975757,0.2999676259941186,1,0.217327731074361,1
bumps,0.08263989491975757,0.2999676259941186,1,0.217327731074361,1
untalented,0.08263989491975757,0.2999676259941186,1,0.217327731074361,1
rancher,0.08263989491975757,0.2999676259941186,1,0.217327731074361,1
quoting,0.08263989491975757,0.2999676259941186,1,0.217327731074361,1
stab,0.08263989491975757,0.2999676259941186,1,0.217327731074361,1
speny,0.08263989491975757,0.2999676259941186,1,0.217327731074361,1
incinerate,0.08263989491975757,0.2999676259941186,1,0.217327731074361,1
needless,0.08263989491975757,0.2999676259941186,1,0.217327731074361,1
earshot,0.08263989491975757,0.2999676259941186,1,0.217327731074361,1
talentless,0.08263989491975757,0.2999676259941186,1,0.217327731074361,1
ambulance,0.08263989491975757,0.2999676259941186,1,0.217327731074361,1
peeps,0.08263989491975757,0.2999676259941186,1,0.217327731074361,1
bankruptcy,0.08263989491975757,0.2999676259941186,1,0.217327731074361,1
dime,0.08263989491975757,0.2999676259941186,1,0.217327731074361,1
tapp,0.08263989491975757,0.2999676259941186,1,0.217327731074361,1
dere,0.08263989491975757,0.2999676259941186,1,0.217327731074361,1
unacceptable,0.08263989491975757,0.2999676259941186,1,0.217327731074361,1
gat,0.08263989491975757,0.2999676259941186,1,0.217327731074361,1
simian,0.08263989491975757,0.2999676259941186,1,0.217327731074361,1
fundamentalists,0.08263989491975757,0.2999676259941186,1,0.217327731074361,1
monique,0.08263989491975757,0.2999676259941186,1,0.217327731074361,1
wrong,0.0827976369286377,0.2597521113510033,5,0.1769544744223656,7
jerk,0.08379266342523747,0.2758851054843536,1,0.1920924420591161,1
jokes,0.08379266342523747,0.2758851054843536,1,0.1920924420591161,1
deeds,0.08379266342523747,0.2758851054843536,1,0.1920924420591161,1
reserve,0.08379266342523747,0.2758851054843536,1,0.1920924420591161,1
retarded,0.08379266342523747,0.2758851054843536,1,0.1920924420591161,1
attachment,0.08379266342523747,0.2758851054843536,1,0.1920924420591161,1
rhythm,0.08379266342523747,0.2758851054843536,1,0.1920924420591161,1
apt,0.08379266342523747,0.2758851054843536,1,0.1920924420591161,1
wreck,0.08379266342523747,0.2758851054843536,1,0.1920924420591161,1
roughly,0.08379266342523747,0.2758851054843536,1,0.1920924420591161,1
65,0.08379266342523747,0.2758851054843536,1,0.1920924420591161,1
farming,0.08379266342523747,0.2758851054843536,1,0.1920924420591161,1
employed,0.08379266342523747,0.2758851054843536,1,0.1920924420591161,1
clips,0.08379266342523747,0.2758851054843536,1,0.1920924420591161,1
folklore,0.08379266342523747,0.2758851054843536,1,0.1920924420591161,1
adverts,0.08379266342523747,0.2758851054843536,1,0.1920924420591161,1
1981,0.08379266342523747,0.2758851054843536,1,0.1920924420591161,1
liquid,0.08379266342523747,0.2758851054843536,1,0.1920924420591161,1
cbs,0.08379266342523747,0.2758851054843536,1,0.1920924420591161,1
convictions,0.08379266342523747,0.2758851054843536,1,0.1920924420591161,1
guidance,0.08379266342523747,0.2758851054843536,1,0.1920924420591161,1
mourn,0.08379266342523747,0.2758851054843536,1,0.1920924420591161,1
analogy,0.08379266342523747,0.2758851054843536,1,0.1920924420591161,1
heal,0.08379266342523747,0.2758851054843536,1,0.1920924420591161,1
heem,0.08379266342523747,0.2758851054843536,1,0.1920924420591161,1
named,0.08379266342523747,0.2758851054843536,1,0.1920924420591161,1
bombings,0.08379266342523747,0.2758851054843536,1,0.1920924420591161,1
applications,0.08379266342523747,0.2758851054843536,1,0.1920924420591161,1
printing,0.08379266342523747,0.2758851054843536,1,0.1920924420591161,1
robbers,0.08379266342523747,0.2758851054843536,1,0.1920924420591161,1
darkies,0.08379266342523747,0.2758851054843536,1,0.1920924420591161,1
youtube,0.0840956052995848,0.1403854219632466,6,0.0562898166636618,9
negro,0.08430570388445632,0.261655366015887,8,0.1773496621314307,12
eyes,0.08433472221122221,0.2210329701947546,5,0.1366982479835324,7
coke,0.08445195812463768,0.2610138323762697,1,0.176561874251632,1
celebrity,0.08445195812463768,0.2610138323762697,1,0.176561874251632,1
mins,0.08445195812463768,0.2610138323762697,1,0.176561874251632,1
outfit,0.08445195812463768,0.2610138323762697,1,0.176561874251632,1
wit,0.08445195812463768,0.2610138323762697,1,0.176561874251632,1
mentally,0.08445195812463768,0.2610138323762697,1,0.176561874251632,1
finishing,0.08445195812463768,0.2610138323762697,1,0.176561874251632,1
crisis,0.08445195812463768,0.2610138323762697,1,0.176561874251632,1
cowards,0.08445195812463768,0.2610138323762697,1,0.176561874251632,1
expressed,0.08445195812463768,0.2610138323762697,1,0.176561874251632,1
stamps,0.08445195812463768,0.2610138323762697,1,0.176561874251632,1
wherever,0.08445195812463768,0.2610138323762697,1,0.176561874251632,1
taco,0.08445195812463768,0.2610138323762697,1,0.176561874251632,1
concerns,0.08445195812463768,0.2610138323762697,1,0.176561874251632,1
conquer,0.08445195812463768,0.2610138323762697,1,0.176561874251632,1
constitution,0.08445195812463768,0.2610138323762697,1,0.176561874251632,1
assignment,0.08445195812463768,0.2610138323762697,1,0.176561874251632,1
burglary,0.08445195812463768,0.2610138323762697,1,0.176561874251632,1
den,0.08445195812463768,0.2610138323762697,1,0.176561874251632,1
og,0.08445195812463768,0.2610138323762697,1,0.176561874251632,1
iraq,0.08445195812463768,0.2610138323762697,1,0.176561874251632,1
rag,0.08445195812463768,0.2610138323762697,1,0.176561874251632,1
nail,0.08445195812463768,0.2610138323762697,1,0.176561874251632,1
knocking,0.08445195812463768,0.2610138323762697,1,0.176561874251632,1
intentionally,0.08445195812463768,0.2610138323762697,1,0.176561874251632,1
documentation,0.08445195812463768,0.2610138323762697,1,0.176561874251632,1
jus,0.08445195812463768,0.2610138323762697,1,0.176561874251632,1
debt,0.08445195812463768,0.2610138323762697,1,0.176561874251632,1
steps,0.08445195812463768,0.2610138323762697,1,0.176561874251632,1
trusted,0.08445195812463768,0.2610138323762697,1,0.176561874251632,1
whine,0.08445195812463768,0.2610138323762697,1,0.176561874251632,1
aint,0.08445195812463768,0.2610138323762697,1,0.176561874251632,1
jerry,0.08445195812463768,0.2610138323762697,1,0.176561874251632,1
ate,0.08445195812463768,0.2610138323762697,1,0.176561874251632,1
democracy,0.08445195812463768,0.2610138323762697,1,0.176561874251632,1
suited,0.08445195812463768,0.2610138323762697,1,0.176561874251632,1
missed,0.08445195812463768,0.2610138323762697,1,0.176561874251632,1
laying,0.0849109359207168,0.2500865766313553,1,0.1651756407106385,1
examples,0.0849109359207168,0.2500865766313553,1,0.1651756407106385,1
taxes,0.0849109359207168,0.2500865766313553,1,0.1651756407106385,1
guilty,0.0849109359207168,0.2500865766313553,1,0.1651756407106385,1
lighter,0.0849109359207168,0.2500865766313553,1,0.1651756407106385,1
complaining,0.0849109359207168,0.2500865766313553,1,0.1651756407106385,1
fourth,0.0849109359207168,0.2500865766313553,1,0.1651756407106385,1
elites,0.0849109359207168,0.2500865766313553,1,0.1651756407106385,1
smashed,0.0849109359207168,0.2500865766313553,1,0.1651756407106385,1
messed,0.0849109359207168,0.2500865766313553,1,0.1651756407106385,1
skinned,0.0849109359207168,0.2500865766313553,1,0.1651756407106385,1
maker,0.0849109359207168,0.2500865766313553,1,0.1651756407106385,1
soldier,0.0849109359207168,0.2500865766313553,1,0.1651756407106385,1
adam,0.0849109359207168,0.2500865766313553,1,0.1651756407106385,1
abroad,0.0849109359207168,0.2500865766313553,1,0.1651756407106385,1
interviewed,0.0849109359207168,0.2500865766313553,1,0.1651756407106385,1
tourist,0.0849109359207168,0.2500865766313553,1,0.1651756407106385,1
bat,0.0849109359207168,0.2500865766313553,1,0.1651756407106385,1
extent,0.0849109359207168,0.2500865766313553,1,0.1651756407106385,1
inner,0.0849109359207168,0.2500865766313553,1,0.1651756407106385,1
italy,0.0849109359207168,0.2500865766313553,1,0.1651756407106385,1
washed,0.0849109359207168,0.2500865766313553,1,0.1651756407106385,1
feds,0.0849109359207168,0.2500865766313553,1,0.1651756407106385,1
staring,0.0849109359207168,0.2500865766313553,1,0.1651756407106385,1
abomination,0.0849109359207168,0.2500865766313553,1,0.1651756407106385,1
customer,0.0849109359207168,0.2500865766313553,1,0.1651756407106385,1
multiply,0.08526102158043289,0.241385611753937,1,0.1561245901735041,1
argue,0.08526102158043289,0.241385611753937,1,0.1561245901735041,1
theft,0.08526102158043289,0.241385611753937,1,0.1561245901735041,1
uncle,0.08526102158043289,0.241385611753937,1,0.1561245901735041,1
alarm,0.08526102158043289,0.241385611753937,1,0.1561245901735041,1
changes,0.08526102158043289,0.241385611753937,1,0.1561245901735041,1
becouse,0.08526102158043289,0.241385611753937,1,0.1561245901735041,1
chimp,0.08526102158043289,0.241385611753937,1,0.1561245901735041,1
suit,0.08526102158043289,0.241385611753937,1,0.1561245901735041,1
ra,0.08526102158043289,0.241385611753937,1,0.1561245901735041,1
begging,0.08526102158043289,0.241385611753937,1,0.1561245901735041,1
require,0.08526102158043289,0.241385611753937,1,0.1561245901735041,1
pieces,0.08526102158043289,0.241385611753937,1,0.1561245901735041,1
niglet,0.08526102158043289,0.241385611753937,1,0.1561245901735041,1
nationality,0.08526102158043289,0.241385611753937,1,0.1561245901735041,1
junior,0.08526102158043289,0.241385611753937,1,0.1561245901735041,1
guide,0.08526102158043289,0.241385611753937,1,0.1561245901735041,1
browns,0.08526102158043289,0.241385611753937,1,0.1561245901735041,1
legs,0.08526102158043289,0.241385611753937,1,0.1561245901735041,1
coat,0.08526102158043289,0.241385611753937,1,0.1561245901735041,1
techniques,0.08526102158043289,0.241385611753937,1,0.1561245901735041,1
brave,0.0855427376849194,0.234125090348718,1,0.1485823526637986,1
faith,0.0855427376849194,0.234125090348718,1,0.1485823526637986,1
roll,0.0855427376849194,0.234125090348718,1,0.1485823526637986,1
owners,0.0855427376849194,0.234125090348718,1,0.1485823526637986,1
brand,0.0855427376849194,0.234125090348718,1,0.1485823526637986,1
sing,0.0855427376849194,0.234125090348718,1,0.1485823526637986,1
introduce,0.0855427376849194,0.234125090348718,1,0.1485823526637986,1
lower,0.0855427376849194,0.234125090348718,1,0.1485823526637986,1
nearest,0.0855427376849194,0.234125090348718,1,0.1485823526637986,1
teens,0.0855427376849194,0.234125090348718,1,0.1485823526637986,1
locked,0.0855427376849194,0.234125090348718,1,0.1485823526637986,1
films,0.0855427376849194,0.234125090348718,1,0.1485823526637986,1
officer,0.0855427376849194,0.234125090348718,1,0.1485823526637986,1
picking,0.0855427376849194,0.234125090348718,1,0.1485823526637986,1
directly,0.0855427376849194,0.234125090348718,1,0.1485823526637986,1
regarding,0.0855427376849194,0.234125090348718,1,0.1485823526637986,1
citizen,0.0855427376849194,0.234125090348718,1,0.1485823526637986,1
professor,0.0855427376849194,0.234125090348718,1,0.1485823526637986,1
nigs,0.0855427376849194,0.234125090348718,1,0.1485823526637986,1
complex,0.0855427376849194,0.234125090348718,1,0.1485823526637986,1
nbc,0.0855427376849194,0.234125090348718,1,0.1485823526637986,1
occasionally,0.0855427376849194,0.234125090348718,1,0.1485823526637986,1
measure,0.0855427376849194,0.234125090348718,1,0.1485823526637986,1
is,0.08567434078854919,0.3371909978520548,84,0.2515166570635056,191
bitch,0.08577759748617919,0.2278770964950076,1,0.1420994990088284,1
celebrated,0.08577759748617919,0.2278770964950076,1,0.1420994990088284,1
limerick,0.08577759748617919,0.2278770964950076,1,0.1420994990088284,1
independent,0.08577759748617919,0.2278770964950076,1,0.1420994990088284,1
cnn,0.08577759748617919,0.2278770964950076,1,0.1420994990088284,1
havent,0.08577759748617919,0.2278770964950076,1,0.1420994990088284,1
screaming,0.08577759748617919,0.2278770964950076,1,0.1420994990088284,1
religious,0.08577759748617919,0.2278770964950076,1,0.1420994990088284,1
difficult,0.08577759748617919,0.2278770964950076,1,0.1420994990088284,1
roman,0.08577759748617919,0.2278770964950076,1,0.1420994990088284,1
christianity,0.08577759748617919,0.2278770964950076,1,0.1420994990088284,1
boot,0.08577759748617919,0.2278770964950076,1,0.1420994990088284,1
elementary,0.0859783839691522,0.222381851321548,1,0.1364034673523958,1
90,0.0859783839691522,0.222381851321548,1,0.1364034673523958,1
hook,0.0859783839691522,0.222381851321548,1,0.1364034673523958,1
discovered,0.0859783839691522,0.222381851321548,1,0.1364034673523958,1
satan,0.0859783839691522,0.222381851321548,1,0.1364034673523958,1
kosher,0.0859783839691522,0.222381851321548,1,0.1364034673523958,1
fights,0.0859783839691522,0.222381851321548,1,0.1364034673523958,1
hilarious,0.0859783839691522,0.222381851321548,1,0.1364034673523958,1
bullet,0.0859783839691522,0.222381851321548,1,0.1364034673523958,1
learned,0.0859783839691522,0.222381851321548,1,0.1364034673523958,1
capital,0.0859783839691522,0.222381851321548,1,0.1364034673523958,1
guards,0.0859783839691522,0.222381851321548,1,0.1364034673523958,1
managed,0.0859783839691522,0.222381851321548,1,0.1364034673523958,1
burning,0.0859783839691522,0.222381851321548,1,0.1364034673523958,1
27,0.0861533064036574,0.2174693650254091,1,0.1313160586217517,1
destroyed,0.0861533064036574,0.2174693650254091,1,0.1313160586217517,1
yea,0.0861533064036574,0.2174693650254091,1,0.1313160586217517,1
forest,0.0861533064036574,0.2174693650254091,1,0.1313160586217517,1
pool,0.0861533064036574,0.2174693650254091,1,0.1313160586217517,1
pagan,0.0861533064036574,0.2174693650254091,1,0.1313160586217517,1
cleaning,0.0861533064036574,0.2174693650254091,1,0.1313160586217517,1
tribe,0.0861533064036574,0.2174693650254091,1,0.1313160586217517,1
trial,0.0861533064036574,0.2174693650254091,1,0.1313160586217517,1
holiday,0.0861533064036574,0.2174693650254091,1,0.1313160586217517,1
raping,0.0861533064036574,0.2174693650254091,1,0.1313160586217517,1
union,0.0861533064036574,0.2174693650254091,1,0.1313160586217517,1
via,0.0861533064036574,0.2174693650254091,1,0.1313160586217517,1
jumped,0.0861533064036574,0.2174693650254091,1,0.1313160586217517,1
mainstream,0.0863079465039423,0.2130221037729962,1,0.1267141572690539,1
winter,0.0863079465039423,0.2130221037729962,1,0.1267141572690539,1
hall,0.0863079465039423,0.2130221037729962,1,0.1267141572690539,1
wolves,0.0863079465039423,0.2130221037729962,1,0.1267141572690539,1
drop,0.0863079465039423,0.2130221037729962,1,0.1267141572690539,1
mile,0.0863079465039423,0.2130221037729962,1,0.1267141572690539,1
ahead,0.0863079465039423,0.2130221037729962,1,0.1267141572690539,1
moore,0.0863079465039423,0.2130221037729962,1,0.1267141572690539,1
savage,0.0863079465039423,0.2130221037729962,1,0.1267141572690539,1
skinhead,0.0863079465039423,0.2130221037729962,1,0.1267141572690539,1
marine,0.0863079465039423,0.2130221037729962,1,0.1267141572690539,1
feral,0.0863079465039423,0.2130221037729962,1,0.1267141572690539,1
owned,0.0863079465039423,0.2130221037729962,1,0.1267141572690539,1
blog,0.0863079465039423,0.2130221037729962,1,0.1267141572690539,1
campaign,0.0864462693993615,0.2089552952680086,1,0.1225090258686471,1
26,0.0864462693993615,0.2089552952680086,1,0.1225090258686471,1
pic,0.0864462693993615,0.2089552952680086,1,0.1225090258686471,1
fan,0.0864462693993615,0.2089552952680086,1,0.1225090258686471,1
bell,0.0864462693993615,0.2089552952680086,1,0.1225090258686471,1
honest,0.0864462693993615,0.2089552952680086,1,0.1225090258686471,1
washington,0.0864462693993615,0.2089552952680086,1,0.1225090258686471,1
everybody,0.0865711913849413,0.2052057148099754,1,0.1186345234250341,1
orders,0.0865711913849413,0.2052057148099754,1,0.1186345234250341,1
passed,0.0865711913849413,0.2052057148099754,1,0.1186345234250341,1
bodies,0.0865711913849413,0.2052057148099754,1,0.1186345234250341,1
wrote,0.0865711913849413,0.2052057148099754,1,0.1186345234250341,1
travel,0.0865711913849413,0.2052057148099754,1,0.1186345234250341,1
win,0.0865711913849413,0.2052057148099754,1,0.1186345234250341,1
ten,0.08668491878134019,0.2017249076957935,1,0.1150399889144533,1
currently,0.08668491878134019,0.2017249076957935,1,0.1150399889144533,1
hop,0.08668491878134019,0.2017249076957935,1,0.1150399889144533,1
subject,0.08668491878134019,0.2017249076957935,1,0.1150399889144533,1
troops,0.08668491878134019,0.2017249076957935,1,0.1150399889144533,1
seen,0.08675253558976181,0.2454094338146803,7,0.1586568982249185,10
religion,0.08678916033452058,0.1984748915997329,1,0.1116857312652123,1
restaurant,0.08678916033452058,0.1984748915997329,1,0.1116857312652123,1
eu,0.08678916033452058,0.1984748915997329,1,0.1116857312652123,1
languages,0.08678916033452058,0.1984748915997329,1,0.1116857312652123,1
mexican,0.08678916033452058,0.1984748915997329,1,0.1116857312652123,1
false,0.0868852658253294,0.1954253217553395,1,0.1085400559300101,1
protect,0.0868852658253294,0.1954253217553395,1,0.1085400559300101,1
lead,0.08697431963292862,0.1925515581348793,1,0.1055772385019507,1
fellow,0.08697431963292862,0.1925515581348793,1,0.1055772385019507,1
project,0.08697431963292862,0.1925515581348793,1,0.1055772385019507,1
ns,0.08697431963292862,0.1925515581348793,1,0.1055772385019507,1
bought,0.0870572057335015,0.1898333100014528,1,0.1027761042679513,1
reply,0.0870572057335015,0.1898333100014528,1,0.1027761042679513,1
experience,0.0870572057335015,0.1898333100014528,1,0.1027761042679513,1
hold,0.0870572057335015,0.1898333100014528,1,0.1027761042679513,1
trash,0.0871346539875691,0.1872536620266978,1,0.1001190080391287,1
13,0.0871346539875691,0.1872536620266978,1,0.1001190080391287,1
reported,0.0871346539875691,0.1872536620266978,1,0.1001190080391287,1
web,0.0871346539875691,0.1872536620266978,1,0.1001190080391287,1
rock,0.08720727382135339,0.1847983596268498,1,0.0975910858054964,1
team,0.08720727382135339,0.1847983596268498,1,0.0975910858054964,1
level,0.08720727382135339,0.1847983596268498,1,0.0975910858054964,1
although,0.08720727382135339,0.1847983596268498,1,0.0975910858054964,1
minded,0.08720727382135339,0.1847983596268498,1,0.0975910858054964,1
gave,0.0872730708687719,0.2687132076990917,4,0.1814401368303198,5
wp,0.0872755792045783,0.1824552746959061,1,0.0951796954913278,1
needs,0.0872755792045783,0.1824552746959061,1,0.0951796954913278,1
florida,0.0872755792045783,0.1824552746959061,1,0.0951796954913278,1
paper,0.0873400074877303,0.1802139995771872,1,0.0928739920894569,1
obama,0.0873400074877303,0.1802139995771872,1,0.0928739920894569,1
swedish,0.0874009338230473,0.1780655339314804,1,0.0906646001084331,1
apes,0.0874009338230473,0.1780655339314804,1,0.0906646001084331,1
jesus,0.08742281820225539,0.2654650119605131,4,0.1780421937582577,5
christmas,0.08756573846149358,0.1721033076466162,1,0.0845375691851226,1
event,0.08761550976510281,0.1702566504369363,1,0.0826411406718335,1
giving,0.08761550976510281,0.1702566504369363,1,0.0826411406718335,1
however,0.08766304085218489,0.1684719010074631,1,0.0808088601552782,1
west,0.0877085022519279,0.1667447869857026,1,0.0790362847337747,1
id,0.08775204613289252,0.1650714711739678,1,0.0773194250410753,1
glad,0.08775204613289252,0.1650714711739678,1,0.0773194250410753,1
list,0.08783391293949258,0.1618727247361693,1,0.0740388117966767,1
holocaust,0.08787246911140321,0.1603413215322604,1,0.0724688524208572,1
12,0.0879453291448264,0.1574014836242536,1,0.0694561544794272,1
taken,0.08798300918943239,0.2529134088892094,4,0.164930399699777,5
saying,0.0879974141132942,0.2801010724373414,6,0.1921036583240472,8
texas,0.08801308631502709,0.1546108140414885,1,0.0665977277264614,1
street,0.08801308631502709,0.1546108140414885,1,0.0665977277264614,1
thought,0.08801951056224622,0.2845334481488334,9,0.1965139375865872,13
male,0.08813854389527132,0.2493071947941311,4,0.1611686508988598,5
hello,0.08821766478982761,0.1458165370096662,1,0.0575988722198386,1
9,0.08826848096869301,0.1435369152639026,1,0.0552684342952096,1
14,0.088292817342086,0.1424304572085385,1,0.0541376398664525,1
college,0.0886697217434324,0.1238383892740116,1,0.0351686675305792,1
u,0.0886988519266394,0.1222648193611372,1,0.0335659674344978,1
word,0.08873057713501459,0.2350318977935135,4,0.1463013206584989,5
10,0.0889353728401156,0.2298700689877525,4,0.1409346961476369,5
atleast,0.09035691457452771,0.3068970668906189,2,0.2165401523160912,2
chasing,0.09093629617401516,0.2962696480897575,2,0.2053333519157423,2
did,0.09126113385098761,0.3258558616445767,21,0.2345947277935891,34
shocked,0.0917428794819315,0.2807255553852731,2,0.1889826759033416,2
orthodox,0.0917428794819315,0.2807255553852731,2,0.1889826759033416,2
israeli,0.09230618528135359,0.2692737725980185,2,0.1769675873166649,2
fired,0.09230618528135359,0.2692737725980185,2,0.1769675873166649,2
statement,0.09230618528135359,0.2692737725980185,2,0.1769675873166649,2
died,0.09273687139344039,0.2601368187993332,2,0.1673999474058928,2
lucky,0.09273687139344039,0.2601368187993332,2,0.1673999474058928,2
property,0.09291894841172829,0.256164182849164,2,0.1632452344374357,2
table,0.09291894841172829,0.256164182849164,2,0.1632452344374357,2
nose,0.09308410862949892,0.2525000155577136,2,0.1594159069282147,2
meeting,0.09308410862949892,0.2525000155577136,2,0.1594159069282147,2
himself,0.09308410862949892,0.2525000155577136,2,0.1594159069282147,2
shop,0.09323509928292689,0.2490972846048511,2,0.1558621853219242,2
identity,0.0933740527304662,0.2459191117360754,2,0.1525450590056092,2
obviously,0.0933740527304662,0.2459191117360754,2,0.1525450590056092,2
takes,0.0935026568787157,0.2429360261603897,2,0.149433369281674,2
math,0.0936222704254994,0.2401240913849502,2,0.1465018209594508,2
piece,0.0937340030530541,0.2374635912807838,2,0.1437295882277297,2
station,0.0937340030530541,0.2374635912807838,2,0.1437295882277297,2
typical,0.0937340030530541,0.2374635912807838,2,0.1437295882277297,2
cop,0.0937340030530541,0.2374635912807838,2,0.1437295882277297,2
court,0.09383877262617041,0.2349380858114451,2,0.1410993131852747,2
flag,0.09393734687570071,0.2325337179490334,2,0.1385963710733327,2
shoot,0.09411840781983702,0.2280428968531698,2,0.1339244890333328,2
bar,0.09442920323616011,0.2200927067126292,2,0.1256635034764691,2
unfortunately,0.094498262036553,0.2182817014038595,2,0.1237834393673065,2
months,0.0948582555786635,0.2085521401588969,2,0.1136938845802334,2
posts,0.0949614894360349,0.2056655459948584,2,0.1107040565588235,2
lot,0.0949631711594408,0.2330131925330292,5,0.1380500213735884,6
racial,0.0956583772741181,0.1848286591355917,2,0.0891702818614736,2
s,0.0960488467466879,0.3344077089270795,60,0.2383588621803916,117
showed,0.0968421189109043,0.2894332517988641,3,0.1925911328879598,3
twice,0.0972465806591537,0.2819265275821068,3,0.1846799469229531,3
marriage,0.09742299546237548,0.2785805952666729,3,0.1811575998042974,3
ran,0.09773646726624252,0.2725203592983128,3,0.1747838920320703,3
whether,0.09800845859471591,0.2671356835402115,3,0.1691272249454956,3
safe,0.09824830362267462,0.262283281536677,3,0.1640349779140024,3
ass,0.0983582855427988,0.2600238112154098,3,0.161665525672611,3
daughter,0.09846251725466068,0.2578617223826998,3,0.1593992051280391,3
somewhere,0.09846251725466068,0.2578617223826998,3,0.1593992051280391,3
brought,0.09883176546389552,0.2500310841338375,3,0.151199318669942,3
third,0.09883176546389552,0.2500310841338375,3,0.151199318669942,3
feet,0.0989140955066504,0.2482467641767511,3,0.1493326686701007,3
car,0.099141812171991,0.2432337891788983,3,0.1440919770069073,3
sad,0.0998958917597366,0.2257217090218687,3,0.1258258172621321,3
6,0.10062230214150922,0.2072364295485747,3,0.1066141274070655,3
away,0.1011021444519335,0.2827028131636415,9,0.181600668711708,11
means,0.1030637910406478,0.2541708568500221,4,0.1511070658093743,4
matter,0.1033536346963009,0.2481562671655071,4,0.1448026324692062,4
line,0.1035595470708289,0.2437793527132703,4,0.1402198056424414,4
party,0.10370145204883952,0.2407095263391529,4,0.1370080742903134,4
pm,0.1046026614699115,0.2200502543866951,4,0.1154475929167836,4
4,0.10463121492029338,0.2193586564694832,4,0.1147274415491898,4
person,0.10633118512202952,0.262164903126746,8,0.1558337180047165,9
kind,0.10674093389006828,0.2549458954031423,5,0.148204961513074,5
thank,0.1084878255641374,0.2170207711971171,5,0.1085329456329797,5
old,0.11184710421866978,0.2573745810154487,12,0.1455274767967789,14
says,0.11199939563186062,0.2710655675959852,7,0.1590661719641246,7
man,0.11206626049847643,0.2688584579434478,10,0.1567921974449714,11
racism,0.12009503531503413,0.2866131478046988,4,0.1665181124896647,3
security,0.1209802053598896,0.2721795240298316,4,0.151199318669942,3
gets,0.12156681371987388,0.2758882761049732,6,0.1543214623850993,5
player,0.12175511547688239,0.2937001331763854,3,0.171945017699503,2
stood,0.12175511547688239,0.2937001331763854,3,0.171945017699503,2
lets,0.12186350325479459,0.2567775066459283,4,0.1349140033911337,3
brother,0.12200676081959641,0.2541708568500221,4,0.1321640960304257,3
claims,0.12368691046334432,0.262283281536677,3,0.1385963710733327,2
christ,0.12381549013619919,0.2600238112154098,3,0.1362083210792106,2
whatever,0.1244633248094446,0.2482467641767511,3,0.1237834393673065,2
wife,0.1248091329578709,0.2416638539195636,3,0.1168547209616927,2
red,0.1254276111150186,0.2292902569893065,3,0.1038626458742879,2
does,0.1263959983053083,0.2616398738641152,9,0.1352438755588069,8
historian,0.1292494810604635,0.3213419231195796,2,0.1920924420591161,1
abc,0.1292494810604635,0.3213419231195796,2,0.1920924420591161,1
preach,0.13109400737911897,0.2962696480897575,2,0.1651756407106385,1
rob,0.13109400737911897,0.2962696480897575,2,0.1651756407106385,1
dropped,0.13109400737911897,0.2962696480897575,2,0.1651756407106385,1
magazine,0.13109400737911897,0.2962696480897575,2,0.1651756407106385,1
stolen,0.131674655769226,0.2877992459427301,2,0.1561245901735041,1
butt,0.131674655769226,0.2877992459427301,2,0.1561245901735041,1
scared,0.1321432027214745,0.2807255553852731,2,0.1485823526637986,1
suspended,0.1325347831796455,0.2746342821884739,2,0.1420994990088284,1
jimmy,0.1325347831796455,0.2746342821884739,2,0.1420994990088284,1
threw,0.1325347831796455,0.2746342821884739,2,0.1420994990088284,1
disgusted,0.13287030524562268,0.2692737725980185,2,0.1364034673523958,1
dude,0.13316321387498872,0.2644792724967404,2,0.1313160586217517,1
hates,0.13316321387498872,0.2644792724967404,2,0.1313160586217517,1
murders,0.13316321387498872,0.2644792724967404,2,0.1313160586217517,1
q,0.13316321387498872,0.2644792724967404,2,0.1313160586217517,1
uses,0.13316321387498872,0.2644792724967404,2,0.1313160586217517,1
kept,0.1334226615302793,0.2601368187993332,2,0.1267141572690539,1
awhile,0.1334226615302793,0.2601368187993332,2,0.1267141572690539,1
rapes,0.1334226615302793,0.2601368187993332,2,0.1267141572690539,1
thrown,0.1334226615302793,0.2601368187993332,2,0.1267141572690539,1
file,0.1340572956903978,0.2490972846048511,2,0.1150399889144533,1
figures,0.1340572956903978,0.2490972846048511,2,0.1150399889144533,1
floor,0.13423338047086308,0.2459191117360754,2,0.1116857312652123,1
turned,0.1343959702303796,0.2429360261603897,2,0.1085400559300101,1
values,0.1343959702303796,0.2429360261603897,2,0.1085400559300101,1
nor,0.1345468528829995,0.2401240913849502,2,0.1055772385019507,1
friend,0.13470816770284907,0.287964164855566,7,0.1532559971527169,5
film,0.13494263214353702,0.2325337179490334,2,0.0975910858054964,1
mate,0.13494263214353702,0.2325337179490334,2,0.0975910858054964,1
itself,0.13505899994314607,0.2302386954344739,2,0.0951796954913278,1
forums,0.1351689047637129,0.2280428968531698,2,0.0928739920894569,1
channel,0.13527296767365332,0.2259375677820864,2,0.0906646001084331,1
million,0.1354656458683637,0.2219687601924021,2,0.0865031143240384,1
member,0.13580044097177318,0.2148367257055479,2,0.0790362847337747,1
works,0.13587543414709008,0.2131948591881654,2,0.0773194250410753,1
lived,0.13608328773803968,0.2085521401588969,2,0.0724688524208572,1
england,0.13614747989694792,0.2070895982889366,2,0.0709421183919887,1
wants,0.13632837215642032,0.2823367784187593,6,0.146008406262339,4
join,0.13708447004495422,0.1838688748193491,2,0.0467844047743949,1
thinks,0.13766345752270592,0.3041815700123706,5,0.1665181124896647,3
got,0.14169850699019543,0.3093876722116877,19,0.1676891652214923,17
knife,0.14449561613911888,0.3003578014610431,4,0.1558621853219242,2
has,0.1464598344618328,0.3006447317347214,23,0.1541848972728886,21
caught,0.1469589446758699,0.2654650119605131,4,0.1185060672846432,2
knew,0.14857107847945178,0.3052894489341554,7,0.1567183704547036,4
weeks,0.15623221990436803,0.2692131501125408,6,0.1129809302081728,3
meant,0.16376909489453617,0.2754548261597485,3,0.1116857312652123,1
greatest,0.16398030336830272,0.2725203592983128,3,0.1085400559300101,1
ball,0.1643595792722602,0.2671356835402115,3,0.1027761042679513,1
tree,0.16525311250573568,0.2537964701963474,3,0.0885433576906117,1
hey,0.16780752565992152,0.2382874344867567,5,0.0704799088268352,2
guy,0.1692522343909975,0.3133479586621135,13,0.144095724271116,7
jewish,0.1732531258134607,0.2932104620673537,9,0.119957336253893,4
was,0.1790482763150657,0.3699397943615183,69,0.1908915180464526,66
charged,0.179541050480772,0.2997499258945969,6,0.1202088754138249,2
boy,0.1912648716044802,0.3052141517670974,9,0.1139492801626172,3
son,0.2069637323816311,0.2708414112240708,5,0.0638776788424397,1
his,0.2206646496175447,0.4018955450203755,45,0.1812308954028308,21
him,0.2210247784448421,0.3981794333598364,38,0.1771546549149943,16
he,0.5009882658725076,0.6523775851441201,292,0.1513893192716126,21
