word,he-npmi
000,0.1342711901562243
1,0.0832299992270129
10,0.2298700689877525
100,0.1392339371976888
119,0.2999676259941186
12,0.1574014836242536
13,0.1872536620266978
130,0.2500865766313553
14,0.1424304572085385
15,0.2358108643049227
17,0.1984748915997329
1981,0.2758851054843536
2,0.0799721664842618
24,0.2052057148099754
2508,0.1469916683588166
26,0.2089552952680086
27,0.2174693650254091
3,0.2005936206968247
30,0.1446652913734118
31,0.234125090348718
36,0.3068970668906189
4,0.2193586564694832
41,0.2500865766313553
42,0.2610138323762697
4th,0.2610138323762697
5,0.158696829921797
50,0.1532665376034473
500euro,0.2999676259941186
57,0.2758851054843536
5th,0.2500865766313553
6,0.2072364295485747
60,0.2089552952680086
600,0.2999676259941186
64,0.2758851054843536
65,0.2758851054843536
73,0.2610138323762697
78266,0.2999676259941186
8,0.1618727247361693
9,0.1435369152639026
90,0.222381851321548
a,0.3797807848382674
abandon,0.2758851054843536
abandoned,0.2758851054843536
abc,0.3213419231195796
abit,0.2500865766313553
abomination,0.2500865766313553
about,0.2679674567428005
abraham,0.2758851054843536
abroad,0.2500865766313553
absolute,0.2130221037729962
abused,0.2758851054843536
accept,0.1954253217553395
according,0.2165310942837593
account,0.1780655339314804
accountant,0.2999676259941186
accusation,0.2999676259941186
act,0.1667447869857026
acted,0.2610138323762697
acting,0.2349380858114451
action,0.2131948591881654
actors,0.2500865766313553
actuallly,0.2999676259941186
actually,0.1864189774357781
adam,0.2500865766313553
adaptation,0.2999676259941186
add,0.1721033076466162
addict,0.2610138323762697
adverts,0.2758851054843536
aeons,0.2999676259941186
after,0.2624944699319864
again,0.2407351305584903
against,0.1797485941312298
age,0.1954375076504655
ago,0.2378121974561907
agree,0.1634484939149016
ahead,0.2130221037729962
aid,0.2089552952680086
aids,0.1847983596268498
aint,0.2610138323762697
airy,0.2758851054843536
alan,0.2610138323762697
alarm,0.241385611753937
albums,0.2758851054843536
alex,0.2610138323762697
all,0.2516763394157666
allegedly,0.241385611753937
alleging,0.2999676259941186
allowed,0.2259375677820864
allowing,0.2278770964950076
almost,0.2162138176509555
alone,0.1342711901562243
along,0.2212956721025283
alot,0.1667447869857026
already,0.1878083830693084
also,0.1489322998267673
altar,0.2500865766313553
although,0.1847983596268498
always,0.2396592645832495
am,0.112703413552737
ambulance,0.2999676259941186
american,0.1919435646596027
amnesiac,0.2999676259941186
an,0.251900454170425
analogy,0.2758851054843536
anatoly,0.2999676259941186
ancestors,0.1954253217553395
and,0.3669835250093558
andrei,0.2999676259941186
animals,0.1667447869857026
announced,0.2278770964950076
another,0.1442942208639418
anti,0.2658569101797752
any,0.1504602816662984
anymore,0.1618727247361693
anyone,0.151270775193521
anything,0.2540309176950682
ap,0.2500865766313553
apartment,0.1984748915997329
ape,0.1824552746959061
apes,0.1780655339314804
apparel,0.2999676259941186
apparently,0.2600238112154098
appel,0.2999676259941186
applications,0.2758851054843536
applied,0.2758851054843536
appreciation,0.2758851054843536
approximately,0.241385611753937
apt,0.2758851054843536
arab,0.2174693650254091
are,0.18731970956441
area,0.0898111578179486
argue,0.241385611753937
ariel,0.2999676259941186
arms,0.1954253217553395
army,0.1872536620266978
around,0.223001355238971
art,0.1802139995771872
article,0.2003145023630354
aryan,0.1634484939149016
as,0.2473580749232725
ask,0.2016040666103639
asked,0.2302386954344739
asking,0.2052057148099754
ass,0.2600238112154098
assassin,0.241385611753937
assignment,0.2610138323762697
asst,0.2999676259941186
assuming,0.241385611753937
aswell,0.241385611753937
at,0.2621653549502092
ate,0.2610138323762697
atleast,0.3068970668906189
atop,0.2999676259941186
atrabilious,0.2758851054843536
attachment,0.2758851054843536
attack,0.1279640196191445
attacked,0.2459191117360754
attempted,0.2500865766313553
attention,0.1740166493297413
audience,0.2500865766313553
australia,0.2130221037729962
authorities,0.2089552952680086
authority,0.2610138323762697
auto,0.2610138323762697
average,0.1872536620266978
aw,0.2758851054843536
awards,0.2500865766313553
away,0.2827028131636415
awful,0.2278770964950076
awhile,0.2601368187993332
b,0.1990544259213837
baby,0.1721033076466162
bach,0.2278770964950076
back,0.2701350188001274
backing,0.2758851054843536
backpack,0.2610138323762697
backward,0.2758851054843536
bad,0.2226071377740595
bag,0.2052057148099754
balance,0.2758851054843536
ball,0.2671356835402115
ballistic,0.2500865766313553
ballot,0.2999676259941186
balls,0.2278770964950076
band,0.1920407509762043
bank,0.2130221037729962
bankruptcy,0.2999676259941186
banner,0.241385611753937
bar,0.2200927067126292
barrett,0.2758851054843536
bars,0.2962696480897575
baseball,0.234125090348718
bashed,0.2758851054843536
basketball,0.234125090348718
bat,0.2500865766313553
baton,0.2758851054843536
battle,0.2089552952680086
bbc,0.1898333100014528
be,0.2703685345409298
beach,0.2052057148099754
bear,0.222381851321548
beaten,0.1898333100014528
beautiful,0.1279640196191445
because,0.2791726611453676
becouse,0.241385611753937
beds,0.2999676259941186
bedside,0.2999676259941186
been,0.1782588910259426
beethoven,0.241385611753937
beethovenian,0.2999676259941186
before,0.2075661208540629
begging,0.241385611753937
behind,0.2437793527132703
being,0.1761176566372516
believe,0.1681150362466927
bell,0.2089552952680086
below,0.1740166493297413
benefits,0.2174693650254091
bernstein,0.2999676259941186
best,0.1666764954370398
bet,0.2239150833069232
better,0.2311497514667045
big,0.2134703315327301
bigger,0.2017249076957935
bigot,0.2758851054843536
bit,0.1618727247361693
bitch,0.2278770964950076
bits,0.2610138323762697
black,0.2599833813150044
blacks,0.1120914194566537
blazak,0.2999676259941186
blazer,0.2999676259941186
blessings,0.2999676259941186
blew,0.2500865766313553
blind,0.222381851321548
blog,0.2130221037729962
blood,0.1362056013466759
blows,0.2999676259941186
blue,0.1371975268438515
boat,0.222381851321548
boatloads,0.2999676259941186
bodies,0.2052057148099754
body,0.1684719010074631
bomber,0.2500865766313553
bombings,0.2758851054843536
bonus,0.2999676259941186
bonuses,0.2758851054843536
book,0.1435369152639026
boot,0.2278770964950076
bother,0.2089552952680086
bought,0.1898333100014528
bourgeois,0.2999676259941186
bow,0.2500865766313553
boxes,0.2500865766313553
boy,0.3052141517670974
boyfriend,0.222381851321548
boys,0.1780655339314804
brand,0.234125090348718
branded,0.2999676259941186
bratislava,0.2999676259941186
brave,0.234125090348718
break,0.1847983596268498
breath,0.2500865766313553
brethren,0.241385611753937
bring,0.1618727247361693
bringing,0.241385611753937
britain,0.1650714711739678
bronze,0.2999676259941186
brother,0.2541708568500221
brothers,0.1424304572085385
brought,0.2500310841338375
brown,0.2134703315327301
browns,0.241385611753937
bs,0.2017249076957935
building,0.1847983596268498
bullet,0.222381851321548
bullets,0.2758851054843536
bum,0.2758851054843536
bumps,0.2999676259941186
bunch,0.2100554752805851
burglary,0.2610138323762697
burning,0.222381851321548
burrowed,0.2999676259941186
bus,0.1702566504369363
bust,0.2758851054843536
buste,0.2999676259941186
busy,0.222381851321548
but,0.2636441465050679
butchy,0.2999676259941186
butt,0.2877992459427301
by,0.2307237338936239
ca,0.2110274516479782
call,0.2133700972077041
called,0.2032209159311311
calling,0.2490972846048511
came,0.2355917586294029
campaign,0.2089552952680086
can,0.2060374558719943
canada,0.1726506828225906
cannot,0.2318053121111062
cant,0.2192076046444676
cantor,0.2999676259941186
capital,0.222381851321548
capped,0.2999676259941186
car,0.2432337891788983
care,0.2332590748330901
carrying,0.2089552952680086
cars,0.1847983596268498
case,0.2029246413330576
caste,0.2999676259941186
castle,0.222381851321548
cat,0.2278770964950076
catch,0.2130221037729962
catches,0.2758851054843536
caught,0.2654650119605131
cause,0.2133700972077041
cbs,0.2758851054843536
celebrated,0.2278770964950076
celebrity,0.2610138323762697
cell,0.2500865766313553
celtic,0.1780655339314804
central,0.2089552952680086
century,0.2174693650254091
certain,0.2280428968531698
chairman,0.2610138323762697
champion,0.2758851054843536
change,0.1506716419301829
changed,0.2130221037729962
changes,0.241385611753937
channel,0.2259375677820864
characters,0.2500865766313553
charge,0.1925515581348793
charged,0.2997499258945969
charity,0.2999676259941186
charney,0.2758851054843536
chased,0.2758851054843536
chases,0.2999676259941186
chasing,0.2962696480897575
cheated,0.2999676259941186
check,0.1659699231990525
checking,0.2962696480897575
cheese,0.2610138323762697
chess,0.2999676259941186
chick,0.2758851054843536
chief,0.2500865766313553
child,0.1230464384271103
children,0.1916555784415737
chimp,0.241385611753937
chinese,0.2148367257055479
chip,0.2500865766313553
chocolate,0.241385611753937
chosen,0.2278770964950076
christ,0.2600238112154098
christian,0.1978224262232114
christianity,0.2278770964950076
christmas,0.1721033076466162
chrommagus,0.2999676259941186
chron,0.2758851054843536
chronicle,0.2758851054843536
church,0.1780655339314804
churchill,0.2610138323762697
cigarette,0.2999676259941186
citizen,0.234125090348718
city,0.1568546939653642
claim,0.2302386954344739
claims,0.262283281536677
clamp,0.2999676259941186
class,0.2212956721025283
classifications,0.2758851054843536
cleaning,0.2174693650254091
cliams,0.2999676259941186
clinging,0.2999676259941186
clips,0.2758851054843536
close,0.2029246413330576
cnn,0.2278770964950076
coat,0.241385611753937
cohesion,0.2999676259941186
coke,0.2610138323762697
coldblooded,0.2999676259941186
college,0.1238383892740116
com,0.1154258830699894
coma,0.2999676259941186
come,0.0853510238673883
comes,0.1446652913734118
coming,0.174242902957373
communicate,0.2758851054843536
communism,0.2962696480897575
community,0.2162138176509555
company,0.2219687601924021
complaining,0.2500865766313553
complete,0.2130221037729962
completely,0.2866131478046988
complex,0.234125090348718
comrade,0.2500865766313553
concerns,0.2610138323762697
concerts,0.2758851054843536
conclusion,0.241385611753937
confess,0.2758851054843536
confined,0.2758851054843536
confirmed,0.241385611753937
confused,0.241385611753937
conquer,0.2610138323762697
consider,0.2325337179490334
conslour,0.2999676259941186
constitution,0.2610138323762697
continue,0.1702566504369363
contract,0.2610138323762697
contrapuntal,0.2999676259941186
control,0.1634484939149016
convictions,0.2758851054843536
cookies,0.2758851054843536
cool,0.2100554752805851
cop,0.2374635912807838
cops,0.2429360261603897
corps,0.2174693650254091
correct,0.1847983596268498
could,0.2279052112852753
council,0.2174693650254091
count,0.1925515581348793
country,0.2345049011799161
course,0.1506716419301829
court,0.2349380858114451
cousin,0.2610138323762697
coward,0.2999676259941186
cowardly,0.241385611753937
cowards,0.2610138323762697
crack,0.2278770964950076
crap,0.1888372308782339
creator,0.2610138323762697
credited,0.2999676259941186
cretin,0.2999676259941186
crime,0.1163519457282454
crimes,0.1954253217553395
criminal,0.2302386954344739
crisis,0.2610138323762697
crooked,0.234125090348718
cross,0.2200927067126292
culturalism,0.2758851054843536
culture,0.1296981197092574
currently,0.2017249076957935
custody,0.2746342821884739
customer,0.2500865766313553
d,0.1737215264475171
daddy,0.234125090348718
damian,0.2999676259941186
damn,0.1684719010074631
dark,0.1458165370096662
darkies,0.2758851054843536
dat,0.241385611753937
date,0.1872536620266978
dating,0.2130221037729962
daughter,0.2578617223826998
david,0.2331078146914669
day,0.2305833719742898
days,0.1135982153697986
dead,0.2331078146914669
deaf,0.2500865766313553
dealers,0.2500865766313553
death,0.1262792757529701
deaths,0.234125090348718
debt,0.2610138323762697
decided,0.2280428968531698
decked,0.2758851054843536
dedicated,0.2174693650254091
deeds,0.2758851054843536
defending,0.2807255553852731
defense,0.1898333100014528
definitly,0.2758851054843536
defrauded,0.2999676259941186
degrade,0.2999676259941186
delight,0.2999676259941186
demarco,0.2758851054843536
democracy,0.2610138323762697
demoralize,0.2999676259941186
demoralizing,0.2999676259941186
den,0.2610138323762697
deputies,0.241385611753937
dere,0.2999676259941186
desert,0.234125090348718
deserve,0.222381851321548
deserved,0.2758851054843536
desperate,0.2500865766313553
despised,0.2999676259941186
destined,0.2758851054843536
destroy,0.2429360261603897
destroyed,0.2174693650254091
destroys,0.2500865766313553
determined,0.2610138323762697
deviant,0.2610138323762697
devise,0.2999676259941186
did,0.3258558616445767
didnt,0.1898333100014528
die,0.2042778730319584
died,0.2601368187993332
dies,0.234125090348718
different,0.2221748637061897
difficult,0.2278770964950076
dime,0.2999676259941186
directions,0.2999676259941186
directly,0.234125090348718
discovered,0.222381851321548
disease,0.2130221037729962
dised,0.2999676259941186
disgusted,0.2692737725980185
disgusting,0.1603413215322604
dissappeared,0.2758851054843536
distance,0.222381851321548
distribution,0.241385611753937
disturbing,0.222381851321548
dive,0.2999676259941186
diversity,0.2148367257055479
dna,0.1802139995771872
do,0.2023034769179556
documentary,0.2089552952680086
documentation,0.2610138323762697
doer,0.2999676259941186
does,0.2616398738641152
dog,0.1634484939149016
dogs,0.1780655339314804
doing,0.2464113977169987
dole,0.2758851054843536
domestic,0.2999676259941186
don,0.1931503123652337
done,0.2072364295485747
dont,0.2287974584719686
door,0.1702566504369363
double,0.1984748915997329
dov,0.2999676259941186
down,0.2387045937204702
dr,0.1446652913734118
drafted,0.2999676259941186
draw,0.2601368187993332
dressed,0.2130221037729962
drew,0.2610138323762697
drink,0.1780655339314804
drop,0.2130221037729962
dropped,0.2962696480897575
drought,0.2500865766313553
drugs,0.2490972846048511
dubious,0.2999676259941186
dude,0.2644792724967404
duke,0.2219687601924021
dumb,0.1603413215322604
during,0.2417141417022772
dusty,0.2758851054843536
dynamite,0.2758851054843536
each,0.1230464384271103
early,0.1684719010074631
earshot,0.2999676259941186
earth,0.1559885191897013
east,0.1634484939149016
eat,0.1559885191897013
eating,0.1802139995771872
eddie,0.2610138323762697
education,0.1618727247361693
egyptians,0.2130221037729962
eh,0.222381851321548
ein,0.2999676259941186
einstein,0.241385611753937
eisenhower,0.2758851054843536
either,0.1920407509762043
elementary,0.222381851321548
elites,0.2500865766313553
els,0.2999676259941186
else,0.1599563250059945
empire,0.222381851321548
employed,0.2758851054843536
employees,0.2500865766313553
enchantment,0.2999676259941186
encouraging,0.2500865766313553
end,0.210661111720372
ended,0.2962696480897575
enemy,0.1802139995771872
energy,0.234125090348718
engaged,0.2758851054843536
engelhardt,0.2999676259941186
england,0.2070895982889366
english,0.1605959164370148
enjoying,0.2999676259941186
enjoyment,0.2999676259941186
enough,0.2200502543866951
enriched,0.2758851054843536
entertainment,0.2174693650254091
episode,0.222381851321548
equipment,0.2610138323762697
especially,0.1588516959120974
establishedmen,0.2999676259941186
estate,0.2278770964950076
etc,0.2229004049093416
eu,0.1984748915997329
europe,0.1688474492254997
even,0.2346621085844964
event,0.1702566504369363
ever,0.2317916532001716
every,0.2023031338207952
everybody,0.2052057148099754
everyone,0.1214932470685176
everything,0.2171942397830345
evil,0.2165310942837593
exactly,0.1978224262232114
example,0.1588516959120974
examples,0.2500865766313553
excelled,0.2999676259941186
exception,0.2610138323762697
excuse,0.222381851321548
executive,0.2500865766313553
expect,0.1898333100014528
expelled,0.2758851054843536
experience,0.1898333100014528
experiences,0.241385611753937
expert,0.2278770964950076
explores,0.2999676259941186
expose,0.2758851054843536
expressed,0.2610138323762697
extent,0.2500865766313553
extremist,0.2758851054843536
eyed,0.222381851321548
eyes,0.2210329701947546
f,0.1574014836242536
fa,0.2610138323762697
facade,0.2999676259941186
face,0.1909526217506602
facebook,0.1760020400449241
faces,0.1925515581348793
facility,0.2610138323762697
fact,0.2674442379749849
fag,0.2089552952680086
failed,0.2278770964950076
faith,0.234125090348718
fall,0.1954253217553395
false,0.1954253217553395
falsely,0.2758851054843536
families,0.2219687601924021
family,0.1894262605098467
fan,0.2089552952680086
fans,0.2174693650254091
far,0.2323855868172371
farming,0.2758851054843536
fast,0.1634484939149016
fatally,0.2758851054843536
father,0.2516845426691109
faults,0.2999676259941186
favorite,0.1780655339314804
favourite,0.2500865766313553
featured,0.2999676259941186
federal,0.234125090348718
fedor,0.2999676259941186
feds,0.2500865766313553
feel,0.1562526789912628
feeling,0.2017249076957935
feet,0.2482467641767511
fell,0.241385611753937
fella,0.2999676259941186
fellow,0.1925515581348793
felony,0.2610138323762697
felt,0.2401240913849502
feral,0.2130221037729962
few,0.2439845252609459
fictional,0.2758851054843536
field,0.2089552952680086
fight,0.1718703412080863
fighting,0.1618727247361693
fights,0.222381851321548
figure,0.1684719010074631
figures,0.2490972846048511
file,0.2490972846048511
filed,0.2500865766313553
filipina,0.2999676259941186
film,0.2325337179490334
films,0.234125090348718
filthy,0.2459191117360754
find,0.1897398762893147
fine,0.1898333100014528
finger,0.2278770964950076
finially,0.2999676259941186
finishing,0.2610138323762697
firebird,0.2999676259941186
fired,0.2692737725980185
first,0.2248933923649319
fish,0.1650714711739678
fits,0.2174693650254091
flag,0.2325337179490334
flagged,0.2999676259941186
floor,0.2459191117360754
flop,0.2999676259941186
florida,0.1824552746959061
flyers,0.2174693650254091
fmj,0.2758851054843536
folklore,0.2758851054843536
food,0.2181919453660477
fool,0.2610138323762697
fools,0.2174693650254091
foot,0.1984748915997329
football,0.1603413215322604
for,0.2682361341607829
force,0.2116021254214722
forced,0.2259375677820864
forces,0.241385611753937
foreign,0.2325337179490334
forest,0.2174693650254091
forgein,0.2999676259941186
formal,0.2999676259941186
formed,0.2999676259941186
former,0.2610138323762697
forms,0.2278770964950076
forum,0.0987076831979309
forums,0.2280428968531698
forward,0.2259375677820864
foster,0.2758851054843536
fought,0.2692737725980185
found,0.2215532441375704
fourteen,0.2999676259941186
fourth,0.2500865766313553
france,0.2052057148099754
free,0.0976559011878147
french,0.2223696381711051
friend,0.287964164855566
friends,0.1036696241832601
from,0.2772162963949818
front,0.1792955852167742
fugitive,0.2610138323762697
full,0.1819959849433494
fun,0.2239150833069232
fund,0.2999676259941186
fundamental,0.2758851054843536
fundamentalists,0.2999676259941186
funds,0.234125090348718
funerals,0.2999676259941186
funnel,0.2999676259941186
funneling,0.2999676259941186
funny,0.2268857074145697
future,0.1352303523296223
gacek,0.2999676259941186
gang,0.1872536620266978
garda,0.2610138323762697
garry,0.2999676259941186
gas,0.2089552952680086
gat,0.2999676259941186
gather,0.2758851054843536
gaurd,0.2758851054843536
gave,0.2687132076990917
gay,0.2056655459948584
gdansk,0.2999676259941186
gdyjju,0.2999676259941186
generally,0.2130221037729962
genesis,0.2758851054843536
german,0.1810818176203651
germans,0.1898333100014528
get,0.2107767598371156
gets,0.2758882761049732
getting,0.2298700689877525
gf,0.2610138323762697
ghetto,0.1898333100014528
ghost,0.234125090348718
girl,0.1090577837769784
girls,0.1784226119702001
give,0.1556564701612703
giving,0.1702566504369363
glad,0.1650714711739678
go,0.2607799741046443
god,0.2275874349627348
goes,0.1371975268438515
going,0.2667837507229824
gone,0.1506716419301829
gonna,0.1802139995771872
good,0.1880003629706798
google,0.1872536620266978
got,0.3093876722116877
gotten,0.1925515581348793
government,0.200195138379056
goyim,0.2174693650254091
grabbed,0.2999676259941186
grabs,0.2610138323762697
grade,0.1925515581348793
grandad,0.2758851054843536
grandfather,0.2601368187993332
grandmother,0.234125090348718
gratitude,0.2999676259941186
graveland,0.2999676259941186
great,0.1155268589033919
greatest,0.2725203592983128
grinned,0.2999676259941186
group,0.1539015042924291
growing,0.1925515581348793
guards,0.222381851321548
guess,0.1192361348614164
guidance,0.2758851054843536
guide,0.241385611753937
guilty,0.2500865766313553
guinness,0.2758851054843536
guy,0.3133479586621135
guys,0.1838688748193491
gym,0.2130221037729962
gypsie,0.2758851054843536
gypsy,0.2500865766313553
had,0.2849805617368761
hair,0.2311497514667045
haired,0.2610138323762697
half,0.2009371766938326
hall,0.2130221037729962
hand,0.2684351658241592
handed,0.2278770964950076
hands,0.2116021254214722
handwritten,0.2999676259941186
happened,0.2318053121111062
happens,0.1740166493297413
happy,0.1898850542052856
hard,0.2040022838206367
harm,0.241385611753937
harmonic,0.2999676259941186
harris,0.241385611753937
has,0.3006447317347214
hate,0.1505333165098281
hated,0.2174693650254091
hates,0.2644792724967404
have,0.2544127505978315
havent,0.2278770964950076
having,0.2143023280298674
he,0.6523775851441201
head,0.1920407509762043
heads,0.1847983596268498
heal,0.2758851054843536
healthy,0.2130221037729962
heard,0.2540709758029276
hearing,0.2052057148099754
hector,0.2999676259941186
heem,0.2758851054843536
heights,0.2999676259941186
hell,0.1645811272521478
hello,0.1458165370096662
help,0.1973163724434777
her,0.2069367917689627
herd,0.234125090348718
here,0.1950122911660209
hero,0.2692737725980185
hes,0.2610138323762697
hey,0.2382874344867567
hide,0.1760020400449241
high,0.1116112181907623
hilarious,0.222381851321548
him,0.3981794333598364
himself,0.2525000155577136
his,0.4018955450203755
historian,0.3213419231195796
history,0.1305846688181157
hit,0.1684719010074631
hitchens,0.2758851054843536
hmm,0.241385611753937
holahoax,0.2610138323762697
hold,0.1898333100014528
holiday,0.2174693650254091
holly,0.2758851054843536
holocaust,0.1603413215322604
home,0.2291642487050512
homeschool,0.234125090348718
homeschooled,0.2278770964950076
homeschooling,0.222381851321548
honest,0.2089552952680086
honour,0.1984748915997329
hook,0.222381851321548
hooking,0.2999676259941186
hop,0.2017249076957935
hope,0.2252388348948494
hopefully,0.1740166493297413
hops,0.2999676259941186
horror,0.2610138323762697
hose,0.2999676259941186
hours,0.1667447869857026
house,0.2293423424304631
housing,0.241385611753937
houston,0.2052057148099754
how,0.2656466990988649
however,0.1684719010074631
http,0.0499457923792223
https,0.0921615278613187
huffed,0.2999676259941186
human,0.2131948591881654
humans,0.1824552746959061
hung,0.2758851054843536
hungry,0.234125090348718
hurt,0.2017249076957935
i,0.2804425706745275
id,0.1650714711739678
identity,0.2459191117360754
idiot,0.2089552952680086
ie,0.2349380858114451
if,0.3120276505060418
igger,0.2758851054843536
ill,0.1802139995771872
im,0.1338091862028425
immigration,0.2116021254214722
important,0.2085521401588969
impression,0.2278770964950076
in,0.3068139413991058
inc,0.241385611753937
incinerate,0.2999676259941186
indeed,0.2116021254214722
independent,0.2278770964950076
indictement,0.2999676259941186
indirectly,0.2999676259941186
indistinguishable,0.2999676259941186
inflate,0.2999676259941186
info,0.1532665376034473
infringed,0.2999676259941186
ing,0.1984748915997329
inner,0.2500865766313553
innocent,0.2174693650254091
insanity,0.2610138323762697
inspiration,0.2999676259941186
instant,0.241385611753937
instead,0.1603413215322604
instinct,0.2500865766313553
integration,0.241385611753937
intended,0.241385611753937
intentionally,0.2610138323762697
interested,0.1574014836242536
interviewed,0.2500865766313553
into,0.2847179274118009
introduce,0.234125090348718
invasion,0.241385611753937
iraq,0.2610138323762697
ireland,0.1329727049055025
irish,0.1463063352686766
irving,0.2174693650254091
is,0.3371909978520548
isaac,0.2999676259941186
ishmael,0.2999676259941186
islamic,0.2174693650254091
israel,0.2116021254214722
israeli,0.2692737725980185
it,0.282676061060643
italy,0.2500865766313553
its,0.0578119201243179
itself,0.2302386954344739
ivan,0.2758851054843536
jackson,0.222381851321548
jacqueline,0.2999676259941186
jail,0.1847983596268498
jerk,0.2758851054843536
jerry,0.2610138323762697
jesus,0.2654650119605131
jew,0.2551759909150728
jewel,0.2999676259941186
jewish,0.2932104620673537
jews,0.235335439391138
jewwatch,0.2999676259941186
jimmy,0.2746342821884739
job,0.1898850542052856
joeblogs,0.2999676259941186
johnny,0.3152653575814017
johns,0.2999676259941186
join,0.1838688748193491
joined,0.1824552746959061
jokes,0.2758851054843536
jones,0.2278770964950076
jose,0.2610138323762697
journey,0.2758851054843536
jp,0.2999676259941186
jr,0.2500865766313553
judge,0.2165310942837593
jumped,0.2174693650254091
junior,0.241385611753937
jurors,0.2758851054843536
jus,0.2610138323762697
just,0.2568752418783067
justin,0.2174693650254091
k,0.1740166493297413
kampf,0.234125090348718
karpov,0.2999676259941186
kasparov,0.2999676259941186
katz,0.2999676259941186
keep,0.2247707003164845
kept,0.2601368187993332
kick,0.1824552746959061
kicked,0.2278770964950076
kicks,0.2758851054843536
kid,0.2298700689877525
kidnaps,0.2999676259941186
kids,0.1388743673033785
kill,0.1559885191897013
killed,0.2318053121111062
killer,0.2610138323762697
killing,0.2148367257055479
kills,0.2962696480897575
kind,0.2549458954031423
kinda,0.2089552952680086
king,0.1925515581348793
kiss,0.2130221037729962
kitchen,0.2999676259941186
klanmen,0.2999676259941186
knew,0.3052894489341554
knife,0.3003578014610431
knocked,0.2130221037729962
knocking,0.2610138323762697
know,0.1980179852325126
knowbody,0.2999676259941186
known,0.1954253217553395
knows,0.2056655459948584
kosher,0.222381851321548
lack,0.2017249076957935
lads,0.222381851321548
lane,0.2610138323762697
languages,0.1984748915997329
larceny,0.2758851054843536
largest,0.2130221037729962
last,0.2228579875629596
later,0.1978224262232114
latest,0.1984748915997329
laugh,0.2116021254214722
laughing,0.2017249076957935
laurie,0.2999676259941186
law,0.1966171930697205
laying,0.2500865766313553
lazy,0.2130221037729962
lead,0.1925515581348793
leader,0.2610138323762697
learn,0.1382067522017294
learned,0.222381851321548
least,0.1718703412080863
lebanese,0.241385611753937
left,0.2515810121136826
legs,0.241385611753937
lessons,0.2500865766313553
let,0.1857874802982196
lets,0.2567775066459283
level,0.1847983596268498
lied,0.2758851054843536
lies,0.2374635912807838
life,0.2160162220575436
lifestyle,0.2758851054843536
light,0.1352303523296223
lighter,0.2500865766313553
like,0.2765718254354235
likened,0.2999676259941186
likes,0.2130221037729962
limerick,0.2278770964950076
limerickpost,0.2999676259941186
lincoln,0.2758851054843536
line,0.2437793527132703
lines,0.2052057148099754
lips,0.234125090348718
liquid,0.2758851054843536
list,0.1618727247361693
listed,0.2500865766313553
listen,0.2042778730319584
listening,0.2490972846048511
literally,0.2017249076957935
lithuanian,0.2758851054843536
little,0.2101268564651671
live,0.1208540626737509
lived,0.2085521401588969
lives,0.2165310942837593
livestock,0.2610138323762697
living,0.1214932470685176
ll,0.1782268436906092
locked,0.234125090348718
lodz,0.2999676259941186
lol,0.174242902957373
london,0.1333275565200254
lone,0.2500865766313553
long,0.1732442576256842
look,0.1711183996095087
looked,0.1588516959120974
lookin,0.2610138323762697
looking,0.1244100767525769
looks,0.2349365742652359
lord,0.2130221037729962
lose,0.2017249076957935
loses,0.2758851054843536
lost,0.1684719010074631
lot,0.2330131925330292
lots,0.1382067522017294
louis,0.2278770964950076
love,0.1888128644372828
lower,0.234125090348718
lucky,0.2601368187993332
lucrative,0.2999676259941186
m,0.1789245045997037
made,0.1593233447100808
magazine,0.2962696480897575
mainstream,0.2130221037729962
maintain,0.2500865766313553
make,0.2199177681936865
maker,0.2500865766313553
makers,0.2999676259941186
makes,0.1767148446346726
making,0.2042778730319584
male,0.2493071947941311
males,0.1984748915997329
man,0.2688584579434478
managed,0.222381851321548
managers,0.2999676259941186
manhattan,0.2500865766313553
many,0.1924551079565076
marco,0.241385611753937
marine,0.2130221037729962
marines,0.241385611753937
marlene,0.2999676259941186
marriage,0.2785805952666729
married,0.2130221037729962
marte,0.2999676259941186
marxist,0.2089552952680086
mate,0.2325337179490334
material,0.2130221037729962
maternal,0.2999676259941186
math,0.2401240913849502
matter,0.2481562671655071
may,0.2323855868172371
maybe,0.2509691055905672
me,0.256311327137585
means,0.2541708568500221
meant,0.2754548261597485
measure,0.234125090348718
meat,0.222381851321548
meet,0.1659699231990525
meeting,0.2525000155577136
meetings,0.2500865766313553
mein,0.234125090348718
member,0.2148367257055479
men,0.2207500126645353
mentally,0.2610138323762697
mention,0.1780655339314804
mentioned,0.2130221037729962
messed,0.2500865766313553
mestizos,0.2500865766313553
meth,0.2999676259941186
mexican,0.1984748915997329
michael,0.1954253217553395
might,0.2072364295485747
mile,0.2130221037729962
military,0.1824552746959061
million,0.2219687601924021
mind,0.1519540008447359
minded,0.1847983596268498
mine,0.1588516959120974
minister,0.1802139995771872
minority,0.1559885191897013
mins,0.2610138323762697
minute,0.2490972846048511
missed,0.2610138323762697
missing,0.1925515581348793
mob,0.2278770964950076
modern,0.1898333100014528
moment,0.1740166493297413
money,0.2160162220575436
monique,0.2999676259941186
monkey,0.2052057148099754
monkeys,0.1984748915997329
monkies,0.2999676259941186
month,0.2318053121111062
months,0.2085521401588969
moore,0.2130221037729962
mor,0.2999676259941186
more,0.21908269325941
morning,0.2219687601924021
moscow,0.2130221037729962
most,0.1519540781305787
mostly,0.1634484939149016
mother,0.2162138176509555
motivic,0.2999676259941186
mourn,0.2758851054843536
mousy,0.2758851054843536
movies,0.1684719010074631
mph,0.2999676259941186
mr,0.2740048375732077
msi,0.2999676259941186
much,0.2096529091548148
multi,0.222381851321548
multiply,0.241385611753937
murder,0.1954375076504655
murders,0.2644792724967404
museum,0.222381851321548
music,0.1135982153697986
muslim,0.1684719010074631
muslims,0.1847983596268498
must,0.158696829921797
my,0.2849522560294085
myspace,0.2999676259941186
n,0.2173676111503682
nail,0.2610138323762697
name,0.1568546939653642
named,0.2758851054843536
names,0.1954253217553395
nation,0.177562498760735
national,0.1546108140414885
nationalist,0.1103213113293789
nationality,0.241385611753937
nazi,0.2374635912807838
nbc,0.234125090348718
ne,0.2500865766313553
near,0.1446652913734118
nearest,0.234125090348718
need,0.1679800363899763
needless,0.2999676259941186
needs,0.1824552746959061
neevr,0.2999676259941186
negro,0.261655366015887
negroes,0.1392339371976888
neither,0.1984748915997329
neo,0.2278770964950076
nerve,0.2807255553852731
never,0.2123697878755924
new,0.1945849825756717
news,0.2050839150721779
next,0.2104317920342599
nice,0.1703397401910392
nigeria,0.2130221037729962
night,0.1305846688181157
niglet,0.241385611753937
nigs,0.234125090348718
no,0.2243899847440016
nobody,0.2017249076957935
non,0.1588193004961539
none,0.1588516959120974
nor,0.2401240913849502
nordic,0.1519540008447359
normal,0.1872536620266978
norway,0.1824552746959061
norwegian,0.2174693650254091
nose,0.2525000155577136
not,0.2735757943163469
nothing,0.2439998774903837
notice,0.1847983596268498
nottice,0.2999676259941186
now,0.2158726057943222
ns,0.1925515581348793
number,0.1684719010074631
numbers,0.1721033076466162
nurnberg,0.2999676259941186
nx6e,0.2999676259941186
nypd,0.2500865766313553
o,0.2056655459948584
obama,0.1802139995771872
obviously,0.2459191117360754
occasionally,0.234125090348718
odd,0.222381851321548
of,0.3190170936566082
off,0.2400178251332915
offended,0.2999676259941186
offer,0.222381851321548
offering,0.2500865766313553
officer,0.234125090348718
officials,0.2278770964950076
often,0.1780655339314804
og,0.2610138323762697
oh,0.2427371691561529
ohhh,0.2999676259941186
ok,0.1532665376034473
old,0.2573745810154487
on,0.3008782192383364
once,0.2336474547550918
one,0.2634512858759837
only,0.2368843237796826
onstage,0.2999676259941186
open,0.2143023280298674
opinion,0.2429360261603897
opposed,0.2174693650254091
or,0.2495235482573121
orders,0.2052057148099754
org,0.1003187610200016
organization,0.1898333100014528
origo,0.2999676259941186
orphanage,0.2999676259941186
orthodox,0.2807255553852731
other,0.2258245137093504
others,0.1362056013466759
our,0.1655469678569883
out,0.2512296150141405
outfit,0.2610138323762697
outside,0.1588516959120974
over,0.1990526717312369
overly,0.2610138323762697
overwhelming,0.241385611753937
own,0.2093159464087432
owned,0.2130221037729962
owner,0.1984748915997329
owners,0.234125090348718
owns,0.2999676259941186
packi,0.2999676259941186
paedophilia,0.2999676259941186
pagan,0.2174693650254091
pair,0.2089552952680086
panzerfaust,0.2999676259941186
paper,0.1802139995771872
parades,0.2999676259941186
parents,0.1305846688181157
parish,0.2999676259941186
parlor,0.2999676259941186
part,0.2116290054331027
particularly,0.2278770964950076
party,0.2407095263391529
pass,0.1469916683588166
passed,0.2052057148099754
patch,0.2758851054843536
pathetic,0.2278770964950076
patient,0.2500865766313553
paulus,0.2999676259941186
pay,0.1650714711739678
paying,0.2278770964950076
payments,0.2610138323762697
peeps,0.2999676259941186
pellets,0.2610138323762697
people,0.2018165227873521
performance,0.2758851054843536
perhaps,0.2131948591881654
person,0.262164903126746
personally,0.222381851321548
peter,0.2601368187993332
petty,0.2500865766313553
phd,0.2758851054843536
phone,0.1684719010074631
pic,0.2089552952680086
pick,0.1802139995771872
picking,0.234125090348718
picture,0.1382067522017294
piece,0.2374635912807838
pieces,0.241385611753937
pilate,0.2999676259941186
piss,0.234125090348718
place,0.1776748629899226
places,0.1519540008447359
planet,0.2116021254214722
planning,0.2130221037729962
play,0.2100554752805851
played,0.222381851321548
player,0.2937001331763854
playing,0.1780655339314804
please,0.1042458708178899
pm,0.2200502543866951
pocket,0.2500865766313553
point,0.2089234480155795
political,0.1954253217553395
pollute,0.2758851054843536
pontius,0.2999676259941186
pool,0.2174693650254091
poor,0.2504828936759876
pop,0.2130221037729962
portraying,0.2999676259941186
position,0.2174693650254091
positive,0.234125090348718
possession,0.241385611753937
possible,0.2131948591881654
post,0.1865938851959278
posted,0.1458165370096662
posts,0.2056655459948584
pounds,0.2500865766313553
pouring,0.2758851054843536
power,0.2280748245219483
pows,0.2999676259941186
practicing,0.2500865766313553
prawo,0.2999676259941186
preach,0.2962696480897575
pregnant,0.234125090348718
present,0.1824552746959061
presenting,0.2758851054843536
press,0.2017249076957935
pretending,0.241385611753937
pretty,0.1170602513090638
prevailing,0.2999676259941186
previous,0.241385611753937
preys,0.2999676259941186
priceless,0.2999676259941186
pride,0.1888372308782339
prime,0.2017249076957935
principal,0.2610138323762697
printing,0.2758851054843536
prison,0.2349380858114451
pro,0.2344424149974974
probably,0.2193586564694832
problem,0.1230464384271103
problems,0.1618727247361693
profession,0.2758851054843536
professor,0.234125090348718
professors,0.2610138323762697
project,0.1925515581348793
promise,0.2500865766313553
promises,0.2999676259941186
property,0.256164182849164
protect,0.1954253217553395
proud,0.1858047603564353
prove,0.2130221037729962
prowling,0.2999676259941186
pub,0.241385611753937
public,0.2564003011245398
pulpit,0.2999676259941186
punched,0.2758851054843536
punk,0.2877992459427301
puppet,0.2500865766313553
pursue,0.2999676259941186
push,0.2174693650254091
put,0.2595530683330365
putting,0.1954253217553395
q,0.2644792724967404
quarter,0.234125090348718
quebec,0.2500865766313553
question,0.1802139995771872
quit,0.2174693650254091
quite,0.1574014836242536
quoting,0.2999676259941186
quran,0.2999676259941186
ra,0.241385611753937
race,0.133421214939728
races,0.1506716419301829
racial,0.1848286591355917
racism,0.2866131478046988
racist,0.2336474547550918
radio,0.1574014836242536
rag,0.2610138323762697
rain,0.222381851321548
ran,0.2725203592983128
rancher,0.2999676259941186
randy,0.2999676259941186
rape,0.1847983596268498
raped,0.2174693650254091
rapes,0.2601368187993332
raping,0.2174693650254091
rapist,0.241385611753937
rat,0.3249018301822623
ratajczak,0.2999676259941186
rather,0.1532665376034473
re,0.148278745410627
read,0.1751752354736034
reading,0.1650714711739678
reality,0.1847983596268498
really,0.1368242648557956
reason,0.1352303523296223
rebel,0.2278770964950076
recommended,0.2610138323762697
recovered,0.2999676259941186
red,0.2292902569893065
rednecks,0.2999676259941186
refugees,0.2130221037729962
refusing,0.2610138323762697
regal,0.2999676259941186
regarded,0.2999676259941186
regarding,0.234125090348718
released,0.2692737725980185
relies,0.2999676259941186
religion,0.1984748915997329
religious,0.2278770964950076
remember,0.2397226224715697
remind,0.2278770964950076
reply,0.1898333100014528
reported,0.1872536620266978
reporter,0.2610138323762697
represent,0.2758851054843536
requests,0.2999676259941186
require,0.241385611753937
reread,0.2758851054843536
reserve,0.2758851054843536
rest,0.1481917723891737
restaurant,0.1984748915997329
retailer,0.2610138323762697
retarded,0.2758851054843536
rethink,0.2999676259941186
retired,0.2999676259941186
reveals,0.2999676259941186
revelation,0.2758851054843536
reverence,0.2999676259941186
revision,0.2758851054843536
reyes,0.2758851054843536
rhythm,0.2758851054843536
rhythms,0.2999676259941186
richest,0.2999676259941186
right,0.2791892977325816
rish,0.2999676259941186
ritual,0.2610138323762697
river,0.1898333100014528
rlm,0.1824552746959061
road,0.1898333100014528
rob,0.2962696480897575
robably,0.2999676259941186
robber,0.2999676259941186
robberies,0.2999676259941186
robbers,0.2758851054843536
robust,0.2999676259941186
rock,0.1847983596268498
role,0.2130221037729962
roll,0.234125090348718
roman,0.2278770964950076
roosevelt,0.2999676259941186
rouge,0.2758851054843536
roughly,0.2758851054843536
ruling,0.2999676259941186
run,0.1819959849433494
s,0.3344077089270795
sa,0.2017249076957935
sacrifice,0.2174693650254091
sad,0.2257217090218687
safe,0.262283281536677
said,0.3080818812270229
saint,0.2758851054843536
salute,0.234125090348718
same,0.2047692037459095
sang,0.2999676259941186
sat,0.2525000155577136
satan,0.222381851321548
savage,0.2130221037729962
save,0.1702566504369363
saw,0.2151074324471886
say,0.2671069875520589
saying,0.2801010724373414
says,0.2710655675959852
scandianavism,0.2999676259941186
scared,0.2807255553852731
scene,0.2482467641767511
school,0.245762252299744
schooled,0.2758851054843536
schooling,0.2130221037729962
schools,0.1084355553839195
scotlandville,0.2999676259941186
screaming,0.2278770964950076
screams,0.2999676259941186
screw,0.2500865766313553
screwing,0.2610138323762697
scum,0.1532665376034473
second,0.2200927067126292
security,0.2721795240298316
see,0.233669356046302
seem,0.1702566504369363
seen,0.2454094338146803
sees,0.2999676259941186
selecting,0.2999676259941186
self,0.2448519891734698
sell,0.2374635912807838
selling,0.234125090348718
semitism,0.2877992459427301
send,0.1711001198388357
sent,0.2516845426691109
sentenced,0.2758851054843536
sergeant,0.2758851054843536
served,0.234125090348718
service,0.1954253217553395
serving,0.2999676259941186
set,0.1546108140414885
several,0.1519540008447359
sf,0.1446652913734118
shakespeare,0.2610138323762697
shame,0.1780655339314804
shared,0.2610138323762697
shave,0.241385611753937
she,0.19734296331572
sheep,0.222381851321548
sheet,0.234125090348718
sheriff,0.2500865766313553
shiloh,0.2999676259941186
shirt,0.2089552952680086
shocked,0.2807255553852731
shoot,0.2280428968531698
shooting,0.1802139995771872
shop,0.2490972846048511
shoplifter,0.2610138323762697
short,0.2165310942837593
should,0.2942617995514562
shoved,0.2758851054843536
shoving,0.2999676259941186
show,0.1815220120537514
showed,0.2894332517988641
shylock,0.2999676259941186
sick,0.2100554752805851
signals,0.2999676259941186
simian,0.2999676259941186
similar,0.1702566504369363
simple,0.1824552746959061
simply,0.1721033076466162
since,0.1054145089888328
sincerely,0.241385611753937
sing,0.234125090348718
single,0.1519540008447359
sir,0.241385611753937
sister,0.2116021254214722
sisters,0.1650714711739678
sit,0.2349380858114451
sitting,0.1802139995771872
six,0.1898333100014528
size,0.234125090348718
skin,0.1750554028743826
skinhead,0.2130221037729962
skinheads,0.2130221037729962
skinned,0.2500865766313553
skins,0.2089552952680086
sky,0.234125090348718
skyyjohn,0.2999676259941186
slap,0.2999676259941186
slavic,0.1740166493297413
slightly,0.2610138323762697
small,0.2040022838206367
smash,0.2758851054843536
smashed,0.2500865766313553
smile,0.2278770964950076
snapped,0.2999676259941186
so,0.2970331192325622
soap,0.2999676259941186
social,0.2148367257055479
societies,0.2500865766313553
sociology,0.2999676259941186
sofia,0.2610138323762697
sold,0.222381851321548
soldier,0.2500865766313553
some,0.2467560713754371
somene,0.2999676259941186
someone,0.1966753080076791
something,0.1899237975322404
somewhere,0.2578617223826998
son,0.2708414112240708
song,0.1469916683588166
songs,0.1984748915997329
soon,0.2243789101419821
sorry,0.2171942397830345
sort,0.1702566504369363
sound,0.2305332911094056
sparkly,0.2999676259941186
speaks,0.2278770964950076
specialist,0.2999676259941186
spells,0.2758851054843536
spends,0.3213419231195796
speny,0.2999676259941186
spirited,0.2758851054843536
spoke,0.2807255553852731
spring,0.234125090348718
squirm,0.2999676259941186
ss,0.2052057148099754
st,0.1413450250196306
stab,0.2999676259941186
stabbed,0.2500865766313553
stabbing,0.2500865766313553
stali,0.2999676259941186
stamps,0.2610138323762697
stand,0.1494180136529049
standing,0.1954253217553395
star,0.2429360261603897
stare,0.2278770964950076
staring,0.2500865766313553
start,0.1442942208639418
started,0.1931503123652337
starting,0.2459191117360754
starts,0.2349380858114451
state,0.2097857447840673
statement,0.2692737725980185
station,0.2374635912807838
statuatory,0.2999676259941186
stay,0.1413450250196306
staying,0.2610138323762697
steps,0.2610138323762697
still,0.2005936206968247
stolen,0.2877992459427301
stood,0.2937001331763854
stop,0.2153695751797306
stories,0.1824552746959061
stormed,0.2610138323762697
stormfront,0.1874104319877782
story,0.162555891643112
straight,0.1802139995771872
strange,0.1898333100014528
straw,0.2758851054843536
street,0.1546108140414885
streets,0.1872536620266978
stride,0.2758851054843536
strides,0.2999676259941186
string,0.2610138323762697
student,0.1780655339314804
students,0.1878083830693084
stuff,0.1362056013466759
stupid,0.1271156669545797
stupidity,0.2500865766313553
style,0.2459191117360754
subject,0.2017249076957935
substitute,0.2758851054843536
subvert,0.2999676259941186
succeeded,0.2999676259941186
such,0.104827463167343
sudden,0.2758851054843536
suddenly,0.2500865766313553
sue,0.2610138323762697
suffered,0.2999676259941186
suicide,0.2610138323762697
suing,0.2999676259941186
suit,0.241385611753937
suited,0.2610138323762697
sunday,0.2601368187993332
supermarket,0.2758851054843536
support,0.2290530950832699
supporters,0.2610138323762697
suppose,0.2401240913849502
sure,0.2391031774370448
surprised,0.1802139995771872
survived,0.2999676259941186
suspect,0.2401240913849502
suspected,0.2278770964950076
suspended,0.2746342821884739
sv,0.2999676259941186
swazi,0.2999676259941186
swedish,0.1780655339314804
swindling,0.2999676259941186
sydneys,0.2999676259941186
system,0.2331078146914669
t,0.226015552872284
table,0.256164182849164
taco,0.2610138323762697
take,0.2008190393883608
taken,0.2529134088892094
takes,0.2429360261603897
taking,0.1588516959120974
talentless,0.2999676259941186
talk,0.1771669507981736
talkin,0.2758851054843536
talking,0.1931503123652337
tall,0.1984748915997329
tampa,0.2999676259941186
tapp,0.2999676259941186
target,0.2174693650254091
tat,0.2758851054843536
tatto,0.2999676259941186
tattoos,0.234125090348718
taught,0.1925515581348793
taxes,0.2500865766313553
teacher,0.2368617570695984
teachers,0.177562498760735
teaches,0.222381851321548
teaching,0.2671356835402115
teachings,0.2999676259941186
team,0.1847983596268498
technique,0.2610138323762697
techniques,0.241385611753937
teens,0.234125090348718
tell,0.2147298147824867
telling,0.2500310841338375
tells,0.1984748915997329
tempting,0.2758851054843536
ten,0.2017249076957935
tenacity,0.2999676259941186
tend,0.1925515581348793
tenner,0.2999676259941186
tennessee,0.2758851054843536
termination,0.2999676259941186
terrible,0.2052057148099754
testament,0.2610138323762697
tested,0.2999676259941186
texas,0.1546108140414885
textures,0.2999676259941186
than,0.2141385972637255
thank,0.2170207711971171
that,0.3028621838072919
thats,0.2280748245219483
the,0.359651211376102
theft,0.241385611753937
their,0.1185095728967177
thelgbt,0.2999676259941186
them,0.1790504480269035
themselves,0.1246409694806751
then,0.2675153887896063
theodoric,0.2999676259941186
therapy,0.2999676259941186
there,0.1293745577263232
therefore,0.2130221037729962
these,0.1666550833746634
they,0.1914014632236356
thief,0.2758851054843536
thing,0.1874104319877782
things,0.2293423424304631
think,0.2051914175092283
thinking,0.2085521401588969
thinks,0.3041815700123706
third,0.2500310841338375
this,0.2443811242131975
those,0.1543836702001945
thought,0.2845334481488334
thousand,0.1824552746959061
thousands,0.1634484939149016
thread,0.1289429224898053
three,0.2029246413330576
threw,0.2746342821884739
through,0.1945700118490484
throw,0.1780655339314804
thrown,0.2601368187993332
thus,0.2174693650254091
till,0.1802139995771872
time,0.2349508552914493
times,0.2155803228242201
timmy,0.3213419231195796
to,0.3514753794923577
toddler,0.241385611753937
told,0.2961685152037671
tommy,0.2999676259941186
too,0.2482114079280115
tormented,0.2999676259941186
torn,0.2758851054843536
tourist,0.2500865766313553
towers,0.2999676259941186
town,0.1533273618275327
tragted,0.2999676259941186
traitor,0.2807255553852731
transplant,0.2610138323762697
transylvania,0.2610138323762697
trash,0.1872536620266978
traumatized,0.2999676259941186
travel,0.2052057148099754
traveller,0.2999676259941186
tree,0.2537964701963474
trek,0.2999676259941186
trespassing,0.2758851054843536
trial,0.2174693650254091
trials,0.2999676259941186
tribe,0.2174693650254091
tried,0.1506716419301829
trip,0.2174693650254091
tripped,0.2999676259941186
troll,0.2089552952680086
troops,0.2017249076957935
trouble,0.1898333100014528
trudeau,0.1984748915997329
true,0.1333275565200254
trump,0.2500865766313553
trunk,0.2610138323762697
trusted,0.2610138323762697
truth,0.2632505227660175
try,0.2359644277937728
trying,0.2330131925330292
tuesday,0.2130221037729962
turn,0.1898850542052856
turned,0.2429360261603897
turning,0.2017249076957935
turns,0.2130221037729962
twice,0.2819265275821068
twin,0.2610138323762697
two,0.2325624175876295
types,0.2130221037729962
typical,0.2374635912807838
tyrone,0.2999676259941186
u,0.1222648193611372
ugly,0.1984748915997329
unacceptable,0.2999676259941186
uncle,0.241385611753937
under,0.2359394508942212
underage,0.2999676259941186
understand,0.2056655459948584
uneven,0.2999676259941186
unfortunately,0.2182817014038595
union,0.2174693650254091
universe,0.2758851054843536
unnatural,0.2999676259941186
unrivaled,0.2999676259941186
untalented,0.2999676259941186
until,0.120731448408112
untill,0.2278770964950076
unwashed,0.2999676259941186
up,0.2681989987870025
upon,0.1847983596268498
upright,0.2999676259941186
ur,0.234125090348718
urban,0.2758851054843536
us,0.2242825197807521
use,0.1452923157208958
used,0.162555891643112
uses,0.2644792724967404
using,0.1469916683588166
usual,0.2017249076957935
utilities,0.2758851054843536
v,0.1819959849433494
valentino,0.2999676259941186
values,0.2429360261603897
vaporous,0.2999676259941186
ve,0.2026065063630896
verdict,0.2758851054843536
verl,0.241385611753937
very,0.2192127979620017
via,0.2174693650254091
vicious,0.2999676259941186
victim,0.1984748915997329
victims,0.1740166493297413
victoriously,0.2999676259941186
video,0.1875431139707149
views,0.2349380858114451
vile,0.2130221037729962
violence,0.1954253217553395
violent,0.1740166493297413
visiting,0.234125090348718
vote,0.1984748915997329
wagner,0.2610138323762697
wait,0.2124528183298877
waiting,0.2130221037729962
waits,0.2999676259941186
walk,0.1588516959120974
walked,0.2130221037729962
walking,0.1984748915997329
walks,0.3068970668906189
wanna,0.1984748915997329
want,0.1283600997961968
wanted,0.2223696381711051
wants,0.2823367784187593
was,0.3699397943615183
wash,0.2999676259941186
washed,0.2500865766313553
washington,0.2089552952680086
watch,0.1747476949277644
watched,0.1925515581348793
waving,0.2758851054843536
way,0.2213519120831723
we,0.2081836817200336
wealth,0.2610138323762697
web,0.1872536620266978
website,0.1574014836242536
week,0.2179991367577704
weeks,0.2692131501125408
weight,0.2174693650254091
weiss,0.2758851054843536
welfare,0.1872536620266978
well,0.2025393912991246
went,0.2688308675671143
were,0.1451731647628367
west,0.1667447869857026
what,0.2627176681051585
whatever,0.2482467641767511
when,0.2786012441732314
whenever,0.1984748915997329
where,0.243673657466446
wherever,0.2610138323762697
whether,0.2671356835402115
which,0.1631455603069277
while,0.2483286906950209
whine,0.2610138323762697
whiskers,0.2999676259941186
white,0.2657242016696104
whiten,0.2999676259941186
whites,0.1544739431028826
whitey,0.2130221037729962
who,0.2473322684282952
whole,0.1323989222436762
whut,0.2758851054843536
why,0.1554790789788752
wife,0.2416638539195636
wigger,0.2278770964950076
will,0.2309496408068444
williams,0.2500865766313553
win,0.2052057148099754
wind,0.222381851321548
wins,0.2758851054843536
winter,0.2130221037729962
wisdom,0.241385611753937
wit,0.2610138323762697
with,0.3137730160062972
within,0.1667447869857026
wo,0.1574014836242536
wolves,0.2130221037729962
woman,0.2160162220575436
women,0.1054145089888328
won,0.2937001331763854
wonder,0.2483654470101704
wonderful,0.1872536620266978
wondering,0.1760020400449241
word,0.2350318977935135
words,0.1588516959120974
wore,0.234125090348718
work,0.1019719286524134
works,0.2131948591881654
world,0.1807754121735431
worlders,0.2610138323762697
worse,0.2100554752805851
worst,0.1847983596268498
worth,0.1780655339314804
would,0.2533320794697774
wouldnt,0.2610138323762697
wp,0.1824552746959061
wreck,0.2758851054843536
wrench,0.2999676259941186
wrist,0.2758851054843536
write,0.1954253217553395
wrong,0.2597521113510033
wrongful,0.2999676259941186
wrote,0.2052057148099754
ws,0.2999676259941186
wuz,0.2999676259941186
ww2,0.2174693650254091
www,0.0777469309490085
x,0.1824552746959061
x202a,0.1780655339314804
x202c,0.1780655339314804
y,0.2349380858114451
ya,0.1458165370096662
yard,0.2490972846048511
yards,0.2490972846048511
ye,0.234125090348718
yea,0.2174693650254091
yeah,0.1829248317824779
year,0.2101220037174057
years,0.2335502791376422
yes,0.2577252055227523
yesterday,0.2490972846048511
yet,0.1246409694806751
you,0.2241099673571392
your,0.1634660558259603
yourself,0.1314847852689559
youshchinsky,0.2999676259941186
youths,0.2758851054843536
youtube,0.1403854219632466
yr,0.241385611753937
