word,npmi-bias,him-npmi,him-count,his-npmi,his-count
his,-0.21931830851103296,0.4551497970598489,32,0.6744681055708819,199
only,-0.1357463627052135,0.1545253284405032,2,0.2902716911457167,12
were,-0.12273215287055779,0.098163922986449,1,0.2208960758570068,6
every,-0.12168311391617839,0.1210938016496663,1,0.2427769155658447,6
been,-0.1060459688215563,0.0966227136103723,1,0.2026686824319286,5
two,-0.10439098973793759,0.1382349766352128,1,0.2426259663731504,5
negro,-0.10356240894765498,0.2101035826468309,2,0.3136659915944859,9
name,-0.10309506881516006,0.2178100398439322,2,0.3209051086590923,9
march,-0.10119104394127962,0.2021736636650511,1,0.3033647076063307,5
murder,-0.10119104394127962,0.2021736636650511,1,0.3033647076063307,5
us,-0.085884687720989,0.1061611260340441,1,0.1920458137550331,4
than,-0.08586249634928979,0.1069119607676887,1,0.1927744571169785,4
those,-0.0858475190155236,0.1074169956695065,1,0.1932645146850301,4
country,-0.08520544758507761,0.1279093359927187,1,0.2131147835777963,4
has,-0.085148067126602,0.2242031001817263,5,0.3093511673083283,16
children,-0.08462028222479562,0.144959639290806,1,0.2295799215156016,4
anything,-0.084506102705567,0.1481379701536512,1,0.2326440728592182,4
another,-0.0843841954655882,0.151483321581016,1,0.2358675170466042,4
friends,-0.08407070775759798,0.1598723978269654,1,0.2439431055845634,4
ca,-0.0838916745735693,0.1645348318983235,1,0.2484265064718928,4
left,-0.0836142377443837,0.1715902054386163,1,0.255204443183,4
book,-0.08247070779334303,0.198806898300194,1,0.281277606093537,4
age,-0.08232118466308938,0.2021736636650511,1,0.2844948483281405,4
these,-0.08212371793720671,0.1558794403425057,2,0.2380031582797124,7
charged,-0.08143333700159797,0.2214018483365587,1,0.3028351853381567,4
first,-0.0809939586173053,0.184870301141983,2,0.2658642597592883,7
floor,-0.0798909945895821,0.2522110832706662,1,0.3321020778602483,4
teacher,-0.0782956625692808,0.2439802932247864,2,0.3222759557940672,7
wife,-0.07639563888132789,0.3036779726704364,3,0.3800736115517643,10
year,-0.07119656639299549,0.2045727456292547,3,0.2757693120222502,9
own,-0.0706891236530221,0.2172493143846898,3,0.2879384380377119,9
youtube,-0.06876757041628519,0.1137997681646556,2,0.1825673385809408,6
m,-0.0681196337070154,0.1385443094307083,2,0.2066639431377237,6
way,-0.0672123505994763,0.1691292544834133,2,0.2363416050828896,6
kids,-0.06718605499167349,0.1699605316686892,2,0.2371465866603627,6
family,-0.06545977641487394,0.2195970663608512,2,0.2850568427757251,6
front,-0.0646794803088451,0.2395552664325908,2,0.3042347467414359,6
behind,-0.0642169391783492,0.2508300592969267,2,0.3150469984752759,6
car,-0.06329274725759948,0.2723034740636727,2,0.3355962213212722,6
whites,-0.0616230198552257,0.0885876115387064,1,0.1502106313939321,3
many,-0.06117662897201469,0.1110577222319198,1,0.1722343512039345,3
more,-0.061005188488476886,0.1626607499389189,3,0.2236659384273958,8
also,-0.06086575849638062,0.1252311838145944,1,0.186096942310975,3
long,-0.06027973803177772,0.1495501435169778,1,0.2098298815487555,3
read,-0.060230307257144206,0.151483321581016,1,0.2117136288381602,3
thank,-0.06021764280252942,0.1519759955688955,1,0.2121936383714249,3
forum,-0.06013889937106662,0.1550158933475375,1,0.2151547927186041,3
want,-0.06005915384278768,0.1943685727792139,3,0.2544277266220016,8
public,-0.05955140772377179,0.1765536466798592,1,0.236105054403631,3
everyone,-0.059530183571702894,0.1772978022154399,1,0.2368279857871428,3
fight,-0.0594867244415144,0.1788148497826529,1,0.2383015742241673,3
support,-0.05937168087753128,0.1827882896283735,1,0.2421599705059048,3
media,-0.05924625340873371,0.1870527961926258,1,0.2462990496013595,3
end,-0.05924625340873371,0.1870527961926258,1,0.2462990496013595,3
light,-0.0591371587497391,0.1907072283148148,1,0.2498443870645539,3
wrong,-0.05898780115146979,0.1956316753021441,1,0.2546194764536139,3
rest,-0.05874850596755482,0.2033429362266468,1,0.2620914421942016,3
father,-0.05867218325300458,0.2057586610731931,1,0.2644308443261977,3
case,-0.05854965545605251,0.2095947365464051,1,0.2681443920024576,3
david,-0.05854965545605251,0.2095947365464051,1,0.2681443920024576,3
reading,-0.05821659920958033,0.2197744408685104,1,0.2779910400780907,3
k,-0.05792297846837438,0.2284711101463647,1,0.2863940886147391,3
duke,-0.05792297846837438,0.2284711101463647,1,0.2863940886147391,3
r,-0.05785671064592027,0.2304003126663697,1,0.28825702331229,3
arrested,-0.0577874138960624,0.2324050111406903,1,0.2901924250367527,3
christ,-0.0576385675437025,0.2366683294735546,1,0.2943068970172571,3
step,-0.05683614525047703,0.2587342944276961,1,0.3155704396781731,3
will,-0.05336628815362138,0.2139581321178905,7,0.2673244202715119,16
any,-0.0508400870697579,0.1584311033276715,2,0.2092711903974294,5
their,-0.0487198461490925,0.1274082602174431,3,0.1761281063665356,7
shot,-0.047968727176995796,0.262394685500368,2,0.3103634126773638,5
of,-0.047190001184077734,0.3077842161310669,39,0.3549742173151446,73
over,-0.04691318014010207,0.2070945841781602,3,0.2540077643182623,7
our,-0.046508278432385475,0.1865373109093207,4,0.2330455893417062,9
mouth,-0.046318136568728185,0.3101238402101849,2,0.3564419767789131,5
jews,-0.04630141178947439,0.2296732356810694,3,0.2759746474705438,7
good,-0.0462612306085729,0.1966091049117622,4,0.2428703355203351,9
into,-0.04530068423049091,0.2328912250798966,4,0.2781919093103875,9
in,-0.0448125807851793,0.3113532887371724,36,0.3561658695223517,67
house,-0.04396915607033891,0.2774895059196531,4,0.321458661989992,9
that,-0.041982707705674305,0.2892306071997221,25,0.3312133149053964,47
by,-0.03871023006730473,0.253654106296926,8,0.2923643363642307,16
too,-0.032643051897264797,0.2008267567310343,3,0.2334698086282991,6
even,-0.032542711930234614,0.2062434900294457,3,0.2387862019596803,6
going,-0.0324491292000576,0.2112152196470442,3,0.2436643488471018,6
news,-0.03241400467305469,0.2130620237661808,3,0.2454760284392355,6
black,-0.03153020389393063,0.2567999014870634,8,0.288330105380994,15
years,-0.030824544941589593,0.1705203699199446,2,0.2013449148615342,4
killed,-0.03067710747776009,0.2942238270246187,3,0.3249009345023788,6
little,-0.030361056956318522,0.1992188645592831,2,0.2295799215156016,4
maybe,-0.030361056956318522,0.1992188645592831,2,0.2295799215156016,4
jew,-0.030078365679244823,0.2155068270637908,2,0.2455851927430356,4
wonder,-0.029960519526521984,0.2220657684426263,2,0.2520262879691483,4
looks,-0.029925568434928385,0.2239867878805612,2,0.2539123563154896,4
help,-0.029864199826242416,0.2273338852219474,2,0.2571980850481898,4
dog,-0.02901360081971921,0.2707675137247977,2,0.2997811145445169,4
http,-0.028264109298620888,0.1071640257403024,1,0.1354281350389233,2
re,-0.02807236985608179,0.1245779700802191,1,0.1526503399363009,2
world,-0.027962727045284297,0.1339840866625283,1,0.1619468137078126,2
thread,-0.027935455337175397,0.1362685572443059,1,0.1642040125814813,2
what,-0.027893402254639127,0.2243939958504739,6,0.252287398105113,11
an,-0.0277608731146525,0.2317170440227769,6,0.2594779171374294,11
org,-0.027681775680156118,0.1565929965653454,1,0.1842747722455015,2
actually,-0.027601079701669418,0.1627446869052752,1,0.1903457666069446,2
city,-0.027585291922783223,0.1639322803392204,1,0.1915175722620036,2
trying,-0.0275269031642848,0.1682809443703697,1,0.1958078475346545,2
through,-0.02749111334111909,0.1709136359926697,1,0.1984047493337888,2
meet,-0.02746297243426188,0.1729666944645749,1,0.2004296668988368,2
hey,-0.027453327123544313,0.1736670061958214,1,0.2011203333193657,2
best,-0.027453327123544313,0.1736670061958214,1,0.2011203333193657,2
men,-0.027443543283050015,0.1743756369789151,1,0.2018191802619651,2
half,-0.027402943368538712,0.1772978022154399,1,0.2047007455839786,2
couple,-0.027392405930682012,0.1780514483814083,1,0.2054438543120903,2
least,-0.027381704320940475,0.1788148497826529,1,0.2061965541035934,2
yet,-0.027359788536931384,0.1803720347855271,1,0.2077318233224585,2
getting,-0.027313752859475793,0.1836164726598154,1,0.2109302255192912,2
6,-0.027313752859475793,0.1836164726598154,1,0.2109302255192912,2
message,-0.02728953521450808,0.1853091302200214,1,0.2125986654345295,2
parents,-0.02727710261453062,0.1861743809540315,1,0.2134514835685621,2
cause,-0.027225031222197493,0.1897715316462358,1,0.2169965628684333,2
war,-0.02719746758065611,0.1916585281256523,1,0.2188559957063084,2
pride,-0.0271388734101497,0.1956316753021441,1,0.2227705487122938,2
20,-0.0271388734101497,0.1956316753021441,1,0.2227705487122938,2
local,-0.02709150299904331,0.198806898300194,1,0.2258984012992373,2
french,-0.02709150299904331,0.198806898300194,1,0.2258984012992373,2
30,-0.02707498329942329,0.1999066614978504,1,0.2269816447972737,2
using,-0.02704074758674671,0.2021736636650511,1,0.2292144112517978,2
wants,-0.027022993324074707,0.2033429362266468,1,0.2303659295507215,2
poor,-0.0270047869442728,0.2045375326424109,1,0.2315423195866837,2
british,-0.0270047869442728,0.2045375326424109,1,0.2315423195866837,2
moved,-0.0269669246307348,0.2070076202711212,1,0.233974544901856,2
t,-0.02694448677430672,0.2299151775094846,9,0.2568596642837913,16
close,-0.02692695534730541,0.2095947365464051,1,0.2365216918937105,2
listen,-0.026906107064150114,0.2109360351157493,1,0.2378421421798994,2
cool,-0.0268161269778196,0.2166627123387813,1,0.2434788393166009,2
top,-0.026791773238795197,0.2181957363774679,1,0.2449875096162631,2
telling,-0.02665607694704422,0.2266115631967702,1,0.2532676401438144,2
security,-0.02665607694704422,0.2266115631967702,1,0.2532676401438144,2
bar,-0.02665607694704422,0.2266115631967702,1,0.2532676401438144,2
mr,-0.026625637019412313,0.2284711101463647,1,0.255096747165777,2
favorite,-0.026560696318366495,0.2324050111406903,1,0.2589657074590568,2
forward,-0.026560696318366495,0.2324050111406903,1,0.2589657074590568,2
obama,-0.02652594703171729,0.2344918305773595,1,0.2610177776090768,2
present,-0.026489482797703412,0.2366683294735546,1,0.263157812271258,2
claims,-0.026451128900102094,0.238943186013845,1,0.2653943149139471,2
break,-0.026451128900102094,0.238943186013845,1,0.2653943149139471,2
upon,-0.026451128900102094,0.238943186013845,1,0.2653943149139471,2
gang,-0.026410682478422404,0.2413264334907196,1,0.267737115969142,2
prison,-0.026410682478422404,0.2413264334907196,1,0.267737115969142,2
ride,-0.026410682478422404,0.2413264334907196,1,0.267737115969142,2
spirit,-0.026274188720394692,0.2492541655752122,1,0.2755283542956069,2
cops,-0.026274188720394692,0.2492541655752122,1,0.2755283542956069,2
apartment,-0.02622251074500337,0.2522110832706662,1,0.2784335940156696,2
is,-0.02610623528305339,0.2734735698798907,25,0.2995798051629441,42
field,-0.026041851512660974,0.2623663603677288,1,0.2884082118803898,2
dating,-0.025970475391483616,0.2663042096598264,1,0.29227468505131,2
accused,-0.025970475391483616,0.2663042096598264,1,0.29227468505131,2
arm,-0.02589160899835541,0.2706086587789285,1,0.2965002677772839,2
won,-0.02589160899835541,0.2706086587789285,1,0.2965002677772839,2
stood,-0.02589160899835541,0.2706086587789285,1,0.2965002677772839,2
fought,-0.0258035068549593,0.2753612228189775,1,0.3011647296739368,2
celebrate,-0.0258035068549593,0.2753612228189775,1,0.3011647296739368,2
threw,-0.025703729625771887,0.2806748764088565,1,0.3063786060346284,2
nj,-0.025703729625771887,0.2806748764088565,1,0.3063786060346284,2
kicked,-0.025703729625771887,0.2806748764088565,1,0.3063786060346284,2
defending,-0.025588718115368503,0.2867129454680772,1,0.3123016635834457,2
wisdom,-0.025452979022432598,0.2937249036291447,1,0.3191778826515773,2
butt,-0.025452979022432598,0.2937249036291447,1,0.3191778826515773,2
on,-0.025313777102478785,0.3095887881335571,25,0.3349025652360359,42
dropped,-0.02528735988939601,0.3021214586608924,1,0.3274088185502884,2
rag,-0.025074823188766582,0.3126563396819113,1,0.3377311628706779,2
bautista,-0.025074823188766582,0.3126563396819113,1,0.3377311628706779,2
other,-0.02484884021746747,0.2343770500617161,5,0.2592258902791836,9
abc,-0.024777486573195895,0.326975622735601,1,0.3517531093087969,2
rolling,-0.024777486573195895,0.326975622735601,1,0.3517531093087969,2
darkness,-0.024777486573195895,0.326975622735601,1,0.3517531093087969,2
the,-0.02237135319373712,0.3451652325172628,68,0.3675365857109999,107
about,-0.021927301529437726,0.2621328568110203,10,0.284060158340458,17
your,-0.021775492192223606,0.2166336237950578,7,0.2384091159872814,12
being,-0.0209553069573922,0.2439156302547327,4,0.2648709372121249,7
should,-0.017636586545964283,0.2563665288093287,6,0.274003115355293,10
we,-0.016559214558230284,0.2178511208682787,8,0.234410335426509,13
people,-0.01637640051421871,0.2327213268216019,8,0.2490977273358206,13
who,-0.016154494839558386,0.2502328775065798,8,0.2663873723461382,13
come,-0.015674056393736424,0.2304848125420995,3,0.2461588689358359,5
saw,-0.015585034194300601,0.2383032272934217,3,0.2538882614877223,5
anti,-0.015468654829541323,0.248337095515738,3,0.2638057503452793,5
this,-0.014065390987898607,0.2590682578196043,16,0.2731336488075029,25
no,-0.013551540260407696,0.2074761707059429,5,0.2210277109663506,8
because,-0.013200858056253012,0.2414569529406864,5,0.2546578109969394,8
kid,-0.012363869244430115,0.3155782667565872,5,0.3279421360010173,8
n,-0.011981959595613989,0.233224920540254,9,0.245206880135868,14
all,-0.011454470762267133,0.2618808648686465,13,0.2733353356309136,20
it,-0.008064504297057296,0.2788408735967109,25,0.2869053778937682,37
can,-0.007680802925894986,0.24468746548148,8,0.252368268407375,12
time,-0.007159174512860689,0.2520667157663229,6,0.2592258902791836,9
old,-0.006767751264783101,0.2274732232698586,4,0.2342409745346417,6
day,-0.006764130173949723,0.2279958913121705,4,0.2347600214861202,6
home,-0.006616675452728676,0.2491225141478657,4,0.2557391896005944,6
after,-0.0065418630347562345,0.2597266605228449,4,0.2662685235576011,6
went,-0.006497138168537919,0.2660301870122074,4,0.2725273251807453,6
ve,-0.006273575277509991,0.1760816314024591,2,0.1823552066799691,3
watch,-0.006235825712273518,0.1824779877494868,2,0.1887138134617603,3
does,-0.006136212798835999,0.1992188645592831,2,0.2053550773581191,3
nothing,-0.006106412192280808,0.2041890814637321,2,0.2102954936560129,3
work,-0.0060581138417008795,0.2122079485042606,2,0.2182660623459615,3
else,-0.006005950234938606,0.2208186765639499,2,0.2268246267988885,3
far,-0.006002180525121109,0.2214389654930056,2,0.2274411460181267,3
story,-0.005990620139328606,0.2233395215221431,2,0.2293301416614717,3
check,-0.005970453093062822,0.2266490866696048,2,0.2326195397626676,3
believe,-0.005957762006360889,0.2287279337381069,2,0.2346856957444678,3
soon,-0.005940076177399806,0.2316199980105114,2,0.2375600741879112,3
child,-0.005935508055775113,0.2323660661683922,2,0.2383015742241673,3
during,-0.005834384336726284,0.2487850921168876,2,0.2546194764536139,3
leave,-0.00582810830174843,0.24979809086954,2,0.2556261991712884,3
gets,-0.00582810830174843,0.24979809086954,2,0.2556261991712884,3
posts,-0.005733156053283117,0.2650402106873706,2,0.2707733667406537,3
disgusting,-0.005715699471590396,0.2678255065420651,2,0.2735412060136555,3
ass,-0.005583687108280777,0.2887232099089763,2,0.2943068970172571,3
ran,-0.005505690427493826,0.3009359335882614,2,0.3064416240157552,3
one,-0.0037211291550909853,0.2562157149608356,9,0.2599368441159266,13
as,-0.0027043878830173007,0.2753839819160887,14,0.278088369799106,20
at,-0.001957608743448691,0.326616912749491,19,0.3285745214929397,27
white,-0.0010768826715839008,0.3024393613720301,22,0.303516244043614,31
are,-0.0006787137282324995,0.1923335595234686,10,0.1930122732517011,14
and,-0.000448144788046112,0.3997498253102883,74,0.4001979700983344,104
where,-0.00034127514331461217,0.2520189412789108,5,0.2523602164222254,7
right,-0.0002741178916348397,0.2700832660787841,5,0.2703573839704189,7
let,-0.0002607156096909313,0.2737848028274988,5,0.2740455184371897,7
for,0.001286396999939099,0.305286159987585,26,0.3039997629876459,36
be,0.0019017482893942117,0.2884561914744113,16,0.2865544431850171,22
a,0.0026231516842386005,0.3617843053972533,58,0.3591611537130147,80
them,0.003613712290788995,0.1402851172824357,3,0.1366714049916467,4
ago,0.003828544035086201,0.2321399190315707,3,0.2283113749964845,4
person,0.0038467290798525067,0.2446343038436076,3,0.2407875747637551,4
found,0.0038467290798525067,0.2446343038436076,3,0.2407875747637551,4
bad,0.0038481168495942963,0.2456693174486829,3,0.2418212005990886,4
keep,0.0038509088010150183,0.2477940143855784,3,0.2439431055845634,4
heard,0.0038516101572118877,0.248337095515738,3,0.2444854853585261,4
proud,0.003883289384711941,0.2792498869638345,3,0.2753665975791226,4
friend,0.0038854136326889055,0.2821271891796713,3,0.2782417755469824,4
class,0.00388681168897681,0.2841334227333135,3,0.2802466110443367,4
jesus,0.003897362779921587,0.3051825158702931,3,0.3012851530903715,4
self,0.0038978426511828146,0.3067330279893395,3,0.3028351853381567,4
did,0.004443845284950121,0.2778658915689478,6,0.2734220462839977,8
they,0.007472815773196723,0.2520456130388453,16,0.2445727972656486,21
with,0.007680977465180205,0.3329005679756812,25,0.325219590510501,33
again,0.009793650284362465,0.2735994006296418,4,0.2638057503452793,5
while,0.0098065238522691,0.2679575010691969,4,0.2581509772169278,5
com,0.009883919330186702,0.2078782643865963,4,0.1979943450564096,5
was,0.010142572683276008,0.3616073944378304,30,0.3514648217545544,39
man,0.011119558207795088,0.3223998515083316,8,0.3112802933005365,10
so,0.011486811499612448,0.2994151608024718,15,0.2879283493028594,19
s,0.012619803012017983,0.2848163546720277,19,0.2721965516600097,24
look,0.01402743779258872,0.2598103472766689,5,0.2457829094840802,6
video,0.014035838723421179,0.257700187570523,5,0.2436643488471018,6
need,0.014039305364863308,0.256816220930708,5,0.2427769155658447,6
there,0.014227513839347117,0.1724211451078306,5,0.1581936312684835,6
when,0.01424831223853873,0.3067490844630921,13,0.2925007722245534,16
up,0.014300934592701209,0.296611969235617,13,0.2823110346429158,16
know,0.017314022149082398,0.2453140322177674,6,0.228000010068685,7
me,0.01744950386878319,0.2123035189495584,6,0.1948540150807752,7
down,0.019599927063353118,0.2894516795970472,7,0.2698517525336941,8
her,0.01975721495318733,0.2693092534055421,7,0.2495520384523548,8
my,0.02019701555546949,0.2468672368831632,12,0.2266702213276937,14
pickering,0.02211165686472827,0.3501203596120513,1,0.328008702747323,1
gonzalez,0.02211165686472827,0.3501203596120513,1,0.328008702747323,1
commons,0.02211165686472827,0.3501203596120513,1,0.328008702747323,1
phony,0.02211165686472827,0.3501203596120513,1,0.328008702747323,1
forgein,0.02211165686472827,0.3501203596120513,1,0.328008702747323,1
cheering,0.02211165686472827,0.3501203596120513,1,0.328008702747323,1
intergraton,0.02211165686472827,0.3501203596120513,1,0.328008702747323,1
chatroom,0.02211165686472827,0.3501203596120513,1,0.328008702747323,1
relies,0.02211165686472827,0.3501203596120513,1,0.328008702747323,1
rigby,0.02211165686472827,0.3501203596120513,1,0.328008702747323,1
rish,0.02211165686472827,0.3501203596120513,1,0.328008702747323,1
plummer,0.02211165686472827,0.3501203596120513,1,0.328008702747323,1
packi,0.02211165686472827,0.3501203596120513,1,0.328008702747323,1
ohhh,0.02211165686472827,0.3501203596120513,1,0.328008702747323,1
joeblogs,0.02211165686472827,0.3501203596120513,1,0.328008702747323,1
malton,0.02211165686472827,0.3501203596120513,1,0.328008702747323,1
minster,0.02211165686472827,0.3501203596120513,1,0.328008702747323,1
mocking,0.02211165686472827,0.3501203596120513,1,0.328008702747323,1
knowbody,0.02211165686472827,0.3501203596120513,1,0.328008702747323,1
monkies,0.02211165686472827,0.3501203596120513,1,0.328008702747323,1
dreadlocks,0.02211165686472827,0.3501203596120513,1,0.328008702747323,1
conslour,0.02211165686472827,0.3501203596120513,1,0.328008702747323,1
flea,0.02211165686472827,0.3501203596120513,1,0.328008702747323,1
mudslums,0.02211165686472827,0.3501203596120513,1,0.328008702747323,1
neevr,0.02211165686472827,0.3501203596120513,1,0.328008702747323,1
demoralising,0.02211165686472827,0.3501203596120513,1,0.328008702747323,1
hubbard,0.02211165686472827,0.3501203596120513,1,0.328008702747323,1
darlington,0.02211165686472827,0.3501203596120513,1,0.328008702747323,1
overdosed,0.02211165686472827,0.3501203596120513,1,0.328008702747323,1
doom,0.02211165686472827,0.3501203596120513,1,0.328008702747323,1
secured,0.02211165686472827,0.3501203596120513,1,0.328008702747323,1
huffed,0.02211165686472827,0.3501203596120513,1,0.328008702747323,1
finially,0.02211165686472827,0.3501203596120513,1,0.328008702747323,1
throng,0.02211165686472827,0.3501203596120513,1,0.328008702747323,1
thatll,0.02211165686472827,0.3501203596120513,1,0.328008702747323,1
butchy,0.02211165686472827,0.3501203596120513,1,0.328008702747323,1
updates,0.02211165686472827,0.3501203596120513,1,0.328008702747323,1
hearted,0.02211165686472827,0.3501203596120513,1,0.328008702747323,1
blesses,0.02211165686472827,0.3501203596120513,1,0.328008702747323,1
globalnews,0.02211165686472827,0.3501203596120513,1,0.328008702747323,1
sunnier,0.02211165686472827,0.3501203596120513,1,0.328008702747323,1
armbar,0.02211165686472827,0.3501203596120513,1,0.328008702747323,1
hal,0.02211165686472827,0.3501203596120513,1,0.328008702747323,1
allege,0.02211165686472827,0.3501203596120513,1,0.328008702747323,1
welcomes,0.02211165686472827,0.3501203596120513,1,0.328008702747323,1
stockton,0.02211165686472827,0.3501203596120513,1,0.328008702747323,1
senseless,0.02211165686472827,0.3501203596120513,1,0.328008702747323,1
104,0.02211165686472827,0.3501203596120513,1,0.328008702747323,1
wrench,0.02211165686472827,0.3501203596120513,1,0.328008702747323,1
wouldve,0.02211165686472827,0.3501203596120513,1,0.328008702747323,1
alienate,0.02211165686472827,0.3501203596120513,1,0.328008702747323,1
78265,0.02211165686472827,0.3501203596120513,1,0.328008702747323,1
shunning,0.02211165686472827,0.3501203596120513,1,0.328008702747323,1
grant,0.02211165686472827,0.3501203596120513,1,0.328008702747323,1
uneven,0.02211165686472827,0.3501203596120513,1,0.328008702747323,1
whut,0.02243989873575508,0.326975622735601,1,0.3045357239998459,1
urge,0.02243989873575508,0.326975622735601,1,0.3045357239998459,1
afghanistan,0.02243989873575508,0.326975622735601,1,0.3045357239998459,1
digital,0.02243989873575508,0.326975622735601,1,0.3045357239998459,1
welcomed,0.02243989873575508,0.326975622735601,1,0.3045357239998459,1
agrees,0.02243989873575508,0.326975622735601,1,0.3045357239998459,1
universe,0.02243989873575508,0.326975622735601,1,0.3045357239998459,1
selfish,0.02243989873575508,0.326975622735601,1,0.3045357239998459,1
attachment,0.02243989873575508,0.326975622735601,1,0.3045357239998459,1
evolution,0.02243989873575508,0.326975622735601,1,0.3045357239998459,1
seal,0.02243989873575508,0.326975622735601,1,0.3045357239998459,1
sexuality,0.02243989873575508,0.326975622735601,1,0.3045357239998459,1
signal,0.02243989873575508,0.326975622735601,1,0.3045357239998459,1
remark,0.02243989873575508,0.326975622735601,1,0.3045357239998459,1
sould,0.02243989873575508,0.326975622735601,1,0.3045357239998459,1
regiment,0.02243989873575508,0.326975622735601,1,0.3045357239998459,1
cbs,0.02243989873575508,0.326975622735601,1,0.3045357239998459,1
straw,0.02243989873575508,0.326975622735601,1,0.3045357239998459,1
streicher,0.02243989873575508,0.326975622735601,1,0.3045357239998459,1
chick,0.02243989873575508,0.326975622735601,1,0.3045357239998459,1
climes,0.02243989873575508,0.326975622735601,1,0.3045357239998459,1
printing,0.02243989873575508,0.326975622735601,1,0.3045357239998459,1
substitute,0.02243989873575508,0.326975622735601,1,0.3045357239998459,1
patch,0.02243989873575508,0.326975622735601,1,0.3045357239998459,1
concerts,0.02243989873575508,0.326975622735601,1,0.3045357239998459,1
talkin,0.02243989873575508,0.326975622735601,1,0.3045357239998459,1
dawg,0.02243989873575508,0.326975622735601,1,0.3045357239998459,1
behaving,0.02243989873575508,0.326975622735601,1,0.3045357239998459,1
childish,0.02243989873575508,0.326975622735601,1,0.3045357239998459,1
gather,0.02243989873575508,0.326975622735601,1,0.3045357239998459,1
friggen,0.02243989873575508,0.326975622735601,1,0.3045357239998459,1
igger,0.02243989873575508,0.326975622735601,1,0.3045357239998459,1
fires,0.02243989873575508,0.326975622735601,1,0.3045357239998459,1
guidance,0.02243989873575508,0.326975622735601,1,0.3045357239998459,1
blanket,0.02262747077533861,0.3126563396819113,1,0.2900288689065727,1
walks,0.02262747077533861,0.3126563396819113,1,0.2900288689065727,1
atleast,0.02262747077533861,0.3126563396819113,1,0.2900288689065727,1
ate,0.02262747077533861,0.3126563396819113,1,0.2900288689065727,1
wouldnt,0.02262747077533861,0.3126563396819113,1,0.2900288689065727,1
gf,0.02262747077533861,0.3126563396819113,1,0.2900288689065727,1
grabs,0.02262747077533861,0.3126563396819113,1,0.2900288689065727,1
trail,0.02262747077533861,0.3126563396819113,1,0.2900288689065727,1
trusted,0.02262747077533861,0.3126563396819113,1,0.2900288689065727,1
auto,0.02262747077533861,0.3126563396819113,1,0.2900288689065727,1
wound,0.02262747077533861,0.3126563396819113,1,0.2900288689065727,1
backpack,0.02262747077533861,0.3126563396819113,1,0.2900288689065727,1
eddie,0.02262747077533861,0.3126563396819113,1,0.2900288689065727,1
sorrow,0.02262747077533861,0.3126563396819113,1,0.2900288689065727,1
stormed,0.02262747077533861,0.3126563396819113,1,0.2900288689065727,1
outraged,0.02262747077533861,0.3126563396819113,1,0.2900288689065727,1
fm,0.02262747077533861,0.3126563396819113,1,0.2900288689065727,1
davidduke,0.02262747077533861,0.3126563396819113,1,0.2900288689065727,1
suited,0.02262747077533861,0.3126563396819113,1,0.2900288689065727,1
punish,0.02262747077533861,0.3126563396819113,1,0.2900288689065727,1
principal,0.02262747077533861,0.3126563396819113,1,0.2900288689065727,1
taco,0.02262747077533861,0.3126563396819113,1,0.2900288689065727,1
rob,0.022757912075878017,0.3021214586608924,1,0.2793635465850144,1
improve,0.022757912075878017,0.3021214586608924,1,0.2793635465850144,1
rant,0.022757912075878017,0.3021214586608924,1,0.2793635465850144,1
interviews,0.022757912075878017,0.3021214586608924,1,0.2793635465850144,1
buddies,0.022757912075878017,0.3021214586608924,1,0.2793635465850144,1
attempted,0.022757912075878017,0.3021214586608924,1,0.2793635465850144,1
touch,0.022757912075878017,0.3021214586608924,1,0.2793635465850144,1
complaining,0.022757912075878017,0.3021214586608924,1,0.2793635465850144,1
feds,0.022757912075878017,0.3021214586608924,1,0.2793635465850144,1
partner,0.022757912075878017,0.3021214586608924,1,0.2793635465850144,1
smashed,0.022757912075878017,0.3021214586608924,1,0.2793635465850144,1
behaviour,0.022757912075878017,0.3021214586608924,1,0.2793635465850144,1
he,0.022785081651366224,0.4538485108642829,38,0.4310634292129167,45
aswell,0.022857292959438613,0.2937249036291447,1,0.2708676106697061,1
overwhelming,0.022857292959438613,0.2937249036291447,1,0.2708676106697061,1
lee,0.022857292959438613,0.2937249036291447,1,0.2708676106697061,1
niglet,0.022857292959438613,0.2937249036291447,1,0.2708676106697061,1
described,0.022857292959438613,0.2937249036291447,1,0.2708676106697061,1
jury,0.022857292959438613,0.2937249036291447,1,0.2708676106697061,1
punk,0.022857292959438613,0.2937249036291447,1,0.2708676106697061,1
pulled,0.022857292959438613,0.2937249036291447,1,0.2708676106697061,1
request,0.022857292959438613,0.2937249036291447,1,0.2708676106697061,1
coat,0.022857292959438613,0.2937249036291447,1,0.2708676106697061,1
chocolate,0.022857292959438613,0.2937249036291447,1,0.2708676106697061,1
navy,0.022857292959438613,0.2937249036291447,1,0.2708676106697061,1
laid,0.022857292959438613,0.2937249036291447,1,0.2708676106697061,1
asks,0.022857292959438613,0.2937249036291447,1,0.2708676106697061,1
wore,0.022937172455515575,0.2867129454680772,1,0.2637757730125616,1
nbc,0.022937172455515575,0.2867129454680772,1,0.2637757730125616,1
hospital,0.022937172455515575,0.2867129454680772,1,0.2637757730125616,1
desert,0.022937172455515575,0.2867129454680772,1,0.2637757730125616,1
pregnant,0.022937172455515575,0.2867129454680772,1,0.2637757730125616,1
professor,0.022937172455515575,0.2867129454680772,1,0.2637757730125616,1
op,0.022937172455515575,0.2867129454680772,1,0.2637757730125616,1
ur,0.022937172455515575,0.2867129454680772,1,0.2637757730125616,1
tools,0.022937172455515575,0.2867129454680772,1,0.2637757730125616,1
mercury,0.022937172455515575,0.2867129454680772,1,0.2637757730125616,1
wigger,0.02300368826013982,0.2806748764088565,1,0.2576711881487167,1
suspended,0.02300368826013982,0.2806748764088565,1,0.2576711881487167,1
cnn,0.02300368826013982,0.2806748764088565,1,0.2576711881487167,1
handed,0.02300368826013982,0.2806748764088565,1,0.2576711881487167,1
neighbor,0.02300368826013982,0.2806748764088565,1,0.2576711881487167,1
screaming,0.02300368826013982,0.2806748764088565,1,0.2576711881487167,1
jones,0.02300368826013982,0.2806748764088565,1,0.2576711881487167,1
2nd,0.02300368826013982,0.2806748764088565,1,0.2576711881487167,1
balls,0.02300368826013982,0.2806748764088565,1,0.2576711881487167,1
traffic,0.02300368826013982,0.2806748764088565,1,0.2576711881487167,1
shaved,0.02300368826013982,0.2806748764088565,1,0.2576711881487167,1
grab,0.02300368826013982,0.2806748764088565,1,0.2576711881487167,1
slow,0.02300368826013982,0.2806748764088565,1,0.2576711881487167,1
crowd,0.02300368826013982,0.2806748764088565,1,0.2576711881487167,1
guards,0.023060487648930095,0.2753612228189775,1,0.2523007351700474,1
reminds,0.023060487648930095,0.2753612228189775,1,0.2523007351700474,1
attitude,0.023060487648930095,0.2753612228189775,1,0.2523007351700474,1
led,0.023060487648930095,0.2753612228189775,1,0.2523007351700474,1
officers,0.023060487648930095,0.2753612228189775,1,0.2523007351700474,1
personally,0.023060487648930095,0.2753612228189775,1,0.2523007351700474,1
letter,0.023109912980143477,0.2706086587789285,1,0.247498745798785,1
afternoon,0.023109912980143477,0.2706086587789285,1,0.247498745798785,1
forest,0.023109912980143477,0.2706086587789285,1,0.247498745798785,1
hates,0.023109912980143477,0.2706086587789285,1,0.247498745798785,1
possibly,0.023109912980143477,0.2706086587789285,1,0.247498745798785,1
sacrifice,0.023109912980143477,0.2706086587789285,1,0.247498745798785,1
justin,0.023109912980143477,0.2706086587789285,1,0.247498745798785,1
fans,0.023109912980143477,0.2706086587789285,1,0.247498745798785,1
actions,0.023109912980143477,0.2706086587789285,1,0.247498745798785,1
fools,0.023109912980143477,0.2706086587789285,1,0.247498745798785,1
walked,0.02315355687275608,0.2663042096598264,1,0.2431506527870703,1
hall,0.02315355687275608,0.2663042096598264,1,0.2431506527870703,1
coon,0.02315355687275608,0.2663042096598264,1,0.2431506527870703,1
calls,0.02315355687275608,0.2663042096598264,1,0.2431506527870703,1
negroid,0.02315355687275608,0.2663042096598264,1,0.2431506527870703,1
teeth,0.02315355687275608,0.2663042096598264,1,0.2431506527870703,1
camera,0.02315355687275608,0.2663042096598264,1,0.2431506527870703,1
skinheads,0.02315355687275608,0.2663042096598264,1,0.2431506527870703,1
ahead,0.02315355687275608,0.2663042096598264,1,0.2431506527870703,1
drop,0.02315355687275608,0.2663042096598264,1,0.2431506527870703,1
weapon,0.02319255064497791,0.2623663603677288,1,0.2391738097227509,1
shirt,0.02319255064497791,0.2623663603677288,1,0.2391738097227509,1
legal,0.023227726314721586,0.2587342944276961,1,0.2355065681129745,1
window,0.023227726314721586,0.2587342944276961,1,0.2355065681129745,1
blonde,0.023227726314721586,0.2587342944276961,1,0.2355065681129745,1
everybody,0.023227726314721586,0.2587342944276961,1,0.2355065681129745,1
onto,0.023227726314721586,0.2587342944276961,1,0.2355065681129745,1
nobody,0.02325971329601617,0.2553613880073394,1,0.2321016747113232,1
skills,0.02325971329601617,0.2553613880073394,1,0.2321016747113232,1
laughing,0.02325971329601617,0.2553613880073394,1,0.2321016747113232,1
knife,0.02325971329601617,0.2553613880073394,1,0.2321016747113232,1
turning,0.02325971329601617,0.2553613880073394,1,0.2321016747113232,1
needed,0.02325971329601617,0.2553613880073394,1,0.2321016747113232,1
wiggers,0.02325971329601617,0.2553613880073394,1,0.2321016747113232,1
duty,0.02325971329601617,0.2553613880073394,1,0.2321016747113232,1
parade,0.02325971329601617,0.2553613880073394,1,0.2321016747113232,1
friday,0.023288999011985723,0.2522110832706662,1,0.2289220842586805,1
tall,0.023288999011985723,0.2522110832706662,1,0.2289220842586805,1
spend,0.023315968451445013,0.2492541655752122,1,0.2259381971237672,1
values,0.023315968451445013,0.2492541655752122,1,0.2259381971237672,1
soldiers,0.023315968451445013,0.2492541655752122,1,0.2259381971237672,1
star,0.023315968451445013,0.2492541655752122,1,0.2259381971237672,1
300,0.023315968451445013,0.2492541655752122,1,0.2259381971237672,1
amongst,0.023340930870628718,0.2464669065431087,1,0.22312597567248,1
mom,0.023340930870628718,0.2464669065431087,1,0.22312597567248,1
nor,0.023340930870628718,0.2464669065431087,1,0.22312597567248,1
beaten,0.0233641383430368,0.2438297615194369,1,0.2204656231764001,1
typical,0.0233641383430368,0.2438297615194369,1,0.2204656231764001,1
speaking,0.0233641383430368,0.2438297615194369,1,0.2204656231764001,1
nazi,0.0233641383430368,0.2438297615194369,1,0.2204656231764001,1
strange,0.0233641383430368,0.2438297615194369,1,0.2204656231764001,1
trash,0.0233857989692155,0.2413264334907196,1,0.2179406345215041,1
acting,0.0233857989692155,0.2413264334907196,1,0.2179406345215041,1
explain,0.0233857989692155,0.2413264334907196,1,0.2179406345215041,1
welfare,0.0233857989692155,0.2413264334907196,1,0.2179406345215041,1
following,0.0233857989692155,0.2413264334907196,1,0.2179406345215041,1
views,0.0233857989692155,0.2413264334907196,1,0.2179406345215041,1
safe,0.02340608648883921,0.238943186013845,1,0.2155370995250058,1
notice,0.02340608648883921,0.238943186013845,1,0.2155370995250058,1
reality,0.02340608648883921,0.238943186013845,1,0.2155370995250058,1
foreign,0.02340608648883921,0.238943186013845,1,0.2155370995250058,1
needs,0.023425147408799807,0.2366683294735546,1,0.2132431820647548,1
military,0.023425147408799807,0.2366683294735546,1,0.2132431820647548,1
wp,0.023425147408799807,0.2366683294735546,1,0.2132431820647548,1
decided,0.02344310637878272,0.2344918305773595,1,0.2110487241985768,1
certain,0.02344310637878272,0.2344918305773595,1,0.2110487241985768,1
happening,0.02344310637878272,0.2344918305773595,1,0.2110487241985768,1
gonna,0.02344310637878272,0.2344918305773595,1,0.2110487241985768,1
often,0.02346007030644129,0.2324050111406903,1,0.208944940834249,1
met,0.02346007030644129,0.2324050111406903,1,0.208944940834249,1
student,0.02346007030644129,0.2324050111406903,1,0.208944940834249,1
w,0.02346007030644129,0.2324050111406903,1,0.208944940834249,1
lady,0.02347613155039821,0.2304003126663697,1,0.2069241811159715,1
tree,0.02347613155039821,0.2304003126663697,1,0.2069241811159715,1
then,0.023502308405034977,0.2951403568001886,9,0.2716380483951536,10
california,0.0235196537025448,0.2248164958641349,1,0.2012968421615901,1
mail,0.0235196537025448,0.2248164958641349,1,0.2012968421615901,1
feet,0.0235196537025448,0.2248164958641349,1,0.2012968421615901,1
judge,0.02353281457106221,0.2230812987032297,1,0.1995484841321675,1
large,0.02353281457106221,0.2230812987032297,1,0.1995484841321675,1
phone,0.02353281457106221,0.2230812987032297,1,0.1995484841321675,1
act,0.023545388365731,0.2214018483365587,1,0.1978564599708277,1
alot,0.023545388365731,0.2214018483365587,1,0.1978564599708277,1
within,0.023545388365731,0.2214018483365587,1,0.1978564599708277,1
possible,0.023557418405516395,0.2197744408685104,1,0.196217022462994,1
id,0.023557418405516395,0.2197744408685104,1,0.196217022462994,1
east,0.023568943495292094,0.2181957363774679,1,0.1946267928821758,1
force,0.023568943495292094,0.2181957363774679,1,0.1946267928821758,1
play,0.0235799985267362,0.2166627123387813,1,0.1930827138120451,1
list,0.0235799985267362,0.2166627123387813,1,0.1930827138120451,1
football,0.023590614982864383,0.2151726243028288,1,0.1915820093199644,1
instead,0.023590614982864383,0.2151726243028288,1,0.1915820093199644,1
looked,0.023600821364124502,0.2137229725088788,1,0.1901221511447543,1
section,0.023600821364124502,0.2137229725088788,1,0.1901221511447543,1
o,0.023610643550211197,0.2123114733877132,1,0.188700829837502,1
radio,0.023610643550211197,0.2123114733877132,1,0.188700829837502,1
lets,0.02362010510887,0.2109360351157493,1,0.1873159300068793,1
green,0.02362010510887,0.2109360351157493,1,0.1873159300068793,1
dirty,0.023629227560721,0.2095947365464051,1,0.1859655089856841,1
month,0.023638030607394805,0.2082858089721149,1,0.1846477783647201,1
scum,0.023638030607394805,0.2082858089721149,1,0.1846477783647201,1
university,0.023654749355032006,0.2057586610731931,1,0.1821039117181611,1
sent,0.023654749355032006,0.2057586610731931,1,0.1821039117181611,1
teach,0.023654749355032006,0.2057586610731931,1,0.1821039117181611,1
liberal,0.0236626970148891,0.2045375326424109,1,0.1808748356275218,1
thats,0.0236626970148891,0.2045375326424109,1,0.1808748356275218,1
internet,0.0236626970148891,0.2045375326424109,1,0.1808748356275218,1
took,0.023677839817277307,0.2021736636650511,1,0.1784958238477738,1
matter,0.023677839817277307,0.2021736636650511,1,0.1784958238477738,1
pass,0.023677839817277307,0.2021736636650511,1,0.1784958238477738,1
comes,0.023692061943327708,0.1999066614978504,1,0.1762145995545227,1
started,0.023692061943327708,0.1999066614978504,1,0.1762145995545227,1
7,0.023692061943327708,0.1999066614978504,1,0.1762145995545227,1
wanted,0.023698855505516703,0.198806898300194,1,0.1751080427946773,1
either,0.023698855505516703,0.198806898300194,1,0.1751080427946773,1
e,0.02370545068583149,0.1977283793570957,1,0.1740229286712642,1
crap,0.023718081836797605,0.1956316753021441,1,0.1719135934653465,1
party,0.023724134335090602,0.1946119178981561,1,0.1708877835630655,1
speak,0.023730021601999995,0.1936102521370312,1,0.1698802305350312,1
sorry,0.023730021601999995,0.1936102521370312,1,0.1698802305350312,1
goes,0.02373575066684991,0.1926260016676364,1,0.1688902510007865,1
mother,0.02373575066684991,0.1926260016676364,1,0.1688902510007865,1
blue,0.02373575066684991,0.1926260016676364,1,0.1688902510007865,1
having,0.023746760220856894,0.1907072283148148,1,0.1669604680939579,1
open,0.023746760220856894,0.1907072283148148,1,0.1669604680939579,1
alone,0.023752052777705812,0.1897715316462358,1,0.16601947886853,1
london,0.023757211324829886,0.1888508978078608,1,0.1650936864830309,1
move,0.023757211324829886,0.1888508978078608,1,0.1650936864830309,1
run,0.023757211324829886,0.1888508978078608,1,0.1650936864830309,1
beautiful,0.023785621160780812,0.1836164726598154,1,0.1598308514990346,1
stupid,0.0237899727787087,0.1827882896283735,1,0.1589983168496648,1
coming,0.023798381398298596,0.1811664077667871,1,0.1573680263684885,1
hard,0.023802445031150504,0.1803720347855271,1,0.1565695897543766,1
each,0.023810306348254318,0.1788148497826529,1,0.1550045434343986,1
u,0.02381410976554199,0.1780514483814083,1,0.1542373386158663,1
until,0.023821475479170517,0.1765536466798592,1,0.1527321712006887,1
music,0.0238540714705541,0.1695829205174291,1,0.145728849046875,1
woman,0.0238540714705541,0.1695829205174291,1,0.145728849046875,1
money,0.0238540714705541,0.1695829205174291,1,0.145728849046875,1
stop,0.02385698966151742,0.1689284238086642,1,0.1450714341471468,1
today,0.02385698966151742,0.1689284238086642,1,0.1450714341471468,1
brown,0.023865418160635282,0.1670064019505885,1,0.1431409837899532,1
such,0.023890379170612208,0.1610052936256767,1,0.1371149144550645,1
group,0.023890379170612208,0.1610052936256767,1,0.1371149144550645,1
eyes,0.02390939569070788,0.156062857334212,1,0.1321534616435041,1
irish,0.023918788606492103,0.1534775600421959,1,0.1295587714357038,1
https,0.023935456308835215,0.1486052182409655,1,0.1246697619321303,1
im,0.0239585113028781,0.1410915116975153,1,0.1171330003946372,1
thing,0.0239596934663137,0.1406756683673469,1,0.1167159749010332,1
stormfront,0.0239596934663137,0.1406756683673469,1,0.1167159749010332,1
ever,0.02396855239282189,0.137441303610992,1,0.1134727512181701,1
live,0.023990476855498405,0.1282517467031396,1,0.1042612698476412,1
am,0.024005786153645597,0.1201737720433838,1,0.0961679858897382,1
do,0.02406369423948518,0.2314193796318925,9,0.2073556853924073,10
like,0.024386349081443603,0.2867819943902773,15,0.2623956453088337,17
have,0.02458353083951864,0.2789941667429293,20,0.2544106359034107,23
thrown,0.02517884334653231,0.3174535283978423,2,0.29227468505131,2
monkey,0.02528251601939102,0.3101238402101849,2,0.2848413241907939,2
wanna,0.025369141108193827,0.3038027351238634,2,0.2784335940156696,2
absolutely,0.025537567398679906,0.290931882312627,2,0.2653943149139471,2
stories,0.025565397637718312,0.2887232099089763,2,0.263157812271258,2
sitting,0.025591737176108798,0.2866095147851856,2,0.2610177776090768,2
ill,0.025591737176108798,0.2866095147851856,2,0.2610177776090768,2
bet,0.025640490569521945,0.2826346854458359,2,0.256994194876314,2
stick,0.02566313338205939,0.2807598805478364,2,0.255096747165777,2
number,0.025725220056895814,0.2755199297769435,2,0.2497947097200477,2
lost,0.025725220056895814,0.2755199297769435,2,0.2497947097200477,2
caught,0.025762456849007825,0.2723034740636727,2,0.2465410172146649,2
sister,0.025780004108534593,0.2707675137247977,2,0.2449875096162631,2
mine,0.02582891205774579,0.2664143980131788,2,0.240585485955433,2
york,0.025872993606657485,0.262394685500368,2,0.2365216918937105,2
power,0.025925607601383016,0.2574679271880667,2,0.2315423195866837,2
to,0.026081048534360773,0.3927993638792215,74,0.3667183153448607,90
point,0.026111679402413324,0.2387103448369428,2,0.2125986654345295,2
nation,0.026119415626009695,0.2378777917815406,2,0.2117583761555309,2
truth,0.02612699706076471,0.2370572225800559,2,0.2109302255192912,2
done,0.02612699706076471,0.2370572225800559,2,0.2109302255192912,2
called,0.026162757534931497,0.233121873621537,2,0.2069591160866055,2
jewish,0.026176143698421084,0.2316199980105114,2,0.2054438543120903,2
hell,0.02623086717017642,0.2253029346780079,2,0.1990720675078315,2
came,0.026236451922715398,0.2246412012565042,2,0.1984047493337888,2
may,0.02626308180701631,0.2214389654930056,2,0.1951758836859893,2
better,0.02627317046863989,0.2202047568328548,2,0.1939315863642149,2
since,0.02631068154727939,0.2155068270637908,2,0.1891961455165114,2
sure,0.026332071326387013,0.2127455226206493,2,0.1864134512942623,2
yes,0.026381562101496198,0.2060987035257181,2,0.1797171414242219,2
return,0.026411075071468726,0.353401902718444,3,0.3269908276469753,3
1,0.026463068205655194,0.194207130084023,2,0.1677440618783678,2
non,0.026492480481531994,0.1895581286728637,2,0.1630656481913317,2
last,0.026532696156170987,0.1828144960509097,2,0.1562817998947387,2
its,0.026602698087287407,0.1696823185637002,2,0.1430796204764128,2
thousands,0.02721323356843297,0.3036779726704364,3,0.2764647391020034,3
set,0.02732912656615538,0.295473518568613,3,0.2681443920024576,3
gone,0.027379370198311326,0.291810214524509,3,0.2644308443261977,3
remember,0.027532582780527393,0.2801922717184903,3,0.2526596889379629,3
life,0.027809027079566284,0.257139168741038,3,0.2293301416614717,3
once,0.02781606057965061,0.2565098123896824,3,0.2286937518100318,3
tell,0.027822992648028205,0.2558871306781038,3,0.2280641380300756,3
never,0.02828552973732401,0.2068096930983887,3,0.1785241633610647,3
well,0.0283579744660295,0.1970277971799087,3,0.1686698227138792,3
new,0.028411787334323202,0.1891147354168357,3,0.1607029480825125,3
head,0.02859633835913067,0.3098739444526677,4,0.281277606093537,4
someone,0.029238472120319603,0.2637038543468052,4,0.2344653822264856,4
always,0.029424941874812205,0.2476922705480013,4,0.2182673286731891,4
why,0.029440351035187884,0.2462932184501914,4,0.2168528674150035,4
call,0.02966399713397838,0.3213088993419135,5,0.2916449022079351,5
www,0.029856103230315595,0.2018450452465826,4,0.171988942016267,4
god,0.03007129546418502,0.2960737799490826,5,0.2660024844848976,5
hope,0.030494508547839777,0.2659094522070556,5,0.2354149436592158,5
could,0.030608526205022496,0.256816220930708,5,0.2262076947256855,5
around,0.030666150497414585,0.2520189412789108,5,0.2213527907814962,5
very,0.030709482323538484,0.2483120445690206,5,0.2176025622454821,5
now,0.0307468277755151,0.2450433591567677,5,0.2142965313812526,5
say,0.031700899928038095,0.260480061941201,6,0.2287791620131629,6
from,0.03345374732970974,0.3214803030667667,18,0.288026555737057,19
how,0.033478544454057096,0.2745778616690524,8,0.2410993172149953,8
back,0.03398349610129614,0.2976967395516473,9,0.2637132434503512,9
got,0.03431984310905545,0.3234776360207465,10,0.289157792911691,10
get,0.0369297771260057,0.3023983674822905,13,0.2654685903562848,13
not,0.036967144896696,0.2576699544442242,12,0.2207028095475282,12
or,0.038975522640207094,0.2981050489719611,16,0.259129526331754,16
had,0.044751738682726916,0.3248138624028754,12,0.2800621237201485,11
would,0.0457759727143352,0.2788579597236162,11,0.233081987009281,10
said,0.0461807566258175,0.3095441633532902,7,0.2633634067274727,6
school,0.04711470099498269,0.2697353931093799,7,0.2226206921143972,6
i,0.047559406585211905,0.3654189997152411,63,0.3178595931300292,67
few,0.0483724050859225,0.2609527984506781,6,0.2125803933647556,5
dont,0.050019443716724094,0.2693683247458627,5,0.2193488810291386,4
ok,0.05190805666039089,0.3187855128860412,4,0.2668774562256503,3
boy,0.05239918419411202,0.3022435712586659,4,0.2498443870645539,3
away,0.05300894057617547,0.279833567375064,4,0.2268246267988885,3
give,0.0531121461161517,0.2757908745232044,4,0.2226787284070527,3
if,0.05315233395103802,0.319169897632612,19,0.266017563681574,17
which,0.053641415990869024,0.2536166318716249,4,0.1999752158807559,3
but,0.055571887423196215,0.265159769647891,13,0.2095878822246948,11
see,0.05598766396762128,0.2978790009828294,11,0.2418913370152081,9
honor,0.057336256838756705,0.3421775810295506,3,0.2848413241907939,2
jail,0.05802251841129469,0.3234168333252418,3,0.2653943149139471,2
knew,0.05882751939931152,0.2994130053547445,3,0.240585485955433,2
happened,0.05899080057959019,0.2942238270246187,3,0.2352330264450285,2
son,0.05902865469417731,0.2930031995960333,3,0.233974544901856,2
some,0.059198973956543915,0.2683623481684783,9,0.2091633742119344,7
students,0.05938525730929037,0.2811511596825986,3,0.2217659023733082,2
between,0.05938525730929037,0.2811511596825986,3,0.2217659023733082,2
weeks,0.05951932668618817,0.2765158895546215,3,0.2169965628684333,2
police,0.05992634623217241,0.2617455264941375,3,0.2018191802619651,2
pm,0.0599443672653254,0.2610647005846911,3,0.2011203333193657,2
racist,0.0600632566549166,0.2565098123896824,3,0.1964465557347658,2
place,0.060419693332377095,0.2421212732458175,3,0.1817015799134404,2
still,0.060419693332377095,0.2421212732458175,3,0.1817015799134404,2
use,0.06045423200910269,0.2406615904607469,3,0.1802073584516442,2
really,0.0606404981319833,0.2325605773417268,3,0.1719200792097435,2
something,0.06065925425497451,0.2317220530075408,3,0.1710627987525663,2
2,0.06079781008426899,0.2253857465579885,3,0.1645879364737195,2
out,0.06086006295402019,0.3167769729442369,17,0.2559169099902167,14
looking,0.060897450847153395,0.2206623756158038,3,0.1597649247686504,2
guy,0.06188423221450856,0.3284488751627865,7,0.2665646429482779,5
told,0.0657586807201262,0.3301502306413367,6,0.2643915499212105,4
talk,0.066744736181371,0.3045329777184817,6,0.2377882415371107,4
just,0.07194201900038111,0.2974825511386167,15,0.2255405321382356,11
jose,0.07217293522596929,0.362201804132542,2,0.2900288689065727,1
adam,0.0726879145971222,0.3520514611821366,2,0.2793635465850144,1
tongue,0.0726879145971222,0.3520514611821366,2,0.2793635465850144,1
go,0.07319721921161301,0.2885663708786817,9,0.2153691516670687,6
times,0.07382342864765382,0.2845880453353165,5,0.2107646166876627,3
lads,0.07391436367453585,0.3262150988445833,2,0.2523007351700474,1
put,0.07408272130558799,0.2773143331820835,5,0.2032316118764955,3
jumped,0.07411990843364918,0.3216186542324342,2,0.247498745798785,1
hated,0.07411990843364918,0.3216186542324342,2,0.247498745798785,1
vile,0.074302875610772,0.3174535283978423,2,0.2431506527870703,1
himself,0.07461727209721042,0.3101238402101849,2,0.2355065681129745,1
whenever,0.07488065086518292,0.3038027351238634,2,0.2289220842586805,1
obviously,0.07488065086518292,0.3038027351238634,2,0.2289220842586805,1
17,0.07488065086518292,0.3038027351238634,2,0.2289220842586805,1
victim,0.07488065086518292,0.3038027351238634,2,0.2289220842586805,1
known,0.07499773646449417,0.3009359335882614,2,0.2259381971237672,1
watched,0.07510678895335682,0.2982327646258368,2,0.22312597567248,1
math,0.07510678895335682,0.2982327646258368,2,0.22312597567248,1
angry,0.07520879291335861,0.2956744160897587,2,0.2204656231764001,1
y,0.07530456342245487,0.293245197943959,2,0.2179406345215041,1
think,0.075419072526069,0.2345877534884612,5,0.1591686809623922,3
ape,0.07548002784422153,0.2887232099089763,2,0.2132431820647548,1
eating,0.0755607905866088,0.2866095147851856,2,0.2110487241985768,1
heritage,0.07578014082950671,0.2807598805478364,2,0.2049797397183297,1
morning,0.07578014082950671,0.2807598805478364,2,0.2049797397183297,1
whatever,0.07591037878730639,0.2772072209488965,2,0.2012968421615901,1
summer,0.07597144564477601,0.2755199297769435,2,0.1995484841321675,1
damn,0.07597144564477601,0.2755199297769435,2,0.1995484841321675,1
hundreds,0.0761930269921696,0.2692757408042147,2,0.1930827138120451,1
brother,0.076472006039732,0.2611197844044521,2,0.1846477783647201,1
song,0.07666826383681502,0.2551640876845888,2,0.1784958238477738,1
reason,0.0770198251308285,0.2439802932247864,2,0.1669604680939579,1
send,0.07738265939464509,0.2316199980105114,2,0.1542373386158663,1
probably,0.0775209868828875,0.2266490866696048,2,0.1491280997867173,1
days,0.0776106724752681,0.2233395215221431,2,0.145728849046875,1
thought,0.0776278012045688,0.2226992353517156,2,0.1450714341471468,1
area,0.078176374895781,0.2005359980159416,2,0.1223596231201606,1
before,0.07826339420531558,0.1966638397715572,2,0.1184004455662416,1
take,0.07840842761938929,0.1899330561968225,2,0.1115246285774332,1
much,0.0785465459486202,0.1831527220635978,2,0.1046061761149776,1
trudeau,0.08139466846147203,0.3598282624771416,4,0.2784335940156696,2
off,0.082440089695662,0.301065923967625,7,0.218625834271963,4
ask,0.08355248644101268,0.3187855128860412,4,0.2352330264450285,2
lol,0.08472220441172679,0.2932371759360948,4,0.208514971524368,2
says,0.08484853174525328,0.2902923860573436,4,0.2054438543120903,2
africa,0.08530710726016391,0.2792386936243788,4,0.1939315863642149,2
3,0.08576831692853862,0.267469896841979,4,0.1817015799134404,2
post,0.0862618853538111,0.2540059472321789,4,0.1677440618783678,2
ll,0.0865399351862956,0.2459481569776679,4,0.1594082217913723,2
find,0.08676619697129762,0.2390959885630337,4,0.1523297915917361,2
she,0.0870147387104192,0.2312195966170684,4,0.1442048579066492,2
here,0.088276079206504,0.1826600502209034,4,0.0943839710143994,2
next,0.0903970025430276,0.3142312542396557,6,0.2238342516966281,3
you,0.09287863460404139,0.2881604462719304,24,0.195281811667889,16
sat,0.1066710129165761,0.3421775810295506,3,0.2355065681129745,1
picture,0.11031204118345911,0.2801922717184903,3,0.1698802305350312,1
girls,0.11070648331538493,0.2722390081062954,3,0.1615325247909105,1
week,0.1113236511302291,0.2590688872801512,3,0.1477452361499221,1
hair,0.11154673050712793,0.2540576416843928,3,0.1425109111772649,1
try,0.11199078041331359,0.2436166270712693,3,0.1316258466579557,1
minister,0.13227304922001243,0.3433217734185892,4,0.2110487241985768,1
love,0.13679679030417732,0.2780667905048632,4,0.1412700002006859,1
things,0.13683062103707241,0.2774895059196531,4,0.1406588848825807,1
d,0.13760664979534,0.2637038543468052,4,0.1260972045514652,1
show,0.13836121708050952,0.2491225141478657,4,0.1107612970673562,1
him,0.24286262399237413,0.6714495242197408,130,0.4285869002273667,32
