word,npmi-bias,his-npmi,his-count,their-npmi,their-count
their,-0.44724391245990475,0.1761281063665356,7,0.6233720188264403,599
them,-0.1972256338213086,0.1366714049916467,4,0.3338970388129553,84
are,-0.15144251977431453,0.1930122732517011,14,0.3444547930260156,146
they,-0.1491941308625694,0.2445727972656486,21,0.393766928128218,198
take,-0.1440097050186335,0.1115246285774332,1,0.2555343335960667,19
race,-0.13695807491082712,0.1379723589744194,2,0.2749304338852465,30
whites,-0.13188621467454492,0.1502106313939321,3,0.282096846068477,39
much,-0.1286312705691361,0.1046061761149776,1,0.2332374466841137,16
anyone,-0.1167441652859583,0.1035767519359182,1,0.2203209172218765,14
thing,-0.1163324330879059,0.1167159749010332,1,0.2330484079889391,14
parents,-0.11150874103022759,0.2134514835685621,2,0.3249602245987897,24
here,-0.1078572736266805,0.0943839710143994,2,0.2022412446410799,22
great,-0.0958778284458885,0.0989711314114519,1,0.1948489598573404,11
makes,-0.094287427435156,0.1598308514990346,1,0.2541182789341906,11
countries,-0.09411368087687266,0.1650936864830309,1,0.2592073673599036,11
liberal,-0.09355842331503791,0.1808748356275218,1,0.2744332589425597,11
children,-0.09067236481594529,0.2295799215156016,4,0.3202522863315469,34
think,-0.09017784634407969,0.1591686809623922,3,0.2493465273064719,26
many,-0.08978515424027161,0.1722343512039345,3,0.2620195054442061,26
am,-0.087822622970203,0.0961679858897382,1,0.1839906088599412,10
same,-0.08776619999619989,0.0996101154811819,1,0.1873763154773818,10
money,-0.0867878491211016,0.145728849046875,1,0.2325166981679766,10
own,-0.08048049912632499,0.2879384380377119,9,0.3684189371640369,62
site,-0.07840853222699448,0.1321534616435041,1,0.2105619938704986,9
eyes,-0.07840853222699448,0.1321534616435041,1,0.2105619938704986,9
women,-0.0782994111561047,0.1376915645866314,1,0.2159909757427361,9
themselves,-0.07788681924440799,0.1565695897543766,1,0.2344564089987846,9
skin,-0.07784878107413382,0.1581774912057517,1,0.2360262722798855,9
girls,-0.077767949956249,0.1615325247909105,1,0.2393004747471595,9
culture,-0.07510801044512933,0.2125986654345295,2,0.2877066758796588,16
do,-0.0694386179981811,0.2073556853924073,10,0.2767943033905884,60
show,-0.06910573620484421,0.1107612970673562,1,0.1798670332722004,8
ireland,-0.06903807190716209,0.1163016147355962,1,0.1853396866427583,8
those,-0.0690106499293438,0.1932645146850301,4,0.2622751646143739,27
irish,-0.0688563996135704,0.1295587714357038,1,0.1984151710492742,8
there,-0.0687662632934497,0.1581936312684835,6,0.2269598945619332,38
thought,-0.0686085244829171,0.1450714341471468,1,0.2136799586300639,8
care,-0.06826908352980099,0.1632856492502448,1,0.2315547327800458,8
taking,-0.06767416733426371,0.1901221511447543,1,0.257796318479018,8
fear,-0.0675233829212924,0.196217022462994,1,0.2637404053842864,8
faces,-0.0667886525200942,0.22312597567248,1,0.2899146281925742,8
re,-0.06476175871576881,0.1526503399363009,2,0.2174120986520697,14
people,-0.06461678001353907,0.2490977273358206,13,0.3137145073493597,73
not,-0.06341561366762499,0.2207028095475282,12,0.2841184232151532,67
live,-0.05837623207357559,0.1042612698476412,1,0.1626375019212168,7
find,-0.05823898535603941,0.1523297915917361,2,0.2105687769477755,13
area,-0.0582263328960258,0.1223596231201606,1,0.1805859560161864,7
try,-0.058132160459128085,0.1316258466579557,1,0.1897580071170838,7
non,-0.058092429044309085,0.1630656481913317,2,0.2211580772356408,13
things,-0.058029027181020904,0.1406588848825807,1,0.1986879120636016,7
stupid,-0.057785316474682186,0.1589983168496648,1,0.216783633324347,7
teachers,-0.057760738373081405,0.1606754599717273,1,0.2184361983448087,7
having,-0.057665224719781694,0.1669604680939579,1,0.2246256928137396,7
ones,-0.05756906090100519,0.1729583851784586,1,0.2305274460794638,7
have,-0.057550652222719934,0.2544106359034107,23,0.3119612881261306,114
off,-0.057015220093703106,0.218625834271963,4,0.2756410543656661,24
but,-0.05559721304635748,0.2095878822246948,11,0.2651850952710523,58
which,-0.054384090269532226,0.1999752158807559,3,0.2543593061502881,18
country,-0.053067468033951265,0.2131147835777963,4,0.2661822516117476,23
blacks,-0.052590891170530396,0.2247427206400196,5,0.27733361181055,28
kids,-0.0524847232644563,0.2371465866603627,6,0.289631309924819,33
well,-0.0495888529063922,0.1686698227138792,3,0.2182586756202714,17
ever,-0.046116530173770404,0.1134727512181701,1,0.1595892813919405,6
group,-0.04598611193129462,0.1371149144550645,1,0.1831010263863591,6
such,-0.04598611193129462,0.1371149144550645,1,0.1831010263863591,6
must,-0.045952121338315416,0.1418872969149454,1,0.1878394182532608,6
hair,-0.04594748985770081,0.1425109111772649,1,0.1884584010349657,6
today,-0.045928013426039194,0.1450714341471468,1,0.190999447573186,6
stop,-0.045928013426039194,0.1450714341471468,1,0.190999447573186,6
etc,-0.045865328898473307,0.1527321712006887,1,0.198597500099162,6
crap,-0.045679402116872714,0.1719135934653465,1,0.2175929955822192,6
took,-0.04560607527959901,0.1784958238477738,1,0.2241018991273728,6
bring,-0.0454262714809045,0.1930827138120451,1,0.2385089852929496,6
force,-0.045405844577303206,0.1946267928821758,1,0.240032637459479,6
imagine,-0.04538452847077301,0.196217022462994,1,0.241601550933767,6
evil,-0.045338955771938916,0.1995484841321675,1,0.2448874399041064,6
heritage,-0.04526200060702243,0.2049797397183297,1,0.2502417403253521,6
http,-0.043877272881496426,0.1354281350389233,2,0.1793054079204197,11
use,-0.04354438575578329,0.1802073584516442,2,0.2237517442074275,11
sure,-0.04348077397134681,0.1864134512942623,2,0.2298942252656091,11
even,-0.0428785101818463,0.2387862019596803,6,0.2816647121415266,30
lives,-0.04258907300071152,0.2497947097200477,2,0.2923837827207592,11
some,-0.04164665191113401,0.2091633742119344,7,0.2508100261230684,34
you,-0.0408966826050888,0.195281811667889,16,0.2361784942729778,72
because,-0.03992123662688468,0.2546578109969394,8,0.2945790476238241,38
school,-0.03970063274932081,0.2226206921143972,6,0.262321324863718,29
never,-0.03814212386449162,0.1785241633610647,3,0.2166662872255563,15
its,-0.03571018040934901,0.1430796204764128,2,0.1787898008857618,10
world,-0.035641641522696194,0.1619468137078126,2,0.1975884552305088,10
trying,-0.035434510110348316,0.1958078475346545,2,0.2312423576450028,10
than,-0.035297204227822204,0.1927744571169785,4,0.2280716613448007,19
who,-0.0331625527901539,0.2663873723461382,13,0.2995499251362921,56
im,-0.032023529445285415,0.1171330003946372,1,0.1491565298399226,5
before,-0.032023339939758894,0.1184004455662416,1,0.1504237855060005,5
d,-0.032019257118347216,0.1260972045514652,1,0.1581164616698124,5
love,-0.0319964778028482,0.1412700002006859,1,0.1732664780035341,5
woman,-0.03198607188210639,0.145728849046875,1,0.1777149209289814,5
become,-0.031950974311223485,0.1573680263684885,1,0.189319000679712,5
also,-0.03195063646180249,0.186096942310975,3,0.2180475787727775,14
guys,-0.031913433528127505,0.1669604680939579,1,0.1988739016220854,5
reason,-0.031913433528127505,0.1669604680939579,1,0.1988739016220854,5
able,-0.031913433528127505,0.1669604680939579,1,0.1988739016220854,5
open,-0.031913433528127505,0.1669604680939579,1,0.1988739016220854,5
mother,-0.03190494152220011,0.1688902510007865,1,0.2007951925229866,5
party,-0.03189582005423791,0.1708877835630655,1,0.2027836036173034,5
job,-0.0318860092520829,0.1729583851784586,1,0.2048443944305415,5
either,-0.031875440910747704,0.1751080427946773,1,0.206983483705425,5
land,-0.0318579939509214,0.1784958238477738,1,0.2103538177986952,5
pass,-0.0318579939509214,0.1784958238477738,1,0.2103538177986952,5
rather,-0.031823836221347906,0.1846477783647201,1,0.216471614586068,5
past,-0.03181610476328442,0.1859655089856841,1,0.2177816137489685,5
national,-0.03181610476328442,0.1859655089856841,1,0.2177816137489685,5
website,-0.031799588756310504,0.188700829837502,1,0.2205004185938125,5
knows,-0.031799588756310504,0.188700829837502,1,0.2205004185938125,5
laugh,-0.031761645467298094,0.1946267928821758,1,0.2263884383494739,5
sort,-0.031715401171797,0.2012968421615901,1,0.2330122433333871,5
enemies,-0.031657770142989705,0.208944940834249,1,0.2406027109772387,5
views,-0.031583693490695675,0.2179406345215041,1,0.2495243280121998,5
values,-0.03151213164434788,0.2259381971237672,1,0.2574503287681151,5
complain,-0.03129250271166001,0.247498745798785,1,0.278791248510445,5
us,-0.03027038505392049,0.1920458137550331,4,0.2223161988089536,18
ll,-0.026852850091291708,0.1594082217913723,2,0.186261071882664,9
looking,-0.026852556207664302,0.1597649247686504,2,0.1866174809763147,9
really,-0.02683673033261999,0.1719200792097435,2,0.1987568095423635,9
yes,-0.026820638710085498,0.1797171414242219,2,0.2065377801343074,9
families,-0.026426544951088593,0.255096747165777,2,0.2815232921168656,9
just,-0.023952994815471196,0.2255405321382356,11,0.2494935269537068,44
know,-0.021704259446459206,0.228000010068685,7,0.2497042695151442,28
these,-0.021685943065892388,0.2380031582797124,7,0.2596891013456048,28
around,-0.0202960022734692,0.2213527907814962,5,0.2416487930549654,20
make,-0.020285546534809018,0.2301758547173014,5,0.2504614012521104,20
how,-0.0190596373152446,0.2410993172149953,8,0.2601589545302399,31
give,-0.018465890475118513,0.2226787284070527,3,0.2411446188821712,12
truth,-0.017238100826749703,0.2109302255192912,2,0.2281683263460409,8
africa,-0.017231380793857998,0.1939315863642149,2,0.2111629671580729,8
actually,-0.01722788003826209,0.1903457666069446,2,0.2075736466452067,8
still,-0.01721645478624928,0.1817015799134404,2,0.1989180346996897,8
last,-0.017158372592236515,0.1562817998947387,2,0.1734401724869752,8
home,-0.01691996161520659,0.2557391896005944,6,0.272659151215801,23
gods,-0.015471878448214987,0.208944940834249,1,0.224416819282464,4
often,-0.015471878448214987,0.208944940834249,1,0.224416819282464,4
notice,-0.015471237980501207,0.2155370995250058,1,0.231008337505507,4
sit,-0.015470457451696978,0.2179406345215041,1,0.2334110919732011,4
welfare,-0.015470457451696978,0.2179406345215041,1,0.2334110919732011,4
females,-0.015470457451696978,0.2179406345215041,1,0.2334110919732011,4
following,-0.015470457451696978,0.2179406345215041,1,0.2334110919732011,4
continue,-0.01546986496121358,0.2012968421615901,1,0.2167667071228037,4
door,-0.01546986496121358,0.2012968421615901,1,0.2167667071228037,4
summer,-0.015468988705391012,0.1995484841321675,1,0.2150174728375585,4
built,-0.015468988705391012,0.1995484841321675,1,0.2150174728375585,4
been,-0.0154683463470979,0.2026686824319286,5,0.2181370287790265,19
possible,-0.015466890377303116,0.196217022462994,1,0.2116839128402971,4
arms,-0.01546575671745129,0.2259381971237672,1,0.2414039538412185,4
sometimes,-0.015463035526809277,0.1915820093199644,1,0.2070450448467737,4
instead,-0.015463035526809277,0.1915820093199644,1,0.2070450448467737,4
groups,-0.015458525183558613,0.1873159300068793,1,0.2027744551904379,4
pro,-0.015458525183558613,0.1873159300068793,1,0.2027744551904379,4
behavior,-0.015455884418822785,0.2355065681129745,1,0.2509624525317973,4
burn,-0.015455884418822785,0.2355065681129745,1,0.2509624525317973,4
wn,-0.01545523524578249,0.1846477783647201,1,0.2001030136105026,4
nordic,-0.01545351968064379,0.1833610879422258,1,0.1988146076228696,4
mind,-0.01545351968064379,0.1833610879422258,1,0.1988146076228696,4
b,-0.01545176236811982,0.1821039117181611,1,0.1975556740862809,4
information,-0.015449966836537016,0.1808748356275218,1,0.1963248024640588,4
wanted,-0.01544051887613651,0.1751080427946773,1,0.1905485616708138,4
brothers,-0.015438552451569887,0.1740229286712642,1,0.1894614811228341,4
speak,-0.015430495496588481,0.1698802305350312,1,0.1853107260316197,4
community,-0.015428441152797207,0.1688902510007865,1,0.1843186921535837,4
coming,-0.015400870035438496,0.1573680263684885,1,0.172768896403927,4
south,-0.015398709599995702,0.1565695897543766,1,0.1719682993543723,4
each,-0.015394380853742812,0.1550045434343986,1,0.1703989242881414,4
send,-0.015392213377903308,0.1542373386158663,1,0.1696295519937696,4
until,-0.015387874112144206,0.1527321712006887,1,0.1681200453128329,4
american,-0.015361839969392,0.1444210918396717,1,0.1597829318090637,4
high,-0.015359677933394211,0.143777660422248,1,0.1591373383556422,4
or,-0.014483703106675183,0.259129526331754,16,0.2736132294384292,58
little,-0.01370235644836229,0.2295799215156016,4,0.2432822779639639,15
all,-0.012800018424119375,0.2733353356309136,20,0.286135354055033,71
n,-0.012287043433591605,0.245206880135868,14,0.2574939235694596,50
tell,-0.011120124724738778,0.2280641380300756,3,0.2391842627548144,11
put,-0.011040969716089699,0.2032316118764955,3,0.2142725815925852,11
watch,-0.01098184995376969,0.1887138134617603,3,0.19969566341553,11
can,-0.009675182017462702,0.252368268407375,12,0.2620434504248377,42
more,-0.00870255100392961,0.2236659384273958,8,0.2323684894313254,28
were,-0.00818948410712761,0.2208960758570068,6,0.2290855599641344,21
maybe,-0.0076211313811976045,0.2295799215156016,4,0.2372010528967992,14
why,-0.007557301609806194,0.2168528674150035,4,0.2244101690248097,14
using,-0.00675735126999738,0.2292144112517978,2,0.2359717625217952,7
point,-0.006681889671228902,0.2125986654345295,2,0.2192805551057584,7
says,-0.006646482100911205,0.2054438543120903,2,0.2120903364130015,7
best,-0.006624235407096474,0.2011203333193657,2,0.2077445687264622,7
racist,-0.006599465553617595,0.1964465557347658,2,0.2030460212883834,7
t,-0.006170996494021863,0.2568596642837913,16,0.2630306607778132,54
of,-0.006153049545679579,0.3549742173151446,73,0.3611272668608242,240
no,-0.005023090774101596,0.2210277109663506,8,0.2260508017404522,27
our,-0.00397070534483332,0.2330455893417062,9,0.2370162946865395,30
every,-0.0037216667831816153,0.2427769155658447,6,0.2464985823490263,20
way,-0.0036757464419221175,0.2363416050828896,6,0.2400173515248117,20
someone,-0.0011937120286664993,0.2344653822264856,4,0.2356590942551521,13
always,-0.0010629807752143006,0.2182673286731891,4,0.2193303094484034,13
is,-0.0002005592717388427,0.2995798051629441,42,0.2997803644346829,134
it,2.2522023079785125e-05,0.2869053778937682,37,0.2868828558706884,118
would,0.0001911562856272142,0.233081987009281,10,0.2328908307236538,32
about,0.0005036626439848813,0.284060158340458,17,0.2835564956964731,54
jews,0.0014829514651519826,0.2759746474705438,7,0.2744916960053918,22
for,0.0020098936578135107,0.3039997629876459,36,0.3019898693298324,113
so,0.003124192492311384,0.2879283493028594,19,0.284804156810548,59
what,0.0036304809456957354,0.252287398105113,11,0.2486569171594173,34
to,0.003966527847925838,0.3667183153448607,90,0.3627517874969349,279
computers,0.004061932728625428,0.2900288689065727,1,0.2859669361779473,3
ashamed,0.004153690043985081,0.2793635465850144,1,0.2752098565410293,3
handed,0.004343132098348523,0.2576711881487167,1,0.2533280560503682,3
vile,0.004472051308428093,0.2431506527870703,1,0.2386786014786422,3
office,0.004472051308428093,0.2431506527870703,1,0.2386786014786422,3
dress,0.00450765450285931,0.2391738097227509,1,0.2346661552198916,3
decide,0.00450765450285931,0.2391738097227509,1,0.2346661552198916,3
usual,0.004571282263639509,0.2321016747113232,1,0.2275303924476837,3
willing,0.004571282263639509,0.2321016747113232,1,0.2275303924476837,3
laughing,0.004571282263639509,0.2321016747113232,1,0.2275303924476837,3
up,0.004613162146684502,0.2823110346429158,16,0.2776978724962313,49
easy,0.004627062251849501,0.2259381971237672,1,0.2213111348719177,3
fall,0.004627062251849501,0.2259381971237672,1,0.2213111348719177,3
exist,0.004676845081456299,0.2204656231764001,1,0.2157887780949438,3
sell,0.004676845081456299,0.2204656231764001,1,0.2157887780949438,3
garbage,0.004699895413332017,0.2179406345215041,1,0.2132407391081721,3
worst,0.004721884556937811,0.2155370995250058,1,0.210815214968068,3
muslims,0.004721884556937811,0.2155370995250058,1,0.210815214968068,3
humans,0.0047429140994667,0.2132431820647548,1,0.2085002679652881,3
wp,0.0047429140994667,0.2132431820647548,1,0.2085002679652881,3
eating,0.004763071381209988,0.2110487241985768,1,0.2062856528173668,3
daughter,0.004763071381209988,0.2110487241985768,1,0.2062856528173668,3
homes,0.004776028795411114,0.263157812271258,2,0.2583817834758469,6
hoping,0.00478243206765111,0.208944940834249,1,0.2041625087665979,3
forced,0.00478243206765111,0.208944940834249,1,0.2041625087665979,3
throw,0.00478243206765111,0.208944940834249,1,0.2041625087665979,3
allowed,0.00478243206765111,0.208944940834249,1,0.2041625087665979,3
cut,0.004853115359242405,0.2012968421615901,1,0.1964437268023477,3
feet,0.004853115359242405,0.2012968421615901,1,0.1964437268023477,3
seem,0.004853115359242405,0.2012968421615901,1,0.1964437268023477,3
ground,0.004853115359242405,0.2012968421615901,1,0.1964437268023477,3
early,0.004869339537926204,0.1995484841321675,1,0.1946791445942413,3
judge,0.004869339537926204,0.1995484841321675,1,0.1946791445942413,3
books,0.004885064328051608,0.1978564599708277,1,0.1929713956427761,3
within,0.004885064328051608,0.1978564599708277,1,0.1929713956427761,3
list,0.00492955295952599,0.1930827138120451,1,0.1881531608525191,3
fighting,0.00492955295952599,0.1930827138120451,1,0.1881531608525191,3
words,0.004957235676523508,0.1901221511447543,1,0.1851649154682308,3
o,0.004970550736807189,0.188700829837502,1,0.1837302791006948,3
dirty,0.004996221111168292,0.1859655089856841,1,0.1809692878745158,3
online,0.005044155916910709,0.1808748356275218,1,0.1758306797106111,3
stand,0.005044155916910709,0.1808748356275218,1,0.1758306797106111,3
comes,0.005088220117034303,0.1762145995545227,1,0.1711263794374884,3
started,0.005088220117034303,0.1762145995545227,1,0.1711263794374884,3
power,0.005089106654069003,0.2315423195866837,2,0.2264532129326147,6
myself,0.005098708633554688,0.1751080427946773,1,0.1700093341611226,3
pictures,0.005098708633554688,0.1751080427946773,1,0.1700093341611226,3
shows,0.005109003456500505,0.1740229286712642,1,0.1689139252147637,3
sorry,0.005148393528663503,0.1698802305350312,1,0.1647318370063677,3
picture,0.005148393528663503,0.1698802305350312,1,0.1647318370063677,3
european,0.005157826971425888,0.1688902510007865,1,0.1637324240293606,3
blue,0.005157826971425888,0.1688902510007865,1,0.1637324240293606,3
almost,0.005157826971425888,0.1688902510007865,1,0.1637324240293606,3
alone,0.005185226863535591,0.16601947886853,1,0.1608342520049944,3
students,0.005187726942398413,0.2217659023733082,2,0.2165781754309098,6
move,0.005194077143720499,0.1650936864830309,1,0.1598996093393104,3
run,0.005194077143720499,0.1650936864830309,1,0.1598996093393104,3
asian,0.0052027938148781205,0.1641825735674944,1,0.1589797797526163,3
others,0.005217245764127104,0.2188559957063084,2,0.2136387499421813,6
10,0.005244518985691088,0.1598308514990346,1,0.1545863325133435,3
fact,0.005254477384205508,0.2151963664350257,2,0.2099418890508202,6
small,0.005275888333263201,0.1565695897543766,1,0.1512937014211134,3
hard,0.005275888333263201,0.1565695897543766,1,0.1512937014211134,3
getting,0.005298030501514089,0.2109302255192912,2,0.2056321950177771,6
yet,0.005330789739742381,0.2077318233224585,2,0.2024010335827161,6
called,0.005338717810369209,0.2069591160866055,2,0.2016203982762363,6
least,0.005346547021352399,0.2061965541035934,2,0.200850007082241,6
4,0.005347786286446693,0.1491280997867173,1,0.1437803135002706,3
music,0.0053807770933380905,0.145728849046875,1,0.1403480719535369,3
brown,0.005405955391004108,0.1431409837899532,1,0.1377350283989491,3
through,0.005426843230106282,0.1984047493337888,2,0.1929779061036825,6
life,0.005469871644707303,0.2293301416614717,3,0.2238602700167644,9
better,0.005473185329249203,0.1939315863642149,2,0.1884584010349657,6
else,0.0054968892013060044,0.2268246267988885,3,0.2213277375975825,9
town,0.005534205035265111,0.188067820702218,2,0.1825336156669529,6
feel,0.005535499053848092,0.223253709941243,3,0.2177182108873949,9
start,0.0055587101002869815,0.1275575475318947,1,0.1219988374316077,3
place,0.00560080164549881,0.1817015799134404,2,0.1761007782679416,6
something,0.00571290163855151,0.1710627987525663,2,0.1653498971140148,6
that,0.006377295277909922,0.3312133149053964,47,0.3248360196274865,143
your,0.007067273716343414,0.2384091159872814,12,0.231341842270938,36
will,0.009494450270735477,0.2673244202715119,16,0.2578299700007764,47
s,0.009570517274647639,0.2721965516600097,24,0.2626260343853621,71
get,0.00959184993767681,0.2654685903562848,13,0.255876740418608,38
with,0.010329513024911974,0.325219590510501,33,0.314890077485589,97
in,0.010647040459893786,0.3561658695223517,67,0.3455188290624579,199
need,0.011289600635075697,0.2427769155658447,6,0.231487314930769,17
if,0.01180902793515759,0.266017563681574,17,0.2542085357464164,49
very,0.012312901539730498,0.2176025622454821,5,0.2052896607057516,14
now,0.0123613753677565,0.2142965313812526,5,0.2019351560134961,14
we,0.012960983197887105,0.234410335426509,13,0.2214493522286219,37
dont,0.0133272664446705,0.2193488810291386,4,0.2060216145844681,11
the,0.013699688330569282,0.3675365857109999,107,0.3538368973804306,316
www,0.014019298940158992,0.171988942016267,4,0.157969643076108,11
like,0.014209155436859994,0.2623956453088337,17,0.2481864898719737,48
good,0.014219298693496613,0.2428703355203351,9,0.2286510368268385,25
see,0.014235900291300507,0.2418913370152081,9,0.2276554367239076,25
away,0.015042203021539718,0.2268246267988885,3,0.2117824237773488,8
read,0.015270473613039598,0.2117136288381602,3,0.1964431552251206,8
does,0.015365777621357185,0.2053550773581191,3,0.1899892997367619,8
ve,0.015706798783695602,0.1823552066799691,3,0.1666484078962735,8
say,0.017039813177766205,0.2287791620131629,6,0.2117393488353967,16
go,0.017270044231281895,0.2153691516670687,6,0.1980991074357868,16
out,0.017940557032615212,0.2559169099902167,14,0.2379763529576015,38
stories,0.018291406754574108,0.263157812271258,2,0.2448664055166839,5
could,0.01872337800575269,0.2262076947256855,5,0.2074843167199328,13
article,0.018782212650125113,0.233974544901856,2,0.2151923322517309,5
hand,0.01882232058954711,0.2315423195866837,2,0.2127199989971366,5
wants,0.018841675519373297,0.2303659295507215,2,0.2115242540313482,5
local,0.018914917593812308,0.2258984012992373,2,0.206983483705425,5
pride,0.01896595037634588,0.2227705487122938,2,0.2038045983359479,5
any,0.019019381702675392,0.2092711903974294,5,0.190251808694754,13
both,0.019102856671096513,0.2143172403376485,2,0.195214383666552,5
state,0.019116794516122415,0.2134514835685621,2,0.1943346890524397,5
message,0.019130508877569286,0.2125986654345295,2,0.1934681565569602,5
couple,0.019244973506412216,0.2054438543120903,2,0.1861988808056781,5
jewish,0.019244973506412216,0.2054438543120903,2,0.1861988808056781,5
different,0.019279981650569378,0.2032422725094984,2,0.183962290858929,5
police,0.019302557328614606,0.2018191802619651,2,0.1825166229333505,5
came,0.019356552185918086,0.1984047493337888,2,0.1790481971478707,5
may,0.019407390440169592,0.1951758836859893,2,0.1757684932458197,5
hate,0.01956100554986831,0.1853348211838603,2,0.165773815633992,5
2,0.019878288063584992,0.1645879364737195,2,0.1447096484101345,5
she,0.02018133437562969,0.1442048579066492,2,0.1240235235310195,5
and,0.020714095631979512,0.4001979700983344,104,0.3794838744663549,294
be,0.020787441820557917,0.2865544431850171,22,0.2657670013644592,59
me,0.021612659969864917,0.1948540150807752,7,0.1732413551109103,18
years,0.021715265640878,0.2013449148615342,4,0.1796296492206562,10
as,0.0218561645512399,0.278088369799106,20,0.2562322052478661,53
look,0.022545416906505883,0.2457829094840802,6,0.2232374925775743,15
by,0.0239884577274882,0.2923643363642307,16,0.2683758786367425,41
media,0.025291676049453815,0.2462990496013595,3,0.2210073735519057,7
public,0.025499131505080486,0.236105054403631,3,0.2106059228985505,7
believe,0.02552773520697979,0.2346856957444678,3,0.209157960537488,7
few,0.02598344251834389,0.2125803933647556,5,0.1865969508464117,12
times,0.025999467105224994,0.2107646166876627,3,0.1847651495824377,7
other,0.026331718919114178,0.2592258902791836,9,0.2328941713600694,22
should,0.02835354513029259,0.274003115355293,10,0.2456495702250004,24
white,0.028887368687438186,0.303516244043614,31,0.2746288753561758,79
proud,0.028892570968279074,0.2753665975791226,4,0.2464740266108435,9
help,0.029325110333766002,0.2571980850481898,4,0.2278729747144238,9
friends,0.029631806191500798,0.2439431055845634,4,0.2143112993930626,9
bad,0.029680209083799203,0.2418212005990886,4,0.2121409915152894,9
against,0.02971530671973302,0.2402773005902316,4,0.2105619938704986,9
soviets,0.030052152208426608,0.3045357239998459,1,0.2744835717914193,2
grabs,0.030410783710424216,0.2900288689065727,1,0.2596180851961485,2
preach,0.0306675805608482,0.2793635465850144,1,0.2486959660241662,2
unique,0.0306675805608482,0.2793635465850144,1,0.2486959660241662,2
commie,0.030867983550471018,0.2708676106697061,1,0.2399996271192351,2
grateful,0.030867983550471018,0.2708676106697061,1,0.2399996271192351,2
elderly,0.030867983550471018,0.2708676106697061,1,0.2399996271192351,2
teenagers,0.03103244353381332,0.2637757730125616,1,0.2327433294787483,2
served,0.03103244353381332,0.2637757730125616,1,0.2327433294787483,2
tools,0.03103244353381332,0.2637757730125616,1,0.2327433294787483,2
claimed,0.03103244353381332,0.2637757730125616,1,0.2327433294787483,2
chosen,0.031171952985802,0.2576711881487167,1,0.2264992351629147,2
thoughts,0.031171952985802,0.2576711881487167,1,0.2264992351629147,2
actions,0.03140020253332601,0.247498745798785,1,0.216098543265459,2
afternoon,0.03140020253332601,0.247498745798785,1,0.216098543265459,2
hates,0.03140020253332601,0.247498745798785,1,0.216098543265459,2
sacrifice,0.03140020253332601,0.247498745798785,1,0.216098543265459,2
role,0.03149615549558149,0.2431506527870703,1,0.2116544972914888,2
biggest,0.03149615549558149,0.2431506527870703,1,0.2116544972914888,2
draw,0.03149615549558149,0.2431506527870703,1,0.2116544972914888,2
survive,0.03149615549558149,0.2431506527870703,1,0.2116544972914888,2
ahead,0.03149615549558149,0.2431506527870703,1,0.2116544972914888,2
rap,0.03166250801115189,0.2355065681129745,1,0.2038440601018226,2
legal,0.03166250801115189,0.2355065681129745,1,0.2038440601018226,2
iceland,0.03166250801115189,0.2355065681129745,1,0.2038440601018226,2
meeting,0.03166250801115189,0.2355065681129745,1,0.2038440601018226,2
knife,0.031735647927159605,0.2321016747113232,1,0.2003660267841636,2
identity,0.031803415075850605,0.2289220842586805,1,0.1971186691828299,2
languages,0.031803415075850605,0.2289220842586805,1,0.1971186691828299,2
foot,0.031803415075850605,0.2289220842586805,1,0.1971186691828299,2
fault,0.031803415075850605,0.2289220842586805,1,0.1971186691828299,2
style,0.031803415075850605,0.2289220842586805,1,0.1971186691828299,2
takes,0.03186654300109579,0.2259381971237672,1,0.1940716541226714,2
spend,0.03186654300109579,0.2259381971237672,1,0.1940716541226714,2
soldiers,0.03186654300109579,0.2259381971237672,1,0.1940716541226714,2
only,0.03188427940898503,0.2902716911457167,12,0.2583874117367317,28
unless,0.03192562428108209,0.22312597567248,1,0.1912003513913979,2
private,0.031981144529718286,0.2204656231764001,1,0.1884844786466818,2
speaking,0.031981144529718286,0.2204656231764001,1,0.1884844786466818,2
angry,0.031981144529718286,0.2204656231764001,1,0.1884844786466818,2
didnt,0.031981144529718286,0.2204656231764001,1,0.1884844786466818,2
sun,0.03203350671832192,0.2179406345215041,1,0.1859071278031822,2
acting,0.03203350671832192,0.2179406345215041,1,0.1859071278031822,2
soul,0.03203350671832192,0.2179406345215041,1,0.1859071278031822,2
stopped,0.03203350671832192,0.2179406345215041,1,0.1859071278031822,2
btw,0.03208304894891589,0.2155370995250058,1,0.1834540505760899,2
safe,0.03208304894891589,0.2155370995250058,1,0.1834540505760899,2
definitely,0.03208304894891589,0.2155370995250058,1,0.1834540505760899,2
level,0.03208304894891589,0.2155370995250058,1,0.1834540505760899,2
military,0.032130057688396496,0.2132431820647548,1,0.1811131243763583,2
minister,0.03217477778813338,0.2110487241985768,1,0.1788739464104434,2
met,0.0322174201832757,0.208944940834249,1,0.1767275206509733,2
metal,0.03233459907896291,0.2031057059897966,1,0.1707711069108337,2
note,0.03233459907896291,0.2031057059897966,1,0.1707711069108337,2
mail,0.03237054694630992,0.2012968421615901,1,0.1689262952152802,2
large,0.0324051343796419,0.1995484841321675,1,0.1671433497525256,2
damn,0.0324051343796419,0.1995484841321675,1,0.1671433497525256,2
act,0.032438459511257706,0.1978564599708277,1,0.16541800045957,2
killing,0.032438459511257706,0.1978564599708277,1,0.16541800045957,2
sounds,0.03247061021549799,0.196217022462994,1,0.163746412247496,2
search,0.03250166549182709,0.1946267928821758,1,0.1621251273903487,2
then,0.03253574958644051,0.2716380483951536,10,0.2391022988087131,23
holocaust,0.03256076814571221,0.1915820093199644,1,0.1590212411742522,2
football,0.03256076814571221,0.1915820093199644,1,0.1590212411742522,2
wish,0.0326936129331902,0.1846477783647201,1,0.1519541654315299,2
scum,0.0326936129331902,0.1846477783647201,1,0.1519541654315299,2
50,0.0326936129331902,0.1846477783647201,1,0.1519541654315299,2
sent,0.0327417360789681,0.1821039117181611,1,0.149362175639193,2
matter,0.0328094283892075,0.1784958238477738,1,0.1456863954585663,2
dark,0.03283090778794431,0.1773435288647765,1,0.1445126210768322,2
7,0.032851886332412705,0.1762145995545227,1,0.14336271322211,2
youth,0.032851886332412705,0.1762145995545227,1,0.14336271322211,2
9,0.03287238641204149,0.1751080427946773,1,0.1422356563826358,2
e,0.03289242894850511,0.1740229286712642,1,0.1411304997227591,2
000,0.0330384124332935,0.16601947886853,1,0.1329810664352365,2
v,0.03305508946639582,0.1650936864830309,1,0.1320385970166351,2
german,0.03307145966546801,0.1641825735674944,1,0.1311111139020264,2
this,0.0333327435652469,0.2731336488075029,25,0.239800905242256,61
probably,0.033335860494454986,0.1491280997867173,1,0.1157922392922623,2
days,0.0333939735418928,0.145728849046875,1,0.1123348755049822,2
https,0.0337409716861026,0.1246697619321303,1,0.0909287902460277,2
monkey,0.03387887165899661,0.2848413241907939,2,0.2509624525317973,4
claims,0.0343859774084401,0.2653943149139471,2,0.231008337505507,4
security,0.03469132556080051,0.2532676401438144,2,0.2185763145830139,4
five,0.0347350933376345,0.2515018004604382,2,0.2167667071228037,4
chinese,0.03481787249603199,0.2481423257138714,2,0.2133244532178394,4
top,0.034895026236220095,0.2449875096162631,2,0.210092483380043,4
sister,0.034895026236220095,0.2449875096162631,2,0.210092483380043,4
understand,0.035035191765407814,0.2391961121216568,2,0.204160920356249,4
happen,0.0350676869894615,0.2378421421798994,2,0.2027744551904379,4
dead,0.035099277731118095,0.2365216918937105,2,0.2014224141625924,4
moved,0.03515993727898642,0.233974544901856,2,0.1988146076228696,4
news,0.0352221652165666,0.2454760284392355,6,0.2102538632226689,13
across,0.03537454556224151,0.2248360266850756,2,0.1894614811228341,4
cause,0.035554881475500205,0.2169965628684333,2,0.1814416813929331,4
nation,0.0356734418149853,0.2117583761555309,2,0.1760849343405456,4
done,0.035692044066154394,0.2109302255192912,2,0.1752381814531368,4
city,0.036117001479784805,0.1915175722620036,2,0.1554005707822188,4
m,0.03619764999411351,0.2066639431377237,6,0.1704662931436102,13
3,0.03632378448828852,0.1817015799134404,2,0.1453777954251519,4
let,0.03648633077267302,0.2740455184371897,7,0.2375591876645167,15
right,0.036592965284266116,0.2703573839704189,7,0.2337644186861528,15
my,0.036998413633624216,0.2266702213276937,14,0.1896718076940695,32
leave,0.03699972640433882,0.2556261991712884,3,0.2186264727669496,6
support,0.03735251238515938,0.2421599705059048,3,0.2048074581207454,6
soon,0.03747049995018101,0.2375600741879112,3,0.2000895742377302,6
had,0.038125849508082205,0.2800621237201485,11,0.2419362742120663,24
nothing,0.038143531045495505,0.2102954936560129,3,0.1721519626105174,6
on,0.03839232458833919,0.3349025652360359,42,0.2965102406476967,101
keep,0.039207125074782384,0.2439431055845634,4,0.204735980509781,8
person,0.0392925053001294,0.2407875747637551,4,0.2014950694636257,8
black,0.039745611743443626,0.288330105380994,15,0.2485844936375504,33
god,0.04018150331982712,0.2660024844848976,5,0.2258209811650705,10
come,0.040757581647194924,0.2461588689358359,5,0.205401287288641,10
when,0.040809735059724905,0.2925007722245534,16,0.2516910371648285,35
from,0.041554677871769696,0.288026555737057,19,0.2464718778652873,42
com,0.0420470095983862,0.1979943450564096,5,0.1559473354580234,10
going,0.04224841771339222,0.2436643488471018,6,0.2014159311337096,12
being,0.04287697412252159,0.2648709372121249,7,0.2219939630896033,14
into,0.0446602423694564,0.2781919093103875,9,0.2335316669409311,18
back,0.04514524406166989,0.2637132434503512,9,0.2185679993886813,18
time,0.04529236827151409,0.2592258902791836,9,0.2139335220076695,18
one,0.04899731490102241,0.2599368441159266,13,0.2109395292149042,26
said,0.04909082513488752,0.2633634067274727,6,0.2142725815925852,11
while,0.04912871557417431,0.2581509772169278,5,0.2090222616427535,9
saw,0.0492693999778398,0.2538882614877223,5,0.2046188615098825,9
left,0.04951890336103559,0.255204443183,4,0.2056855398219644,7
two,0.04963355568218389,0.2426259663731504,5,0.1929924106909665,9
down,0.04968110761869199,0.2698517525336941,8,0.2201706449150021,15
over,0.04976083805957657,0.2540077643182623,7,0.2042469262586857,13
where,0.0498161492989245,0.2523602164222254,7,0.2025440671233009,13
jew,0.04982948960295361,0.2455851927430356,4,0.195755703140082,7
heard,0.04986447974849001,0.2444854853585261,4,0.1946210056100361,7
day,0.050028441058474316,0.2347600214861202,6,0.1847315804276459,11
rest,0.05056718816285341,0.2620914421942016,3,0.2115242540313482,5
i,0.050755515699542786,0.3178595931300292,67,0.2671040774304864,156
together,0.051595586906422075,0.229973467476158,3,0.1783778805697359,5
next,0.051781408841261395,0.2238342516966281,3,0.1720528428553667,5
work,0.051946968421265505,0.2182660623459615,3,0.166319093924696,5
forum,0.0520382431210171,0.2151547927186041,3,0.163116549597587,5
stood,0.0534347916799415,0.2965002677772839,2,0.2430654760973424,3
new,0.05349296710640501,0.1607029480825125,3,0.1072099809761075,5
marriage,0.05399798958125168,0.2815283820289354,2,0.2275303924476837,3
apparently,0.05465754430596992,0.263157812271258,2,0.2085002679652881,3
sitting,0.054732124791709996,0.2610177776090768,2,0.2062856528173668,3
bet,0.05487107592320728,0.256994194876314,2,0.2021231189531067,3
lost,0.0551155651258064,0.2497947097200477,2,0.1946791445942413,3
listen,0.05550975237541941,0.2378421421798994,2,0.18233238980448,3
earth,0.05550975237541941,0.2378421421798994,2,0.18233238980448,3
races,0.055673418575302,0.2327447666633402,2,0.1770713480880382,3
poor,0.05571163987607261,0.2315423195866837,2,0.1758306797106111,3
british,0.05571163987607261,0.2315423195866837,2,0.1758306797106111,3
don,0.0558552653597853,0.2269816447972737,2,0.1711263794374884,3
20,0.05598599769834889,0.2227705487122938,2,0.1667845510139449,3
an,0.0564111701164855,0.2594779171374294,11,0.2030667470209439,20
men,0.05660957614971271,0.2018191802619651,2,0.1452096041122524,3
hell,0.05668802757294078,0.1990720675078315,2,0.1423840399348907,3
since,0.05696373169694771,0.1891961455165114,2,0.1322324138195637,3
after,0.057016330135716414,0.2662685235576011,6,0.2092521934218847,10
1,0.05752853700835289,0.1677440618783678,2,0.1102155248700149,3
thread,0.057617264619728395,0.1642040125814813,2,0.1065867479617529,3
again,0.05851265073640202,0.2638057503452793,5,0.2052930996088773,8
hope,0.059548909466050515,0.2354149436592158,5,0.1758660341931653,8
self,0.05961646855992367,0.3028351853381567,4,0.243218716778233,6
age,0.06039294920076768,0.2844948483281405,4,0.2241018991273728,6
face,0.060567249222023084,0.2802466110443367,4,0.2196793618223136,6
told,0.06119933838549321,0.2643915499212105,4,0.2031922115357173,6
wonder,0.06167216586553248,0.2520262879691483,4,0.1903541221036158,6
at,0.062026292648484416,0.3285745214929397,27,0.2665482288444553,51
found,0.06208664262501609,0.2407875747637551,4,0.178700932138739,6
anything,0.06237789836036489,0.2326440728592182,4,0.1702661744988533,6
ago,0.062529756424832,0.2283113749964845,4,0.1657816185716525,6
set,0.06672197783986519,0.2681443920024576,3,0.2014224141625924,4
case,0.06672197783986519,0.2681443920024576,3,0.2014224141625924,4
too,0.06707117196229462,0.2334698086282991,6,0.1663986366660045,9
videos,0.06731055068647387,0.2536308694677328,3,0.1863203187812589,4
remember,0.06734896290634323,0.2526596889379629,3,0.1853107260316197,4
light,0.06745962542703879,0.2498443870645539,3,0.1823847616375151,4
history,0.0676304422149209,0.2454466358599194,3,0.1778161936449985,4
child,0.0679026499360259,0.2383015742241673,3,0.1703989242881414,4
fight,0.0679026499360259,0.2383015742241673,3,0.1703989242881414,4
everyone,0.0679579711846387,0.2368279857871428,3,0.1688700146025041,4
story,0.0682351232625531,0.2293301416614717,3,0.1610950183989186,4
once,0.06825831383566319,0.2286937518100318,3,0.1604354379743686,4
nationalist,0.06834816540322822,0.2262144364801864,3,0.1578662710769582,4
a,0.06858472260553,0.3591611537130147,80,0.2905764311074847,168
long,0.06892209868829291,0.2098298815487555,3,0.1409077828604626,4
anti,0.06918474473524322,0.2638057503452793,5,0.1946210056100361,7
bankrupted,0.07115735691896352,0.328008702747323,1,0.2568513458283595,1
furiously,0.07115735691896352,0.328008702747323,1,0.2568513458283595,1
myth,0.07115735691896352,0.328008702747323,1,0.2568513458283595,1
illnesses,0.07115735691896352,0.328008702747323,1,0.2568513458283595,1
katz,0.07115735691896352,0.328008702747323,1,0.2568513458283595,1
shoving,0.07115735691896352,0.328008702747323,1,0.2568513458283595,1
furthermore,0.07115735691896352,0.328008702747323,1,0.2568513458283595,1
clique,0.07115735691896352,0.328008702747323,1,0.2568513458283595,1
comfort,0.07115735691896352,0.328008702747323,1,0.2568513458283595,1
evolution,0.07234559383786371,0.3045357239998459,1,0.2321901301619822,1
torn,0.07234559383786371,0.3045357239998459,1,0.2321901301619822,1
indgrid,0.07234559383786371,0.3045357239998459,1,0.2321901301619822,1
wretstr√∂m,0.07234559383786371,0.3045357239998459,1,0.2321901301619822,1
gentleman,0.07234559383786371,0.3045357239998459,1,0.2321901301619822,1
bare,0.07234559383786371,0.3045357239998459,1,0.2321901301619822,1
sexuality,0.07234559383786371,0.3045357239998459,1,0.2321901301619822,1
estranged,0.07234559383786371,0.3045357239998459,1,0.2321901301619822,1
pollute,0.07234559383786371,0.3045357239998459,1,0.2321901301619822,1
deeds,0.07234559383786371,0.3045357239998459,1,0.2321901301619822,1
burned,0.07234559383786371,0.3045357239998459,1,0.2321901301619822,1
tat,0.07234559383786371,0.3045357239998459,1,0.2321901301619822,1
protecting,0.07234559383786371,0.3045357239998459,1,0.2321901301619822,1
decloration,0.07234559383786371,0.3045357239998459,1,0.2321901301619822,1
waves,0.07234559383786371,0.3045357239998459,1,0.2321901301619822,1
heal,0.07234559383786371,0.3045357239998459,1,0.2321901301619822,1
icelanders,0.07234559383786371,0.3045357239998459,1,0.2321901301619822,1
crusaders,0.07234559383786371,0.3045357239998459,1,0.2321901301619822,1
cousins,0.07234559383786371,0.3045357239998459,1,0.2321901301619822,1
gates,0.07234559383786371,0.3045357239998459,1,0.2321901301619822,1
jose,0.0730383982568012,0.2900288689065727,1,0.2169904706497715,1
exception,0.0730383982568012,0.2900288689065727,1,0.2169904706497715,1
latinos,0.0730383982568012,0.2900288689065727,1,0.2169904706497715,1
temporary,0.0730383982568012,0.2900288689065727,1,0.2169904706497715,1
exposing,0.0730383982568012,0.2900288689065727,1,0.2169904706497715,1
souls,0.0730383982568012,0.2900288689065727,1,0.2169904706497715,1
deviant,0.0730383982568012,0.2900288689065727,1,0.2169904706497715,1
thou,0.0730383982568012,0.2900288689065727,1,0.2169904706497715,1
auto,0.0730383982568012,0.2900288689065727,1,0.2169904706497715,1
jesus,0.0733171704797135,0.3012851530903715,4,0.227967982610658,5
hands,0.073392676195043,0.2997811145445169,4,0.2263884383494739,5
wasted,0.07352756511941158,0.2793635465850144,1,0.2058359814656028,1
behaviour,0.07352756511941158,0.2793635465850144,1,0.2058359814656028,1
rob,0.07352756511941158,0.2793635465850144,1,0.2058359814656028,1
hierarchy,0.07352756511941158,0.2793635465850144,1,0.2058359814656028,1
elites,0.07352756511941158,0.2793635465850144,1,0.2058359814656028,1
partner,0.07352756511941158,0.2793635465850144,1,0.2058359814656028,1
maintain,0.07352756511941158,0.2793635465850144,1,0.2058359814656028,1
instinct,0.07352756511941158,0.2793635465850144,1,0.2058359814656028,1
magic,0.07352756511941158,0.2793635465850144,1,0.2058359814656028,1
spirits,0.07352756511941158,0.2793635465850144,1,0.2058359814656028,1
sentence,0.07352756511941158,0.2793635465850144,1,0.2058359814656028,1
improve,0.07352756511941158,0.2793635465850144,1,0.2058359814656028,1
smashed,0.07352756511941158,0.2793635465850144,1,0.2058359814656028,1
crotch,0.07352756511941158,0.2793635465850144,1,0.2058359814656028,1
neighbourhood,0.07352756511941158,0.2793635465850144,1,0.2058359814656028,1
presence,0.07352756511941158,0.2793635465850144,1,0.2058359814656028,1
sheriff,0.07352756511941158,0.2793635465850144,1,0.2058359814656028,1
lebanese,0.0739050272201145,0.2708676106697061,1,0.1969625834495916,1
overwhelming,0.0739050272201145,0.2708676106697061,1,0.1969625834495916,1
shift,0.0739050272201145,0.2708676106697061,1,0.1969625834495916,1
shed,0.0739050272201145,0.2708676106697061,1,0.1969625834495916,1
followed,0.0739050272201145,0.2708676106697061,1,0.1969625834495916,1
2007,0.0739050272201145,0.2708676106697061,1,0.1969625834495916,1
reporters,0.0739050272201145,0.2708676106697061,1,0.1969625834495916,1
nnn,0.0739050272201145,0.2708676106697061,1,0.1969625834495916,1
corner,0.0739050272201145,0.2708676106697061,1,0.1969625834495916,1
skinny,0.0739050272201145,0.2708676106697061,1,0.1969625834495916,1
italians,0.0739050272201145,0.2708676106697061,1,0.1969625834495916,1
professor,0.07421183462270212,0.2637757730125616,1,0.1895639383898595,1
precisely,0.07421183462270212,0.2637757730125616,1,0.1895639383898595,1
constantly,0.07421183462270212,0.2637757730125616,1,0.1895639383898595,1
safety,0.07421183462270212,0.2637757730125616,1,0.1895639383898595,1
becomes,0.07421183462270212,0.2637757730125616,1,0.1895639383898595,1
desert,0.07421183462270212,0.2637757730125616,1,0.1895639383898595,1
lower,0.07421183462270212,0.2637757730125616,1,0.1895639383898595,1
twisted,0.07421183462270212,0.2637757730125616,1,0.1895639383898595,1
classroom,0.07421183462270212,0.2637757730125616,1,0.1895639383898595,1
selling,0.07421183462270212,0.2637757730125616,1,0.1895639383898595,1
arrived,0.07421183462270212,0.2637757730125616,1,0.1895639383898595,1
dies,0.07421183462270212,0.2637757730125616,1,0.1895639383898595,1
2nd,0.07446991224826471,0.2576711881487167,1,0.183201275900452,1
balls,0.07446991224826471,0.2576711881487167,1,0.183201275900452,1
bach,0.07446991224826471,0.2576711881487167,1,0.183201275900452,1
wigger,0.07446991224826471,0.2576711881487167,1,0.183201275900452,1
neighbor,0.07446991224826471,0.2576711881487167,1,0.183201275900452,1
threat,0.07446991224826471,0.2576711881487167,1,0.183201275900452,1
particularly,0.07446991224826471,0.2576711881487167,1,0.183201275900452,1
perspective,0.07446991224826471,0.2576711881487167,1,0.183201275900452,1
shaved,0.07446991224826471,0.2576711881487167,1,0.183201275900452,1
officials,0.07446991224826471,0.2576711881487167,1,0.183201275900452,1
devil,0.07446991224826471,0.2576711881487167,1,0.183201275900452,1
announced,0.07446991224826471,0.2576711881487167,1,0.183201275900452,1
guards,0.07469235521454412,0.2523007351700474,1,0.1776083799555033,1
pale,0.07469235521454412,0.2523007351700474,1,0.1776083799555033,1
officers,0.07469235521454412,0.2523007351700474,1,0.1776083799555033,1
lads,0.07469235521454412,0.2523007351700474,1,0.1776083799555033,1
attitude,0.07469235521454412,0.2523007351700474,1,0.1776083799555033,1
newsroom,0.07469235521454412,0.2523007351700474,1,0.1776083799555033,1
led,0.07469235521454412,0.2523007351700474,1,0.1776083799555033,1
busy,0.07469235521454412,0.2523007351700474,1,0.1776083799555033,1
burning,0.07469235521454412,0.2523007351700474,1,0.1776083799555033,1
corps,0.0748876118094087,0.247498745798785,1,0.1726111339893763,1
seek,0.0748876118094087,0.247498745798785,1,0.1726111339893763,1
standard,0.0748876118094087,0.247498745798785,1,0.1726111339893763,1
arab,0.0748876118094087,0.247498745798785,1,0.1726111339893763,1
iq,0.0748876118094087,0.247498745798785,1,0.1726111339893763,1
knowing,0.0748876118094087,0.247498745798785,1,0.1726111339893763,1
hated,0.0748876118094087,0.247498745798785,1,0.1726111339893763,1
neighbors,0.0748876118094087,0.247498745798785,1,0.1726111339893763,1
lunch,0.0748876118094087,0.247498745798785,1,0.1726111339893763,1
position,0.0748876118094087,0.247498745798785,1,0.1726111339893763,1
jumped,0.0748876118094087,0.247498745798785,1,0.1726111339893763,1
pool,0.0748876118094087,0.247498745798785,1,0.1726111339893763,1
weight,0.0748876118094087,0.247498745798785,1,0.1726111339893763,1
fools,0.0748876118094087,0.247498745798785,1,0.1726111339893763,1
naturally,0.07506145004486578,0.2431506527870703,1,0.1680892027422045,1
camera,0.07506145004486578,0.2431506527870703,1,0.1680892027422045,1
nigeria,0.07506145004486578,0.2431506527870703,1,0.1680892027422045,1
saturday,0.07506145004486578,0.2431506527870703,1,0.1680892027422045,1
disease,0.07506145004486578,0.2431506527870703,1,0.1680892027422045,1
negroid,0.07506145004486578,0.2431506527870703,1,0.1680892027422045,1
hall,0.07506145004486578,0.2431506527870703,1,0.1680892027422045,1
skinheads,0.07506145004486578,0.2431506527870703,1,0.1680892027422045,1
sources,0.07506145004486578,0.2431506527870703,1,0.1680892027422045,1
walked,0.07506145004486578,0.2431506527870703,1,0.1680892027422045,1
pull,0.07506145004486578,0.2431506527870703,1,0.1680892027422045,1
pic,0.07521798293140239,0.2391738097227509,1,0.1639558267913485,1
skins,0.07521798293140239,0.2391738097227509,1,0.1639558267913485,1
visit,0.07521798293140239,0.2391738097227509,1,0.1639558267913485,1
broke,0.07521798293140239,0.2391738097227509,1,0.1639558267913485,1
goals,0.07521798293140239,0.2391738097227509,1,0.1639558267913485,1
property,0.07521798293140239,0.2391738097227509,1,0.1639558267913485,1
onto,0.07536024615167758,0.2355065681129745,1,0.1601463219612969,1
became,0.07536024615167758,0.2355065681129745,1,0.1601463219612969,1
ends,0.07536024615167758,0.2355065681129745,1,0.1601463219612969,1
window,0.07536024615167758,0.2355065681129745,1,0.1601463219612969,1
houston,0.07536024615167758,0.2355065681129745,1,0.1601463219612969,1
hardly,0.07536024615167758,0.2355065681129745,1,0.1601463219612969,1
nose,0.07536024615167758,0.2355065681129745,1,0.1601463219612969,1
poles,0.07536024615167758,0.2355065681129745,1,0.1601463219612969,1
agreed,0.07536024615167758,0.2355065681129745,1,0.1601463219612969,1
blonde,0.07536024615167758,0.2355065681129745,1,0.1601463219612969,1
everybody,0.07536024615167758,0.2355065681129745,1,0.1601463219612969,1
lose,0.0754905438810696,0.2321016747113232,1,0.1566111308302536,1
christians,0.0754905438810696,0.2321016747113232,1,0.1566111308302536,1
somehow,0.0754905438810696,0.2321016747113232,1,0.1566111308302536,1
glory,0.0754905438810696,0.2321016747113232,1,0.1566111308302536,1
wiggers,0.0754905438810696,0.2321016747113232,1,0.1566111308302536,1
listening,0.0754905438810696,0.2321016747113232,1,0.1566111308302536,1
skills,0.0754905438810696,0.2321016747113232,1,0.1566111308302536,1
pray,0.0754905438810696,0.2321016747113232,1,0.1566111308302536,1
weather,0.0754905438810696,0.2321016747113232,1,0.1566111308302536,1
duty,0.0754905438810696,0.2321016747113232,1,0.1566111308302536,1
looks,0.07553447574575367,0.2539123563154896,4,0.1783778805697359,5
obviously,0.07561066615505968,0.2289220842586805,1,0.1533114181036208,1
fit,0.07561066615505968,0.2289220842586805,1,0.1533114181036208,1
rules,0.07561066615505968,0.2289220842586805,1,0.1533114181036208,1
monkeys,0.07561066615505968,0.2289220842586805,1,0.1533114181036208,1
victim,0.07561066615505968,0.2289220842586805,1,0.1533114181036208,1
17,0.07561066615505968,0.2289220842586805,1,0.1533114181036208,1
whenever,0.07561066615505968,0.2289220842586805,1,0.1533114181036208,1
species,0.07561066615505968,0.2289220842586805,1,0.1533114181036208,1
restaurant,0.07561066615505968,0.2289220842586805,1,0.1533114181036208,1
friday,0.07561066615505968,0.2289220842586805,1,0.1533114181036208,1
low,0.075722031090486,0.2259381971237672,1,0.1502161660332812,1
300,0.075722031090486,0.2259381971237672,1,0.1502161660332812,1
political,0.075722031090486,0.2259381971237672,1,0.1502161660332812,1
known,0.075722031090486,0.2259381971237672,1,0.1502161660332812,1
ca,0.075769848882419,0.2484265064718928,4,0.1726566575894738,5
amongst,0.07582578112229979,0.22312597567248,1,0.1473001945501802,1
nor,0.07582578112229979,0.22312597567248,1,0.1473001945501802,1
president,0.07582578112229979,0.22312597567248,1,0.1473001945501802,1
reply,0.07592285001446808,0.2204656231764001,1,0.144542773161932,1
attacks,0.07592285001446808,0.2204656231764001,1,0.144542773161932,1
beaten,0.07592285001446808,0.2204656231764001,1,0.144542773161932,1
personal,0.07592285001446808,0.2204656231764001,1,0.144542773161932,1
strange,0.07592285001446808,0.2204656231764001,1,0.144542773161932,1
web,0.07601401068534952,0.2179406345215041,1,0.1419266238361546,1
explain,0.07601401068534952,0.2179406345215041,1,0.1419266238361546,1
2010,0.07601401068534952,0.2179406345215041,1,0.1419266238361546,1
foreign,0.076099910081353,0.2155370995250058,1,0.1394371894436528,1
reality,0.076099910081353,0.2155370995250058,1,0.1394371894436528,1
television,0.076099910081353,0.2155370995250058,1,0.1394371894436528,1
mate,0.076099910081353,0.2155370995250058,1,0.1394371894436528,1
center,0.076099910081353,0.2155370995250058,1,0.1394371894436528,1
anywhere,0.076099910081353,0.2155370995250058,1,0.1394371894436528,1
needs,0.07618109509092069,0.2132431820647548,1,0.1370620869738341,1
ape,0.07618109509092069,0.2132431820647548,1,0.1370620869738341,1
2009,0.07618109509092069,0.2132431820647548,1,0.1370620869738341,1
john,0.07618109509092069,0.2132431820647548,1,0.1370620869738341,1
decided,0.0762580321255211,0.2110487241985768,1,0.1347906920730557,1
gonna,0.0762580321255211,0.2110487241985768,1,0.1347906920730557,1
dna,0.0762580321255211,0.2110487241985768,1,0.1347906920730557,1
happening,0.0762580321255211,0.2110487241985768,1,0.1347906920730557,1
born,0.0762580321255211,0.2110487241985768,1,0.1347906920730557,1
certain,0.0762580321255211,0.2110487241985768,1,0.1347906920730557,1
another,0.0762920550749539,0.2358675170466042,4,0.1595754619716503,5
apes,0.07633112213782739,0.208944940834249,1,0.1326138186964216,1
heart,0.07633112213782739,0.208944940834249,1,0.1326138186964216,1
18,0.0764671051674704,0.2049797397183297,1,0.1285126345508593,1
violent,0.0764671051674704,0.2049797397183297,1,0.1285126345508593,1
four,0.0764671051674704,0.2049797397183297,1,0.1285126345508593,1
moment,0.0764671051674704,0.2049797397183297,1,0.1285126345508593,1
hopefully,0.0764671051674704,0.2049797397183297,1,0.1285126345508593,1
second,0.0765305660279991,0.2031057059897966,1,0.1265751399617975,1
third,0.0765305660279991,0.2031057059897966,1,0.1265751399617975,1
numbers,0.0765305660279991,0.2031057059897966,1,0.1265751399617975,1
whatever,0.07659132872991571,0.2012968421615901,1,0.1247055134316744,1
movement,0.07659132872991571,0.2012968421615901,1,0.1247055134316744,1
california,0.07659132872991571,0.2012968421615901,1,0.1247055134316744,1
event,0.07659132872991571,0.2012968421615901,1,0.1247055134316744,1
body,0.0766496004639302,0.1995484841321675,1,0.1228988836682373,1
phone,0.0766496004639302,0.1995484841321675,1,0.1228988836682373,1
alot,0.07670556565186071,0.1978564599708277,1,0.121150894318967,1
id,0.07675938915498659,0.196217022462994,1,0.1194576333080074,1
aryan,0.0768112189372565,0.1946267928821758,1,0.1178155739449193,1
sports,0.07686118829078059,0.1930827138120451,1,0.1162215255212645,1
hundreds,0.07686118829078059,0.1930827138120451,1,0.1162215255212645,1
play,0.07686118829078059,0.1930827138120451,1,0.1162215255212645,1
interesting,0.07690941770713002,0.1915820093199644,1,0.1146725916128344,1
nationalists,0.07690941770713002,0.1915820093199644,1,0.1146725916128344,1
section,0.07695601645995251,0.1901221511447543,1,0.1131661346848018,1
15,0.0770010839507077,0.188700829837502,1,0.1116997458867943,1
12,0.0770010839507077,0.188700829837502,1,0.1116997458867943,1
radio,0.0770010839507077,0.188700829837502,1,0.1116997458867943,1
green,0.0770447108587979,0.1873159300068793,1,0.1102712191480814,1
lets,0.0770447108587979,0.1873159300068793,1,0.1102712191480814,1
three,0.07708698012922029,0.1859655089856841,1,0.1088785288564638,1
texas,0.07708698012922029,0.1859655089856841,1,0.1088785288564638,1
brother,0.0771279678245049,0.1846477783647201,1,0.1075198105402152,1
month,0.0771279678245049,0.1846477783647201,1,0.1075198105402152,1
teach,0.07720637265919049,0.1821039117181611,1,0.1048975390589706,1
university,0.07720637265919049,0.1821039117181611,1,0.1048975390589706,1
course,0.07720637265919049,0.1821039117181611,1,0.1048975390589706,1
thats,0.0772439136870238,0.1808748356275218,1,0.103630921940498,1
internet,0.0772439136870238,0.1808748356275218,1,0.103630921940498,1
male,0.07728042196778939,0.1796725467590287,1,0.1023921247912393,1
song,0.0773159485031683,0.1784958238477738,1,0.1011798753446055,1
band,0.07741709504605448,0.1751080427946773,1,0.0976909477486228,1
watching,0.0774804031356692,0.1729583851784586,1,0.0954779820427894,1
want,0.0775654181067281,0.2544277266220016,8,0.1768623085152735,11
goes,0.0775983577818643,0.1688902510007865,1,0.0912918932189222,1
stuff,0.07762621198335141,0.1679171999906489,1,0.0902909880072975,1
word,0.07770625233114041,0.1650936864830309,1,0.0873874341518905,1
beautiful,0.07785232951011359,0.1598308514990346,1,0.081978521988921,1
has,0.0782474558190498,0.3093511673083283,16,0.2311037114892785,24
independance,0.07871285252612223,0.3274088185502884,2,0.2486959660241662,2
stormfront,0.07889704537738831,0.1167159749010332,1,0.0378189295236449,1
fought,0.0801571075026356,0.3011647296739368,2,0.2210076221713012,2
dedicated,0.0804017245118249,0.2965002677772839,2,0.216098543265459,2
thus,0.0804017245118249,0.2965002677772839,2,0.216098543265459,2
died,0.08062018775982119,0.29227468505131,2,0.2116544972914888,2
dating,0.08062018775982119,0.29227468505131,2,0.2116544972914888,2
evening,0.08062018775982119,0.29227468505131,2,0.2116544972914888,2
married,0.08062018775982119,0.29227468505131,2,0.2116544972914888,2
first,0.08066103698911009,0.2658642597592883,7,0.1852032227701782,9
apartment,0.0813149248328397,0.2784335940156696,2,0.1971186691828299,2
service,0.08145670017293549,0.2755283542956069,2,0.1940716541226714,2
spirit,0.08145670017293549,0.2755283542956069,2,0.1940716541226714,2
suspect,0.08158907474191879,0.2727894261333167,2,0.1912003513913979,2
lies,0.0817131890040064,0.2701976676506882,2,0.1884844786466818,2
upon,0.0819402643378572,0.2653943149139471,2,0.1834540505760899,2
break,0.0819402643378572,0.2653943149139471,2,0.1834540505760899,2
active,0.08204468789489971,0.263157812271258,2,0.1811131243763583,2
enemy,0.08214383119863339,0.2610177776090768,2,0.1788739464104434,2
evidence,0.08214383119863339,0.2610177776090768,2,0.1788739464104434,2
art,0.08214383119863339,0.2610177776090768,2,0.1788739464104434,2
victims,0.08241418817100382,0.255096747165777,2,0.1726825589947732,2
attention,0.08241418817100382,0.255096747165777,2,0.1726825589947732,2
telling,0.08249653323298073,0.2532676401438144,2,0.1707711069108337,2
number,0.0826513599675221,0.2497947097200477,2,0.1671433497525256,2
cool,0.08292782212678079,0.2434788393166009,2,0.1605510171898201,2
above,0.0829910740297565,0.2420123152040087,2,0.1590212411742522,2
none,0.08305227349431699,0.240585485955433,2,0.157533212461116,2
gay,0.08311154392651562,0.2391961121216568,2,0.1560845681951412,2
street,0.08322473880424641,0.2365216918937105,2,0.1532969530894641,2
close,0.08322473880424641,0.2365216918937105,2,0.1532969530894641,2
several,0.08333145166801012,0.233974544901856,2,0.1506430932338459,2
sad,0.08352801579323152,0.2292144112517978,2,0.1456863954585663,2
french,0.0836627449166015,0.2258984012992373,2,0.1422356563826358,2
kind,0.08397956204963372,0.2179186130029228,2,0.1339390509532891,2
weeks,0.0840154964331968,0.2169965628684333,2,0.1329810664352365,2
front,0.0840972701120668,0.3042347467414359,6,0.2201374766293691,7
6,0.0842484420515715,0.2109302255192912,2,0.1266817834677197,2
got,0.08433364270820762,0.289157792911691,10,0.2048241502034834,13
half,0.0844813833464637,0.2047007455839786,2,0.1202193622375149,2
pm,0.08461239601285091,0.2011203333193657,2,0.1165079373065148,2
meet,0.08463742760657449,0.2004296668988368,2,0.1157922392922623,2
made,0.0848691233850789,0.1939315863642149,2,0.109062462979136,2
org,0.08520073325273761,0.1842747722455015,2,0.0990740389927639,2
post,0.08573320005432469,0.1677440618783678,2,0.0820108618240431,2
according,0.0865080914599275,0.2811872360541688,3,0.1946791445942413,3
reading,0.08667433994844792,0.2779910400780907,3,0.1913167001296428,3
running,0.08682917733271261,0.2749823381852317,3,0.1881531608525191,3
disgusting,0.08690277318179321,0.2735412060136555,3,0.1866384328318623,3
father,0.08735949623815947,0.2644308443261977,3,0.1770713480880382,3
gets,0.08778692630241702,0.2556261991712884,3,0.1678392728688714,3
during,0.08783492543966898,0.2546194764536139,3,0.1667845510139449,3
boy,0.0880601573322867,0.2498443870645539,3,0.1617842297322672,3
full,0.08814404940394599,0.2480436587432564,3,0.1598996093393104,3
attack,0.08837762100223609,0.2429639535155796,3,0.1545863325133435,3
far,0.08906324153381331,0.2274411460181267,3,0.1383779044843134,3
head,0.09072904442272323,0.281277606093537,4,0.1905485616708138,4
blood,0.09109725393152751,0.2744408273686447,4,0.1833435734371172,4
used,0.0921818699877488,0.2532768883866674,4,0.1610950183989186,4
call,0.09370796310533439,0.2916449022079351,5,0.1979369391026007,5
big,0.09492196226474861,0.270055262575982,5,0.1751333003112334,5
guy,0.09510973541829493,0.2665646429482779,5,0.171454907529983,5
family,0.09721742452246432,0.2850568427757251,6,0.1878394182532608,6
old,0.09993864137917022,0.2342409745346417,6,0.1343023331554715,6
name,0.10260007071387608,0.3209051086590923,9,0.2183050379452162,9
her,0.1046465006779062,0.2495520384523548,8,0.1449055377744486,8
behind,0.1091432454011331,0.3150469984752759,6,0.2059037530741428,5
hours,0.10986378969538058,0.3028351853381567,4,0.1929713956427761,3
crime,0.11125269858169479,0.2750602235751782,5,0.1638075249934834,4
class,0.11133268582957298,0.2802466110443367,4,0.1689139252147637,3
went,0.11196021545469098,0.2725273251807453,6,0.1605671097260543,5
protect,0.11236996989308379,0.3064416240157552,3,0.1940716541226714,2
ass,0.1131937726408988,0.2943068970172571,3,0.1811131243763583,2
k,0.11371152961996589,0.2863940886147391,3,0.1726825589947732,2
talk,0.11376845423919241,0.2377882415371107,4,0.1240197872979183,3
thousands,0.11433961171165472,0.2764647391020034,3,0.1621251273903487,2
david,0.11484743891299351,0.2681443920024576,3,0.1532969530894641,2
ok,0.11492329079412039,0.2668774562256503,3,0.1519541654315299,2
end,0.11610093420347142,0.2462990496013595,3,0.1301981153978881,2
part,0.1172118057487096,0.2250124910180874,3,0.1078006852693778,2
dropped,0.12157283708468561,0.3274088185502884,2,0.2058359814656028,1
comrade,0.12157283708468561,0.3274088185502884,2,0.2058359814656028,1
daniel,0.1222152992019857,0.3191778826515773,2,0.1969625834495916,1
kid,0.12230994098324019,0.3279421360010173,8,0.2056321950177771,6
kicked,0.12317733013417642,0.3063786060346284,2,0.183201275900452,1
negro,0.12338608604951229,0.3136659915944859,9,0.1902799055449736,7
r√º√ºtel,0.12355634971843352,0.3011647296739368,2,0.1776083799555033,1
celebrate,0.12355634971843352,0.3011647296739368,2,0.1776083799555033,1
won,0.12388913378790758,0.2965002677772839,2,0.1726111339893763,1
thrown,0.12418548230910548,0.29227468505131,2,0.1680892027422045,1
range,0.12418548230910548,0.29227468505131,2,0.1680892027422045,1
tuesday,0.12418548230910548,0.29227468505131,2,0.1680892027422045,1
types,0.12418548230910548,0.29227468505131,2,0.1680892027422045,1
nonwhites,0.12469500222949698,0.2848413241907939,2,0.1601463219612969,1
honor,0.12469500222949698,0.2848413241907939,2,0.1601463219612969,1
yard,0.12491725119868177,0.2815283820289354,2,0.1566111308302536,1
cops,0.1253121882623257,0.2755283542956069,2,0.1502161660332812,1
accept,0.1253121882623257,0.2755283542956069,2,0.1502161660332812,1
growing,0.1254892315831365,0.2727894261333167,2,0.1473001945501802,1
prison,0.12581049213298742,0.267737115969142,2,0.1419266238361546,1
gang,0.12581049213298742,0.267737115969142,2,0.1419266238361546,1
court,0.12581049213298742,0.267737115969142,2,0.1419266238361546,1
shall,0.12581049213298742,0.267737115969142,2,0.1419266238361546,1
jail,0.1259571254702943,0.2653943149139471,2,0.1394371894436528,1
absolutely,0.1259571254702943,0.2653943149139471,2,0.1394371894436528,1
present,0.1260957252974239,0.263157812271258,2,0.1370620869738341,1
obama,0.1262270855360211,0.2610177776090768,2,0.1347906920730557,1
chicago,0.12635188876263517,0.2589657074590568,2,0.1326138186964216,1
did,0.12635545875509988,0.2734220462839977,8,0.1470665875288978,6
stick,0.12658411261491773,0.255096747165777,2,0.1285126345508593,1
mr,0.12658411261491773,0.255096747165777,2,0.1285126345508593,1
bar,0.12669250018201691,0.2532676401438144,2,0.1265751399617975,1
social,0.1269914313949044,0.2481423257138714,2,0.121150894318967,1
mine,0.1274193512706312,0.240585485955433,2,0.1131661346848018,1
knew,0.1274193512706312,0.240585485955433,2,0.1131661346848018,1
happened,0.1277132159048133,0.2352330264450285,2,0.1075198105402152,1
son,0.12778120082232863,0.233974544901856,2,0.1061933440795274,1
line,0.1282622346714155,0.2248360266850756,2,0.0965737920136601,1
between,0.1284188615119208,0.2217659023733082,2,0.0933470408613874,1
war,0.1285650076990109,0.2188559957063084,2,0.0902909880072975,1
lol,0.12906624320296917,0.208514971524368,2,0.0794487283213988,1
video,0.13048864164574903,0.2436643488471018,6,0.1131757072013528,4
youtube,0.1335856966957394,0.1825673385809408,6,0.0489816418852014,4
latest,0.13498340867741843,0.3321020778602483,4,0.1971186691828299,2
under,0.13965368229809122,0.2726347487333277,4,0.1329810664352365,2
was,0.1415003779330426,0.3514648217545544,39,0.2099644438215118,39
car,0.1442795211916294,0.3355962213212722,6,0.1913167001296428,3
year,0.1526038307777866,0.2757693120222502,9,0.1231654812444636,5
step,0.1554241177168762,0.3155704396781731,3,0.1601463219612969,1
cop,0.15667101278229048,0.3012137859442225,3,0.144542773161932,1
christ,0.157244810043423,0.2943068970172571,3,0.1370620869738341,1
later,0.1574852141954879,0.3055951805519146,5,0.1481099663564267,2
arrested,0.15757860634033108,0.2901924250367527,3,0.1326138186964216,1
r,0.15773355449206758,0.28825702331229,3,0.1305234688202224,1
duke,0.1578814540638798,0.2863940886147391,3,0.1285126345508593,1
posts,0.15907362085385943,0.2707733667406537,3,0.1116997458867943,1
system,0.15926586314599378,0.2681443920024576,3,0.1088785288564638,1
gone,0.1595333052672271,0.2644308443261977,3,0.1048975390589706,1
dr,0.15993226038477149,0.2587626174547385,3,0.098830357069967,1
gun,0.16007797759686127,0.2566517696105214,3,0.0965737920136601,1
wrong,0.16021681099586477,0.2546194764536139,3,0.0944026654577491,1
everything,0.16034933512085514,0.2526596889379629,3,0.0923103538171078,1
check,0.16162835824275973,0.2326195397626676,3,0.0709911815199079,1
house,0.1654508772362079,0.321458661989992,9,0.1560077847537841,4
killed,0.17294676907084888,0.3249009345023788,6,0.1519541654315299,2
death,0.1752953770655915,0.3002945657623285,6,0.124999188696737,2
man,0.17762224755041883,0.3112802933005365,10,0.1336580457501177,4
floor,0.1787906597566275,0.3321020778602483,4,0.1533114181036208,1
dog,0.18196554059959757,0.2997811145445169,4,0.1178155739449193,1
lived,0.1822273084573221,0.2968999000701565,4,0.1146725916128344,1
book,0.18358665834491422,0.281277606093537,4,0.0976909477486228,1
p,0.18367281903067656,0.2802466110443367,4,0.0965737920136601,1
friend,0.18383911008923326,0.2782417755469824,4,0.0944026654577491,1
teacher,0.1883369048407781,0.3222759557940672,7,0.1339390509532891,2
wife,0.19036196165767488,0.3800736115517643,10,0.1897116498940894,3
mouth,0.19629565481761618,0.3564419767789131,5,0.1601463219612969,1
murder,0.20218483226172523,0.3033647076063307,5,0.1011798753446055,1
march,0.20218483226172523,0.3033647076063307,5,0.1011798753446055,1
he,0.3248680135457619,0.4310634292129167,45,0.1061954156671548,6
him,0.32544034282802525,0.4285869002273667,32,0.1031465573993414,3
his,0.5259630019279344,0.6744681055708819,199,0.1485051036429474,7
