word,his-npmi
0,0.1491280997867173
000,0.16601947886853
1,0.1677440618783678
10,0.1598308514990346
104,0.328008702747323
12,0.188700829837502
15,0.188700829837502
17,0.2289220842586805
18,0.2049797397183297
1930,0.328008702747323
2,0.1645879364737195
20,0.2227705487122938
2007,0.2708676106697061
2009,0.2132431820647548
2010,0.2179406345215041
2010apr02,0.328008702747323
21,0.208944940834249
22,0.2815283820289354
2508,0.1784958238477738
26,0.2884082118803898
27,0.247498745798785
28,0.2431506527870703
2nd,0.2576711881487167
3,0.1817015799134404
30,0.2269816447972737
300,0.2259381971237672
31,0.3123016635834457
36,0.2900288689065727
38,0.2391738097227509
4,0.1491280997867173
40,0.2132431820647548
43,0.2708676106697061
4th,0.2900288689065727
50,0.1846477783647201
500euro,0.328008702747323
55,0.2900288689065727
57,0.3045357239998459
5824772,0.328008702747323
6,0.2109302255192912
69,0.2900288689065727
6th,0.3045357239998459
7,0.1762145995545227
78265,0.328008702747323
8000,0.328008702747323
84th,0.328008702747323
9,0.1751080427946773
a,0.3591611537130147
abc,0.3517531093087969
able,0.1669604680939579
abomination,0.2793635465850144
about,0.284060158340458
above,0.2420123152040087
absolutely,0.2653943149139471
accept,0.2755283542956069
according,0.2811872360541688
account,0.2901924250367527
accused,0.29227468505131
across,0.2248360266850756
act,0.1978564599708277
acting,0.2179406345215041
actions,0.247498745798785
active,0.263157812271258
actuallly,0.328008702747323
actually,0.1903457666069446
adam,0.2793635465850144
address,0.2708676106697061
admit,0.2793635465850144
admits,0.2900288689065727
advocate,0.2708676106697061
afghanistan,0.3045357239998459
africa,0.1939315863642149
after,0.2662685235576011
afternoon,0.247498745798785
again,0.2638057503452793
against,0.2402773005902316
age,0.2844948483281405
ago,0.2283113749964845
agreed,0.2355065681129745
agrees,0.3045357239998459
ahead,0.2431506527870703
aim,0.2391738097227509
aimed,0.3045357239998459
alarm,0.2708676106697061
alenth,0.328008702747323
alienate,0.328008702747323
all,0.2733353356309136
allege,0.328008702747323
allegedly,0.2708676106697061
allen,0.2523007351700474
allowed,0.208944940834249
almost,0.1688902510007865
alone,0.16601947886853
alot,0.1978564599708277
also,0.186096942310975
always,0.2182673286731891
am,0.0961679858897382
american,0.1444210918396717
amongst,0.22312597567248
an,0.2594779171374294
and,0.4001979700983344
angry,0.2204656231764001
anniversary,0.328008702747323
announced,0.2576711881487167
another,0.2358675170466042
answer,0.2204656231764001
anti,0.2638057503452793
antics,0.3045357239998459
anus,0.328008702747323
any,0.2092711903974294
anyone,0.1035767519359182
anything,0.2326440728592182
anywhere,0.2155370995250058
apartment,0.2784335940156696
ape,0.2132431820647548
apes,0.208944940834249
apparently,0.263157812271258
applications,0.3045357239998459
appreciate,0.2355065681129745
arab,0.247498745798785
arabic,0.2900288689065727
are,0.1930122732517011
area,0.1223596231201606
ari,0.328008702747323
arm,0.2965002677772839
armbar,0.328008702747323
arms,0.2259381971237672
arnold,0.3045357239998459
around,0.2213527907814962
arrested,0.2901924250367527
arrived,0.2637757730125616
art,0.2610177776090768
article,0.233974544901856
artist,0.2637757730125616
aryan,0.1946267928821758
as,0.278088369799106
ashamed,0.2793635465850144
ashore,0.3045357239998459
asian,0.1641825735674944
aside,0.2793635465850144
ask,0.2352330264450285
asks,0.2708676106697061
ass,0.2943068970172571
assault,0.2355065681129745
assesment,0.328008702747323
assume,0.2708676106697061
aswell,0.2708676106697061
at,0.3285745214929397
ate,0.2900288689065727
atleast,0.2900288689065727
attachment,0.3045357239998459
attack,0.2429639535155796
attacked,0.2289220842586805
attacking,0.2708676106697061
attacks,0.2204656231764001
attempted,0.2793635465850144
attend,0.2355065681129745
attention,0.255096747165777
attitude,0.2523007351700474
aug,0.2637757730125616
auto,0.2900288689065727
aw,0.3045357239998459
away,0.2268246267988885
aww,0.3045357239998459
b,0.1821039117181611
babboon,0.328008702747323
bach,0.2576711881487167
back,0.2637132434503512
backpack,0.2900288689065727
bad,0.2418212005990886
ball,0.3012137859442225
balls,0.2576711881487167
band,0.1751080427946773
bankrupted,0.328008702747323
bar,0.2532676401438144
bare,0.3045357239998459
baton,0.3517531093087969
battle,0.2391738097227509
bautista,0.3377311628706779
be,0.2865544431850171
beach,0.2355065681129745
beaten,0.2204656231764001
beautiful,0.1598308514990346
became,0.2355065681129745
because,0.2546578109969394
become,0.1573680263684885
becomes,0.2637757730125616
been,0.2026686824319286
before,0.1184004455662416
begun,0.2900288689065727
behaving,0.3045357239998459
behavior,0.2355065681129745
behaviour,0.2793635465850144
behind,0.3150469984752759
being,0.2648709372121249
believe,0.2346856957444678
best,0.2011203333193657
bet,0.256994194876314
better,0.1939315863642149
between,0.2217659023733082
big,0.270055262575982
biggest,0.2431506527870703
bits,0.2900288689065727
black,0.288330105380994
blacks,0.2247427206400196
blanket,0.2900288689065727
blesses,0.328008702747323
blessings,0.328008702747323
blocks,0.3045357239998459
blogger,0.328008702747323
blond,0.2204656231764001
blonde,0.2355065681129745
blonds,0.328008702747323
blood,0.2744408273686447
blue,0.1688902510007865
boarder,0.2900288689065727
boat,0.2523007351700474
body,0.1995484841321675
bombings,0.3045357239998459
bonfire,0.328008702747323
bonus,0.328008702747323
bonuses,0.3045357239998459
book,0.281277606093537
books,0.1978564599708277
boost,0.328008702747323
born,0.2110487241985768
both,0.2143172403376485
boulevard,0.328008702747323
bourgeois,0.328008702747323
boy,0.2498443870645539
break,0.2653943149139471
brethren,0.2708676106697061
brin,0.3045357239998459
bring,0.1930827138120451
british,0.2315423195866837
broke,0.2391738097227509
brooklyn,0.2708676106697061
brother,0.1846477783647201
brothers,0.1740229286712642
brown,0.1431409837899532
browsing,0.328008702747323
brutality,0.3045357239998459
btw,0.2155370995250058
buddies,0.2793635465850144
buddy,0.2708676106697061
built,0.1995484841321675
burglars,0.328008702747323
burn,0.2355065681129745
burned,0.3045357239998459
burning,0.2523007351700474
burstein,0.328008702747323
bush,0.3045357239998459
busy,0.2523007351700474
but,0.2095878822246948
butchy,0.328008702747323
butt,0.3191778826515773
by,0.2923643363642307
byjiffylube,0.328008702747323
ca,0.2484265064718928
cafe,0.2900288689065727
caliber,0.3045357239998459
california,0.2012968421615901
call,0.2916449022079351
called,0.2069591160866055
calls,0.2431506527870703
came,0.1984047493337888
camera,0.2431506527870703
campaign,0.2391738097227509
can,0.252368268407375
candidate,0.2900288689065727
cans,0.2900288689065727
car,0.3355962213212722
care,0.1632856492502448
carries,0.2793635465850144
case,0.2681443920024576
cason,0.2900288689065727
caught,0.2465410172146649
cause,0.2169965628684333
cbs,0.3045357239998459
celebrate,0.3011647296739368
celebrating,0.2523007351700474
celebration,0.328008702747323
center,0.2155370995250058
certain,0.2110487241985768
charged,0.3028351853381567
charlton,0.328008702747323
chatroom,0.328008702747323
check,0.2326195397626676
cheering,0.328008702747323
chicago,0.2589657074590568
chick,0.3045357239998459
child,0.2383015742241673
childish,0.3045357239998459
children,0.2295799215156016
chinese,0.2481423257138714
chipie,0.328008702747323
chocolate,0.2708676106697061
chosen,0.2576711881487167
christ,0.2943068970172571
christians,0.2321016747113232
christs,0.328008702747323
chron,0.3045357239998459
chronicle,0.3045357239998459
cigarette,0.328008702747323
circumstances,0.2900288689065727
city,0.1915175722620036
claimed,0.2637757730125616
claims,0.2653943149139471
class,0.2802466110443367
classmates,0.2900288689065727
classroom,0.2637757730125616
cliff,0.3045357239998459
climes,0.3045357239998459
clique,0.328008702747323
close,0.2365216918937105
closed,0.2431506527870703
cloud,0.2637757730125616
clue,0.2900288689065727
cnn,0.2576711881487167
coat,0.2708676106697061
col,0.328008702747323
cold,0.2179406345215041
coldern,0.328008702747323
columbia,0.3274088185502884
columnist,0.328008702747323
com,0.1979943450564096
come,0.2461588689358359
comes,0.1762145995545227
comfort,0.328008702747323
coming,0.1573680263684885
comment,0.1995484841321675
commenters,0.328008702747323
comments,0.267737115969142
commie,0.2708676106697061
commons,0.328008702747323
communicate,0.3045357239998459
communism,0.2793635465850144
community,0.1688902510007865
complain,0.247498745798785
complaining,0.2793635465850144
complete,0.2431506527870703
complex,0.2637757730125616
computers,0.2900288689065727
comrade,0.3274088185502884
concerts,0.3045357239998459
conclusion,0.2708676106697061
conslour,0.328008702747323
constantly,0.2637757730125616
container,0.3045357239998459
contaminating,0.3045357239998459
continue,0.2012968421615901
contradicts,0.328008702747323
convict,0.328008702747323
cool,0.2434788393166009
coon,0.2431506527870703
cop,0.3012137859442225
cops,0.2755283542956069
cornelius,0.328008702747323
corner,0.2708676106697061
corps,0.247498745798785
could,0.2262076947256855
count,0.22312597567248
countries,0.1650936864830309
country,0.2131147835777963
county,0.2237936742200816
couple,0.2054438543120903
courage,0.2793635465850144
course,0.1821039117181611
court,0.267737115969142
cousins,0.3045357239998459
covenant,0.328008702747323
cover,0.2289220842586805
cowards,0.2900288689065727
crap,0.1719135934653465
crates,0.328008702747323
crime,0.2750602235751782
crotch,0.2793635465850144
crowd,0.2576711881487167
crown,0.3045357239998459
crucifixion,0.328008702747323
crude,0.2793635465850144
crusade,0.328008702747323
crusaders,0.3045357239998459
crushed,0.328008702747323
culturally,0.3045357239998459
culture,0.2125986654345295
cussed,0.3045357239998459
custody,0.3063786060346284
cut,0.2012968421615901
d,0.1260972045514652
da,0.2321016747113232
dad,0.2727894261333167
damian,0.328008702747323
damn,0.1995484841321675
dangle,0.3045357239998459
daniel,0.3191778826515773
dark,0.1773435288647765
darkness,0.3517531093087969
darlington,0.328008702747323
dating,0.29227468505131
daughter,0.2110487241985768
david,0.2681443920024576
davidduke,0.2900288689065727
dawg,0.3045357239998459
day,0.2347600214861202
days,0.145728849046875
dead,0.2365216918937105
death,0.3002945657623285
deathskull,0.328008702747323
decide,0.2391738097227509
decided,0.2110487241985768
decloration,0.3045357239998459
dedicated,0.2965002677772839
deeds,0.3045357239998459
defending,0.3123016635834457
definitely,0.2155370995250058
democratically,0.328008702747323
demoralising,0.328008702747323
deputies,0.3191778826515773
described,0.2708676106697061
desert,0.2637757730125616
desk,0.3045357239998459
despised,0.328008702747323
destined,0.3045357239998459
detail,0.247498745798785
determined,0.2900288689065727
deuteronomy,0.328008702747323
devastating,0.328008702747323
deviant,0.2900288689065727
devil,0.2576711881487167
devise,0.328008702747323
devotional,0.328008702747323
did,0.2734220462839977
didn,0.2793635465850144
didnt,0.2204656231764001
died,0.29227468505131
dies,0.2637757730125616
different,0.2032422725094984
digital,0.3045357239998459
directly,0.2637757730125616
dirty,0.1859655089856841
disease,0.2431506527870703
disgusting,0.2735412060136555
disliked,0.3045357239998459
distinguish,0.3045357239998459
dive,0.328008702747323
dna,0.2110487241985768
do,0.2073556853924073
doer,0.328008702747323
does,0.2053550773581191
dog,0.2997811145445169
don,0.2269816447972737
donate,0.3045357239998459
done,0.2109302255192912
donkeys,0.328008702747323
dont,0.2193488810291386
doom,0.328008702747323
door,0.2012968421615901
down,0.2698517525336941
dr,0.2587626174547385
draw,0.2431506527870703
dreadlocks,0.328008702747323
dress,0.2391738097227509
drone,0.328008702747323
drop,0.2431506527870703
dropped,0.3274088185502884
drove,0.3045357239998459
drunk,0.2523007351700474
dubious,0.328008702747323
dude,0.247498745798785
duke,0.2863940886147391
dunham,0.3045357239998459
during,0.2546194764536139
duty,0.2321016747113232
e,0.1740229286712642
each,0.1550045434343986
early,0.1995484841321675
earth,0.2378421421798994
east,0.1946267928821758
easy,0.2259381971237672
eating,0.2110487241985768
economy,0.2793635465850144
ed,0.2576711881487167
eddie,0.2900288689065727
either,0.1751080427946773
elderly,0.2708676106697061
elected,0.2708676106697061
elementary,0.3011647296739368
eliminated,0.3045357239998459
elites,0.2793635465850144
elmira,0.3045357239998459
els,0.328008702747323
else,0.2268246267988885
employees,0.2793635465850144
encouraging,0.2793635465850144
end,0.2462990496013595
ended,0.2793635465850144
endless,0.2900288689065727
ends,0.2355065681129745
enemies,0.208944940834249
enemy,0.2610177776090768
enjoy,0.208944940834249
enriched,0.3045357239998459
entertain,0.328008702747323
equipment,0.2900288689065727
estonia,0.2793635465850144
estranged,0.3045357239998459
etc,0.1527321712006887
eu,0.2289220842586805
eugenics,0.328008702747323
european,0.1688902510007865
even,0.2387862019596803
evening,0.29227468505131
event,0.2012968421615901
ever,0.1134727512181701
every,0.2427769155658447
everybody,0.2355065681129745
everyone,0.2368279857871428
everything,0.2526596889379629
evidence,0.2610177776090768
evil,0.1995484841321675
evolution,0.3045357239998459
ewell,0.2900288689065727
ex,0.2523007351700474
exception,0.2900288689065727
exist,0.2204656231764001
explain,0.2179406345215041
exposing,0.2900288689065727
expressed,0.2900288689065727
eyes,0.1321534616435041
eyh,0.328008702747323
facade,0.328008702747323
face,0.2802466110443367
faces,0.22312597567248
fact,0.2151963664350257
fag,0.2391738097227509
fall,0.2259381971237672
families,0.255096747165777
family,0.2850568427757251
fan,0.2391738097227509
fans,0.247498745798785
far,0.2274411460181267
farming,0.3045357239998459
fatally,0.3045357239998459
father,0.2644308443261977
fault,0.2289220842586805
faults,0.328008702747323
favorite,0.2589657074590568
fear,0.196217022462994
feds,0.2793635465850144
feel,0.223253709941243
feet,0.2012968421615901
felt,0.22312597567248
females,0.2179406345215041
few,0.2125803933647556
field,0.2884082118803898
fight,0.2383015742241673
fighting,0.1930827138120451
final,0.2259381971237672
find,0.1523297915917361
findlay,0.3045357239998459
finially,0.328008702747323
finished,0.2708676106697061
fires,0.3045357239998459
first,0.2658642597592883
fists,0.328008702747323
fit,0.2289220842586805
five,0.2515018004604382
flea,0.328008702747323
fleet,0.328008702747323
floor,0.3321020778602483
fm,0.2900288689065727
followed,0.2708676106697061
following,0.2179406345215041
fools,0.247498745798785
foot,0.2289220842586805
football,0.1915820093199644
for,0.3039997629876459
force,0.1946267928821758
forced,0.208944940834249
fords,0.328008702747323
foreign,0.2155370995250058
forest,0.247498745798785
forever,0.2321016747113232
forgein,0.328008702747323
formal,0.328008702747323
forth,0.2793635465850144
forum,0.2151547927186041
forums,0.2110487241985768
forward,0.2589657074590568
foster,0.3045357239998459
fought,0.3011647296739368
found,0.2407875747637551
four,0.2049797397183297
freak,0.2708676106697061
freedom,0.2391738097227509
freese,0.328008702747323
french,0.2258984012992373
friday,0.2289220842586805
friend,0.2782417755469824
friends,0.2439431055845634
friendship,0.2900288689065727
friggen,0.3045357239998459
from,0.288026555737057
front,0.3042347467414359
full,0.2480436587432564
funeral,0.247498745798785
furiously,0.328008702747323
furthermore,0.328008702747323
gang,0.267737115969142
garbage,0.2179406345215041
gas,0.2391738097227509
gate,0.2900288689065727
gates,0.3045357239998459
gather,0.3045357239998459
gay,0.2391961121216568
gdansk,0.328008702747323
gentleman,0.3045357239998459
german,0.1641825735674944
get,0.2654685903562848
gets,0.2556261991712884
getting,0.2109302255192912
gf,0.2900288689065727
giant,0.2793635465850144
gilmore,0.328008702747323
girlfriend,0.2576711881487167
girls,0.1615325247909105
give,0.2226787284070527
globalnews,0.328008702747323
glory,0.2321016747113232
go,0.2153691516670687
goals,0.2391738097227509
god,0.2660024844848976
gods,0.208944940834249
goes,0.1688902510007865
going,0.2436643488471018
gone,0.2644308443261977
gonna,0.2110487241985768
gonzalez,0.328008702747323
good,0.2428703355203351
got,0.289157792911691
grab,0.2576711881487167
grabs,0.2900288689065727
gracious,0.328008702747323
grandad,0.3045357239998459
grant,0.328008702747323
grass,0.2523007351700474
grateful,0.2708676106697061
gratuitous,0.328008702747323
grave,0.3063786060346284
gray,0.2900288689065727
great,0.0989711314114519
green,0.1873159300068793
groid,0.22312597567248
ground,0.2012968421615901
group,0.1371149144550645
groups,0.1873159300068793
growing,0.2727894261333167
guards,0.2523007351700474
guidance,0.3045357239998459
gun,0.2566517696105214
gunmen,0.328008702747323
guy,0.2665646429482779
guys,0.1669604680939579
gym,0.2431506527870703
h,0.2259381971237672
had,0.2800621237201485
hair,0.1425109111772649
hal,0.328008702747323
half,0.2047007455839786
hall,0.2431506527870703
haman,0.2900288689065727
hammer,0.2637757730125616
hand,0.2315423195866837
handed,0.2576711881487167
handgun,0.2637757730125616
handled,0.328008702747323
handler,0.328008702747323
hands,0.2997811145445169
handwritten,0.328008702747323
happen,0.2378421421798994
happened,0.2352330264450285
happening,0.2110487241985768
hard,0.1565695897543766
hardly,0.2355065681129745
harvard,0.328008702747323
has,0.3093511673083283
hate,0.1853348211838603
hated,0.247498745798785
hates,0.247498745798785
have,0.2544106359034107
having,0.1669604680939579
he,0.4310634292129167
head,0.281277606093537
heal,0.3045357239998459
heard,0.2444854853585261
heart,0.208944940834249
hearted,0.328008702747323
heavily,0.2793635465850144
hebrews,0.2900288689065727
hell,0.1990720675078315
help,0.2571980850481898
her,0.2495520384523548
herd,0.2637757730125616
here,0.0943839710143994
heritage,0.2049797397183297
heston,0.328008702747323
het,0.328008702747323
hey,0.2011203333193657
hierarchy,0.2793635465850144
high,0.143777660422248
highest,0.2793635465850144
highlight,0.328008702747323
him,0.4285869002273667
himself,0.2355065681129745
his,0.6744681055708819
histories,0.328008702747323
history,0.2454466358599194
hitched,0.328008702747323
hitching,0.328008702747323
hoards,0.328008702747323
holocaust,0.1915820093199644
home,0.2557391896005944
homeland,0.2391738097227509
homes,0.263157812271258
honor,0.2848413241907939
hope,0.2354149436592158
hopefully,0.2049797397183297
hoping,0.208944940834249
hospital,0.2637757730125616
hours,0.3028351853381567
house,0.321458661989992
houston,0.2355065681129745
how,0.2410993172149953
http,0.1354281350389233
https,0.1246697619321303
hubbard,0.328008702747323
huffed,0.328008702747323
humanity,0.2793635465850144
humans,0.2132431820647548
hundreds,0.1930827138120451
i,0.3178595931300292
iceland,0.2355065681129745
icelanders,0.3045357239998459
id,0.196217022462994
identity,0.2289220842586805
ie,0.267737115969142
if,0.266017563681574
igger,0.3045357239998459
ill,0.2610177776090768
illnesses,0.328008702747323
im,0.1171330003946372
imagine,0.196217022462994
imports,0.328008702747323
impressed,0.3045357239998459
impressedwww,0.328008702747323
improve,0.2793635465850144
in,0.3561658695223517
inadvertently,0.328008702747323
independance,0.3274088185502884
indgrid,0.3045357239998459
information,0.1808748356275218
ing,0.2289220842586805
instead,0.1915820093199644
instinct,0.2793635465850144
interesting,0.1915820093199644
intergraton,0.328008702747323
internet,0.1808748356275218
interviews,0.2793635465850144
into,0.2781919093103875
investigators,0.328008702747323
iq,0.247498745798785
ireland,0.1163016147355962
irish,0.1295587714357038
is,0.2995798051629441
israelites,0.328008702747323
it,0.2869053778937682
italians,0.2708676106697061
its,0.1430796204764128
jackson,0.3011647296739368
jail,0.2653943149139471
jennifer,0.328008702747323
jesus,0.3012851530903715
jew,0.2455851927430356
jewish,0.2054438543120903
jews,0.2759746474705438
jimmy,0.3063786060346284
job,0.1729583851784586
joe,0.2708676106697061
joeblogs,0.328008702747323
johann,0.2708676106697061
john,0.2132431820647548
johnny,0.2965002677772839
joke,0.2289220842586805
jones,0.2576711881487167
jose,0.2900288689065727
josh,0.328008702747323
judge,0.1995484841321675
judy,0.328008702747323
jumped,0.247498745798785
junior,0.3191778826515773
jury,0.2708676106697061
just,0.2255405321382356
justin,0.247498745798785
k,0.2863940886147391
katz,0.328008702747323
keep,0.2439431055845634
kept,0.2431506527870703
kevin,0.2708676106697061
kicked,0.3063786060346284
kicks,0.3045357239998459
kid,0.3279421360010173
kids,0.2371465866603627
killed,0.3249009345023788
killing,0.1978564599708277
kind,0.2179186130029228
knew,0.240585485955433
knife,0.2321016747113232
knocking,0.2900288689065727
know,0.228000010068685
knowbody,0.328008702747323
knowing,0.247498745798785
known,0.2259381971237672
knows,0.188700829837502
ko,0.2793635465850144
kveldulf,0.328008702747323
la,0.2523007351700474
lack,0.2321016747113232
lads,0.2523007351700474
lady,0.2069241811159715
laid,0.2708676106697061
lakewood,0.328008702747323
land,0.1784958238477738
lands,0.2900288689065727
lane,0.2900288689065727
languages,0.2289220842586805
lapd,0.328008702747323
large,0.1995484841321675
last,0.1562817998947387
later,0.3055951805519146
latest,0.3321020778602483
latimes,0.3045357239998459
latin,0.2431506527870703
latinos,0.2900288689065727
laugh,0.1946267928821758
laughed,0.2708676106697061
laughing,0.2321016747113232
laying,0.2793635465850144
leamond,0.328008702747323
least,0.2061965541035934
leave,0.2556261991712884
lebanese,0.2708676106697061
led,0.2523007351700474
lee,0.2708676106697061
left,0.255204443183
legacy,0.2793635465850144
legal,0.2355065681129745
leo,0.328008702747323
let,0.2740455184371897
letitia,0.328008702747323
lets,0.1873159300068793
letter,0.247498745798785
level,0.2155370995250058
liberal,0.1808748356275218
lier,0.328008702747323
lies,0.2701976676506882
life,0.2293301416614717
light,0.2498443870645539
lighter,0.2793635465850144
like,0.2623956453088337
lil,0.328008702747323
limerick,0.3063786060346284
limousines,0.328008702747323
line,0.2248360266850756
list,0.1930827138120451
listen,0.2378421421798994
listening,0.2321016747113232
little,0.2295799215156016
live,0.1042612698476412
lived,0.2968999000701565
lives,0.2497947097200477
livestock,0.2900288689065727
ll,0.1594082217913723
load,0.2523007351700474
local,0.2258984012992373
lol,0.208514971524368
london,0.1650936864830309
lonely,0.3045357239998459
long,0.2098298815487555
look,0.2457829094840802
looked,0.1901221511447543
looking,0.1597649247686504
looks,0.2539123563154896
lord,0.2431506527870703
lorry,0.328008702747323
lose,0.2321016747113232
lost,0.2497947097200477
lott,0.328008702747323
love,0.1412700002006859
low,0.2259381971237672
lower,0.2637757730125616
loðbrókar,0.328008702747323
lunch,0.247498745798785
lying,0.2391738097227509
m,0.2066639431377237
made,0.1939315863642149
magic,0.2793635465850144
maiden,0.328008702747323
mail,0.2012968421615901
mainstream,0.2431506527870703
maintain,0.2793635465850144
make,0.2301758547173014
makes,0.1598308514990346
male,0.1796725467590287
malton,0.328008702747323
man,0.3112802933005365
managers,0.328008702747323
mandela,0.2900288689065727
maniacal,0.328008702747323
manolis,0.328008702747323
mans,0.2708676106697061
many,0.1722343512039345
march,0.3033647076063307
marco,0.2708676106697061
marine,0.2431506527870703
marines,0.2708676106697061
marriage,0.2815283820289354
married,0.29227468505131
marry,0.2431506527870703
mate,0.2155370995250058
math,0.22312597567248
matter,0.1784958238477738
maxx,0.328008702747323
may,0.1951758836859893
maybe,0.2295799215156016
mayor,0.2793635465850144
mccourt,0.328008702747323
me,0.1948540150807752
media,0.2462990496013595
meet,0.2004296668988368
meeting,0.2355065681129745
men,0.2018191802619651
mentions,0.328008702747323
mercury,0.2637757730125616
message,0.2125986654345295
met,0.208944940834249
metal,0.2031057059897966
michigan,0.2523007351700474
michoel,0.328008702747323
mighty,0.2900288689065727
military,0.2132431820647548
mind,0.1833610879422258
mine,0.240585485955433
minister,0.2110487241985768
minster,0.328008702747323
missippi,0.328008702747323
mocking,0.328008702747323
model,0.2431506527870703
mom,0.22312597567248
moment,0.2049797397183297
money,0.145728849046875
mongoloid,0.3045357239998459
monkey,0.2848413241907939
monkeys,0.2289220842586805
monkies,0.328008702747323
month,0.1846477783647201
moon,0.2576711881487167
more,0.2236659384273958
morning,0.2049797397183297
mother,0.1688902510007865
mothers,0.2576711881487167
mourn,0.3045357239998459
mouth,0.3564419767789131
move,0.1650936864830309
moved,0.233974544901856
movement,0.2012968421615901
movie,0.2031057059897966
mr,0.255096747165777
much,0.1046061761149776
mudslums,0.328008702747323
murder,0.3033647076063307
museum,0.2523007351700474
music,0.145728849046875
muslims,0.2155370995250058
muslimsout,0.328008702747323
must,0.1418872969149454
my,0.2266702213276937
myself,0.1751080427946773
myth,0.328008702747323
n,0.245206880135868
nail,0.2900288689065727
name,0.3209051086590923
narcissistic,0.328008702747323
nation,0.2117583761555309
national,0.1859655089856841
nationalist,0.2262144364801864
nationalists,0.1915820093199644
naturally,0.2431506527870703
navy,0.2708676106697061
nazi,0.2204656231764001
nbc,0.2637757730125616
need,0.2427769155658447
needed,0.2321016747113232
needs,0.2132431820647548
neevr,0.328008702747323
negro,0.3136659915944859
negroid,0.2431506527870703
neighbor,0.2576711881487167
neighbors,0.247498745798785
neighbourhood,0.2793635465850144
neither,0.2289220842586805
nelson,0.3045357239998459
neutral,0.3045357239998459
never,0.1785241633610647
new,0.1607029480825125
news,0.2454760284392355
newsroom,0.2523007351700474
next,0.2238342516966281
nicking,0.328008702747323
nigeria,0.2431506527870703
niglet,0.2708676106697061
nj,0.3063786060346284
nnn,0.2708676106697061
no,0.2210277109663506
nobody,0.2321016747113232
non,0.1630656481913317
none,0.240585485955433
nonwhites,0.2848413241907939
nor,0.22312597567248
nordic,0.1833610879422258
northeast,0.328008702747323
nose,0.2355065681129745
not,0.2207028095475282
note,0.2031057059897966
nothing,0.2102954936560129
notice,0.2155370995250058
now,0.2142965313812526
number,0.2497947097200477
numbers,0.2031057059897966
o,0.188700829837502
obama,0.2610177776090768
obituary,0.2900288689065727
obviously,0.2289220842586805
october,0.2431506527870703
of,0.3549742173151446
off,0.218625834271963
offered,0.2900288689065727
office,0.2431506527870703
officers,0.2523007351700474
officials,0.2576711881487167
often,0.208944940834249
ohhh,0.328008702747323
ohio,0.2391738097227509
ok,0.2668774562256503
ol,0.3045357239998459
old,0.2342409745346417
on,0.3349025652360359
once,0.2286937518100318
one,0.2599368441159266
ones,0.1729583851784586
online,0.1808748356275218
only,0.2902716911457167
onto,0.2355065681129745
op,0.2637757730125616
open,0.1669604680939579
opens,0.3045357239998459
or,0.259129526331754
org,0.1842747722455015
original,0.2431506527870703
osoyoos,0.328008702747323
other,0.2592258902791836
others,0.2188559957063084
our,0.2330455893417062
out,0.2559169099902167
outraged,0.2900288689065727
outrunning,0.328008702747323
over,0.2540077643182623
overdosed,0.328008702747323
overeactcted,0.328008702747323
overwhelming,0.2708676106697061
own,0.2879384380377119
owner,0.2289220842586805
owns,0.328008702747323
p,0.2802466110443367
pack,0.2431506527870703
packi,0.328008702747323
paedophilia,0.328008702747323
paid,0.2391738097227509
pakistani,0.2637757730125616
pale,0.2523007351700474
panthers,0.328008702747323
panzerfaust,0.328008702747323
parade,0.2321016747113232
parades,0.328008702747323
parents,0.2134514835685621
parish,0.328008702747323
part,0.2250124910180874
particularly,0.2576711881487167
partner,0.2793635465850144
party,0.1708877835630655
pass,0.1784958238477738
passenger,0.3045357239998459
past,0.1859655089856841
patch,0.3045357239998459
patterson,0.328008702747323
paying,0.2576711881487167
pearls,0.328008702747323
penalty2,0.328008702747323
penis,0.2900288689065727
people,0.2490977273358206
performances,0.328008702747323
person,0.2407875747637551
personal,0.2204656231764001
personally,0.2523007351700474
perspective,0.2576711881487167
phone,0.1995484841321675
phony,0.328008702747323
pic,0.2391738097227509
pickering,0.328008702747323
picture,0.1698802305350312
pictures,0.1751080427946773
pilate,0.328008702747323
place,0.1817015799134404
plains,0.3045357239998459
platform,0.2637757730125616
play,0.1930827138120451
plummer,0.328008702747323
pm,0.2011203333193657
pocket,0.2793635465850144
point,0.2125986654345295
poles,0.2355065681129745
police,0.2018191802619651
political,0.2259381971237672
poll,0.3063786060346284
pollute,0.3045357239998459
pontius,0.328008702747323
pool,0.247498745798785
poor,0.2315423195866837
portion,0.2793635465850144
position,0.247498745798785
possible,0.196217022462994
possibly,0.247498745798785
post,0.1677440618783678
posting,0.1833610879422258
posts,0.2707733667406537
potential,0.2793635465850144
pour,0.328008702747323
power,0.2315423195866837
pray,0.2321016747113232
preach,0.2793635465850144
precisely,0.2637757730125616
preferably,0.328008702747323
pregnant,0.2637757730125616
presence,0.2793635465850144
present,0.263157812271258
presenting,0.3045357239998459
president,0.22312597567248
pretended,0.328008702747323
pride,0.2227705487122938
prince,0.3191778826515773
principal,0.2900288689065727
principles,0.3045357239998459
printing,0.3045357239998459
prison,0.267737115969142
private,0.2204656231764001
pro,0.1873159300068793
probably,0.1491280997867173
procedure,0.328008702747323
professor,0.2637757730125616
profile,0.2391738097227509
property,0.2391738097227509
protect,0.3064416240157552
protecting,0.3045357239998459
proud,0.2753665975791226
public,0.236105054403631
published,0.247498745798785
pull,0.2431506527870703
pulled,0.2708676106697061
punish,0.2900288689065727
punk,0.2708676106697061
put,0.2032316118764955
puts,0.2576711881487167
q,0.247498745798785
quarter,0.2637757730125616
quebec,0.2793635465850144
quibble,0.328008702747323
quid,0.328008702747323
quiet,0.3045357239998459
r,0.28825702331229
race,0.1379723589744194
races,0.2327447666633402
racist,0.1964465557347658
racistly,0.328008702747323
radio,0.188700829837502
rag,0.3377311628706779
ragnar,0.328008702747323
ragnars,0.328008702747323
raid,0.3045357239998459
rally,0.2321016747113232
ramifications,0.3045357239998459
ramsey,0.328008702747323
ran,0.3064416240157552
rancher,0.328008702747323
range,0.29227468505131
rant,0.2793635465850144
rap,0.2355065681129745
rather,0.1846477783647201
re,0.1526503399363009
read,0.2117136288381602
reading,0.2779910400780907
reality,0.2155370995250058
really,0.1719200792097435
reason,0.1669604680939579
recently,0.2110487241985768
recognizing,0.328008702747323
recovered,0.328008702747323
refreshment,0.328008702747323
refuse,0.247498745798785
regiment,0.3045357239998459
relation,0.328008702747323
release,0.2708676106697061
relies,0.328008702747323
remark,0.3045357239998459
remember,0.2526596889379629
reminds,0.2523007351700474
remorse,0.328008702747323
repairman,0.328008702747323
repeated,0.2900288689065727
reply,0.2204656231764001
reporters,0.2708676106697061
represent,0.3045357239998459
request,0.2708676106697061
residence,0.328008702747323
resist,0.2900288689065727
rest,0.2620914421942016
restaurant,0.2289220842586805
rethink,0.328008702747323
return,0.3269908276469753
revolver,0.2637757730125616
revving,0.328008702747323
richland,0.3045357239998459
ride,0.267737115969142
rigby,0.328008702747323
right,0.2703573839704189
rish,0.328008702747323
road,0.2701976676506882
roars,0.328008702747323
rob,0.2793635465850144
robbery,0.2576711881487167
robyn,0.328008702747323
rockland,0.328008702747323
rokl47nk04m,0.328008702747323
role,0.2431506527870703
rolling,0.3517531093087969
romanians,0.2900288689065727
rotting,0.3045357239998459
rotweiler,0.328008702747323
rouge,0.3517531093087969
royal,0.2637757730125616
rules,0.2289220842586805
run,0.1650936864830309
running,0.2749823381852317
rüütel,0.3011647296739368
s,0.2721965516600097
sacrifice,0.247498745798785
sad,0.2292144112517978
safe,0.2155370995250058
safety,0.2637757730125616
saga,0.2793635465850144
said,0.2633634067274727
salem,0.3045357239998459
same,0.0996101154811819
sat,0.2355065681129745
satanically,0.328008702747323
saturday,0.2431506527870703
saw,0.2538882614877223
say,0.2287791620131629
saylum,0.328008702747323
says,0.2054438543120903
sc,0.328008702747323
scares,0.3045357239998459
schatzi,0.328008702747323
scheduled,0.3045357239998459
schiro,0.3045357239998459
school,0.2226206921143972
schooled,0.3045357239998459
scotland,0.2637757730125616
scotlandville,0.328008702747323
screaming,0.2576711881487167
screams,0.328008702747323
screw,0.2793635465850144
screwing,0.2900288689065727
scrounging,0.3045357239998459
scum,0.1846477783647201
seal,0.3045357239998459
search,0.1946267928821758
seat,0.2793635465850144
sebastian,0.2793635465850144
second,0.2031057059897966
section,0.1901221511447543
secularism,0.328008702747323
secured,0.328008702747323
security,0.2532676401438144
sedan,0.328008702747323
see,0.2418913370152081
seed,0.328008702747323
seek,0.247498745798785
seem,0.2012968421615901
segregationist,0.328008702747323
self,0.3028351853381567
selfish,0.3045357239998459
sell,0.2204656231764001
selling,0.2637757730125616
semen,0.3045357239998459
semitism,0.2708676106697061
send,0.1542373386158663
senseless,0.328008702747323
sent,0.1821039117181611
sentence,0.2793635465850144
september,0.2523007351700474
sergeant,0.3045357239998459
sergey,0.3045357239998459
served,0.2637757730125616
service,0.2755283542956069
set,0.2681443920024576
several,0.233974544901856
sexuality,0.3045357239998459
shakes,0.3045357239998459
shall,0.267737115969142
shalt,0.328008702747323
sharing,0.2523007351700474
sharpton,0.328008702747323
shaved,0.2576711881487167
she,0.1442048579066492
shed,0.2708676106697061
sheriff,0.2793635465850144
shift,0.2708676106697061
shiloh,0.328008702747323
shines,0.328008702747323
shirt,0.2391738097227509
shocked,0.2637757730125616
shockley,0.3011647296739368
shoots,0.2708676106697061
short,0.1995484841321675
shot,0.3103634126773638
should,0.274003115355293
shoving,0.328008702747323
show,0.1107612970673562
shows,0.1740229286712642
shunning,0.328008702747323
shut,0.247498745798785
signal,0.3045357239998459
signals,0.328008702747323
since,0.1891961455165114
singer,0.2576711881487167
sister,0.2449875096162631
sit,0.2179406345215041
site,0.1321534616435041
sitting,0.2610177776090768
skandinavia,0.328008702747323
skier,0.328008702747323
skills,0.2321016747113232
skin,0.1581774912057517
skinheads,0.2431506527870703
skinny,0.2708676106697061
skins,0.2391738097227509
skull,0.2900288689065727
sleeve,0.328008702747323
slovo,0.328008702747323
slow,0.2576711881487167
small,0.1565695897543766
smallwood,0.328008702747323
smashed,0.2793635465850144
smiley,0.3045357239998459
snapped,0.328008702747323
snow,0.2523007351700474
snyder,0.2900288689065727
so,0.2879283493028594
social,0.2481423257138714
soldiers,0.2259381971237672
solicited,0.328008702747323
some,0.2091633742119344
somehow,0.2321016747113232
someone,0.2344653822264856
something,0.1710627987525663
sometime,0.2576711881487167
sometimes,0.1915820093199644
son,0.233974544901856
song,0.1784958238477738
soon,0.2375600741879112
sorrow,0.2900288689065727
sorry,0.1698802305350312
sort,0.2012968421615901
soul,0.2179406345215041
sould,0.3045357239998459
souls,0.2900288689065727
sounds,0.196217022462994
sources,0.2431506527870703
south,0.1565695897543766
southeast,0.2900288689065727
soviets,0.3045357239998459
speak,0.1698802305350312
speaking,0.2204656231764001
species,0.2289220842586805
speech,0.3064416240157552
spend,0.2259381971237672
spirit,0.2755283542956069
spirited,0.3045357239998459
spirits,0.2793635465850144
spoke,0.3424547073023217
sports,0.1930827138120451
ss,0.2355065681129745
stabbed,0.2793635465850144
stabbing,0.2793635465850144
stake,0.328008702747323
stalin,0.328008702747323
stand,0.1808748356275218
standard,0.247498745798785
stanford,0.328008702747323
star,0.2259381971237672
start,0.1275575475318947
started,0.1762145995545227
stash,0.328008702747323
state,0.2134514835685621
statement,0.3011647296739368
staunch,0.328008702747323
step,0.3155704396781731
stick,0.255096747165777
still,0.1817015799134404
stockton,0.328008702747323
stood,0.2965002677772839
stop,0.1450714341471468
stopped,0.2179406345215041
stories,0.263157812271258
stormed,0.2900288689065727
stormfront,0.1167159749010332
story,0.2293301416614717
strange,0.2204656231764001
stranger,0.328008702747323
strangling,0.328008702747323
straw,0.3045357239998459
street,0.2365216918937105
streicher,0.3045357239998459
student,0.208944940834249
students,0.2217659023733082
stuff,0.1679171999906489
stupid,0.1589983168496648
style,0.2289220842586805
substitute,0.3045357239998459
succeeded,0.328008702747323
such,0.1371149144550645
suited,0.2900288689065727
summer,0.1995484841321675
sun,0.2179406345215041
sunnier,0.328008702747323
supermarket,0.3045357239998459
support,0.2421599705059048
supporters,0.2900288689065727
sure,0.1864134512942623
surprised,0.2610177776090768
surrounding,0.2793635465850144
survive,0.2431506527870703
survived,0.328008702747323
suspect,0.2727894261333167
suspended,0.2576711881487167
suspicious,0.3045357239998459
swazi,0.328008702747323
sweetie,0.328008702747323
system,0.2681443920024576
t,0.2568596642837913
taco,0.2900288689065727
take,0.1115246285774332
taken,0.233974544901856
takes,0.2259381971237672
taking,0.1901221511447543
talk,0.2377882415371107
talkin,0.3045357239998459
talks,0.2576711881487167
tall,0.2289220842586805
taser,0.328008702747323
tat,0.3045357239998459
taylor,0.2900288689065727
tea,0.2576711881487167
teach,0.1821039117181611
teacher,0.3222759557940672
teachers,0.1606754599717273
teenagers,0.2637757730125616
teeth,0.2431506527870703
television,0.2155370995250058
tell,0.2280641380300756
telling,0.2532676401438144
temporary,0.2900288689065727
tennessee,0.3045357239998459
terror,0.2637757730125616
texas,0.1859655089856841
than,0.1927744571169785
thank,0.2121936383714249
that,0.3312133149053964
thatll,0.328008702747323
thats,0.1808748356275218
the,0.3675365857109999
thee,0.3045357239998459
theft,0.2708676106697061
their,0.1761281063665356
thelgbt,0.328008702747323
them,0.1366714049916467
themselves,0.1565695897543766
then,0.2716380483951536
there,0.1581936312684835
therefore,0.29227468505131
thereof,0.328008702747323
these,0.2380031582797124
they,0.2445727972656486
thing,0.1167159749010332
things,0.1406588848825807
think,0.1591686809623922
thinks,0.2179406345215041
third,0.2031057059897966
this,0.2731336488075029
thorn,0.328008702747323
those,0.1932645146850301
thou,0.2900288689065727
thought,0.1450714341471468
thoughts,0.2576711881487167
thousands,0.2764647391020034
thread,0.1642040125814813
threat,0.2576711881487167
three,0.1859655089856841
threw,0.3063786060346284
throne,0.3045357239998459
throng,0.328008702747323
through,0.1984047493337888
throw,0.208944940834249
thrown,0.29227468505131
thus,0.2965002677772839
time,0.2592258902791836
times,0.2107646166876627
titled,0.3045357239998459
tk,0.3045357239998459
to,0.3667183153448607
today,0.1450714341471468
together,0.229973467476158
told,0.2643915499212105
tongue,0.2793635465850144
too,0.2334698086282991
took,0.1784958238477738
tools,0.2637757730125616
top,0.2449875096162631
tormented,0.328008702747323
torn,0.3045357239998459
touch,0.2793635465850144
town,0.188067820702218
traffic,0.2576711881487167
trail,0.2900288689065727
trailered,0.328008702747323
trash,0.2179406345215041
tree,0.2069241811159715
trip,0.247498745798785
troll,0.2391738097227509
trudeau,0.2784335940156696
trump,0.2793635465850144
trusted,0.2900288689065727
truth,0.2109302255192912
try,0.1316258466579557
trying,0.1958078475346545
tuesday,0.29227468505131
turbo,0.3045357239998459
turnage,0.328008702747323
turning,0.2321016747113232
twisted,0.2637757730125616
two,0.2426259663731504
types,0.29227468505131
typical,0.2204656231764001
tyrone,0.328008702747323
u,0.1542373386158663
unappreciated,0.328008702747323
under,0.2726347487333277
understand,0.2391961121216568
uneven,0.328008702747323
unique,0.2793635465850144
universe,0.3045357239998459
university,0.1821039117181611
unknowingly,0.328008702747323
unless,0.22312597567248
unnatural,0.328008702747323
unnecessary,0.328008702747323
until,0.1527321712006887
untill,0.2576711881487167
untouched,0.328008702747323
up,0.2823110346429158
updates,0.328008702747323
upheld,0.328008702747323
uphold,0.328008702747323
upon,0.2653943149139471
ur,0.2637757730125616
urge,0.3045357239998459
us,0.1920458137550331
use,0.1802073584516442
used,0.2532768883866674
using,0.2292144112517978
usual,0.2321016747113232
utility,0.328008702747323
v,0.1650936864830309
vagina,0.328008702747323
val,0.328008702747323
valentine,0.328008702747323
values,0.2259381971237672
ve,0.1823552066799691
verl,0.2708676106697061
very,0.2176025622454821
victim,0.2289220842586805
victimizing,0.328008702747323
victims,0.255096747165777
video,0.2436643488471018
videos,0.2536308694677328
views,0.2179406345215041
vile,0.2431506527870703
violation,0.328008702747323
violent,0.2049797397183297
visit,0.2391738097227509
visitors,0.3045357239998459
w,0.208944940834249
wagon,0.2900288689065727
walked,0.2431506527870703
walks,0.2900288689065727
wandering,0.2900288689065727
wanna,0.2784335940156696
want,0.2544277266220016
wanted,0.1751080427946773
wants,0.2303659295507215
war,0.2188559957063084
was,0.3514648217545544
washed,0.2793635465850144
wasted,0.2793635465850144
watch,0.1887138134617603
watched,0.22312597567248
watching,0.1729583851784586
waves,0.3045357239998459
waving,0.3045357239998459
way,0.2363416050828896
we,0.234410335426509
weapon,0.2391738097227509
weather,0.2321016747113232
web,0.2179406345215041
website,0.188700829837502
wedding,0.2793635465850144
week,0.1477452361499221
weekend,0.2155370995250058
weeks,0.2169965628684333
weight,0.247498745798785
welcomed,0.3045357239998459
welcomes,0.328008702747323
welfare,0.2179406345215041
well,0.1686698227138792
went,0.2725273251807453
were,0.2208960758570068
what,0.252287398105113
whatever,0.2012968421615901
when,0.2925007722245534
whenever,0.2289220842586805
where,0.2523602164222254
which,0.1999752158807559
while,0.2581509772169278
whilst,0.3045357239998459
white,0.303516244043614
whites,0.1502106313939321
whiteteacher,0.328008702747323
who,0.2663873723461382
whut,0.3045357239998459
why,0.2168528674150035
wife,0.3800736115517643
wigger,0.2576711881487167
wiggers,0.2321016747113232
will,0.2673244202715119
william,0.208944940834249
willing,0.2321016747113232
win,0.2355065681129745
window,0.2355065681129745
winter,0.2431506527870703
wisdom,0.3191778826515773
wish,0.1846477783647201
with,0.325219590510501
within,0.1978564599708277
wltx,0.328008702747323
wn,0.1846477783647201
woman,0.145728849046875
women,0.1376915645866314
won,0.2965002677772839
wonder,0.2520262879691483
word,0.1650936864830309
words,0.1901221511447543
wore,0.2637757730125616
work,0.2182660623459615
world,0.1619468137078126
worst,0.2155370995250058
would,0.233081987009281
wouldn,0.3045357239998459
wouldnt,0.2900288689065727
wouldve,0.328008702747323
wound,0.2900288689065727
wp,0.2132431820647548
wrench,0.328008702747323
wretström,0.3045357239998459
written,0.2155370995250058
wrong,0.2546194764536139
wrote,0.2848413241907939
www,0.171988942016267
x202a,0.208944940834249
y,0.2179406345215041
yard,0.2815283820289354
yards,0.2321016747113232
year,0.2757693120222502
years,0.2013449148615342
yelled,0.328008702747323
yes,0.1797171414242219
yet,0.2077318233224585
york,0.2365216918937105
you,0.195281811667889
your,0.2384091159872814
youth,0.1762145995545227
youths,0.3045357239998459
youtube,0.1825673385809408
zealot,0.328008702747323
