word,npmi-bias,she-npmi,she-count,they-npmi,they-count
they,-0.4072705469198461,0.1785147651402563,11,0.5857853120601024,1163
have,-0.2128324678126771,0.1130161396500203,6,0.3258486074626974,252
re,-0.20506832196581962,0.1048281156060589,1,0.3098964375718785,74
are,-0.1955908407114042,0.1841991423574474,12,0.3797899830688516,369
their,-0.1925625310553849,0.1505229256900672,5,0.3430854567454521,198
these,-0.16326964016318202,0.0807246312286617,1,0.2439942713918437,48
them,-0.153150300678849,0.1635051285493045,5,0.3166554292281535,146
all,-0.1441673383426071,0.1517049881493675,6,0.2958723264919746,154
whites,-0.1374087378484733,0.1220510280677914,2,0.2594597659162647,63
been,-0.135961108564525,0.0763887808697773,1,0.2123498894343023,36
want,-0.128136913197977,0.1382396900408236,2,0.2663766032388006,58
us,-0.113331067221172,0.1397251256064451,2,0.2530561928276171,50
themselves,-0.1094566523664503,0.1616153197325117,1,0.271071972098962,28
need,-0.10881048041642491,0.1012831222046979,1,0.2100936026211228,27
our,-0.10247844875531961,0.1372930883811444,3,0.239771537136464,62
than,-0.10088904954955621,0.1404795757737026,2,0.2413686253232588,44
do,-0.09131009168475349,0.22625218469327,11,0.3175622763780235,168
should,-0.09081086151761461,0.169540287810751,3,0.2603511493283656,56
its,-0.08708481412762761,0.0949803922305664,1,0.182065206358194,21
most,-0.0867272413277187,0.1085661792108267,1,0.1952934205385454,21
what,-0.0844997967314777,0.1822647789530746,5,0.2667645756845523,81
be,-0.08440977464579158,0.2265251348882848,12,0.3109349095340764,171
come,-0.08322225815171394,0.1756056010912143,2,0.2588278592429282,37
always,-0.08244775558196449,0.1136418319989681,1,0.1960895875809326,20
women,-0.0816120387027677,0.1424844030305694,1,0.2240964417333371,20
also,-0.07832661855252869,0.1054927484511234,1,0.1838193670036521,19
which,-0.07796755728994631,0.1199551263697603,1,0.1979226836597066,19
were,-0.07788755339275322,0.2115124976577218,5,0.289400051050475,77
show,-0.07302036374310081,0.1683990737631522,2,0.241419437506253,33
pretty,-0.07255212826831459,0.1540760922946906,1,0.2266282205630052,18
into,-0.0707273790509198,0.1513929311194262,2,0.222120310170346,32
much,-0.07041697143364509,0.1622438792529181,2,0.2326608506865632,32
up,-0.06873070220520719,0.1888408946654622,6,0.2575715968706694,82
racist,-0.06799991875818681,0.1499650776905264,1,0.2179649964487132,17
any,-0.06522628239582651,0.1370249028365447,2,0.2022511852323712,30
take,-0.0644084771755076,0.1691620057441401,2,0.2335704829196477,30
live,-0.06397901731436309,0.1085661792108267,1,0.1725451965251898,16
real,-0.06273189198491372,0.1640753972215385,1,0.2268072892064522,16
blacks,-0.0621869547807998,0.1869377274015078,3,0.2491246821823076,42
funny,-0.062162410210176405,0.1850055659394537,1,0.2471679761496301,16
yes,-0.05825812321660051,0.1327093317041013,1,0.1909674549207018,15
still,-0.058217041191235996,0.1347552857975803,1,0.1929723269888163,15
since,-0.0580575255106216,0.1424844030305694,1,0.200541928541191,15
wonder,-0.05791107343812141,0.1493059523327048,1,0.2072170257708262,15
around,-0.057670642273159406,0.1834352691770269,3,0.2411059114501863,40
people,-0.056775952804420576,0.2189485190712642,9,0.2757244718756848,106
you,-0.056473096990932004,0.1707711000571427,12,0.2272441970480747,135
over,-0.055445336007807294,0.1513929311194262,2,0.2068382671272335,27
am,-0.053245237818344615,0.1003470545630355,1,0.1535922923813801,14
ca,-0.052485566045146204,0.1454925553864866,1,0.1979781214316328,14
trying,-0.052411728089964804,0.1493059523327048,1,0.2017176804226696,14
today,-0.052398813316569204,0.1499650776905264,1,0.2023638910070956,14
money,-0.052385712875626905,0.1506313514619571,1,0.203017064337584,14
hell,-0.0523452484559645,0.1526747865090057,1,0.2050200349649702,14
child,-0.05219603349036589,0.1600299284687228,1,0.2122259619590887,14
started,-0.05172844043589542,0.1815061721132866,1,0.233234612549182,14
can,-0.051397040487801415,0.2189993391584934,8,0.2703963796462948,91
to,-0.04986732208716782,0.310620524562944,59,0.3604878466501118,550
will,-0.04790957587605893,0.2355720177594557,11,0.2834815936355146,118
there,-0.04717877315797078,0.1804641918340063,7,0.2276429649919771,77
im,-0.0470005091887617,0.1216318508047782,1,0.1686323599935399,13
nothing,-0.04686357992567999,0.1307266273022058,1,0.1775902072278858,13
care,-0.04621508323275769,0.1684174121904828,1,0.2146324954232405,13
of,-0.0462087211852612,0.2746905572585408,40,0.320899278443802,377
that,-0.04572928879167959,0.266809146878336,27,0.3125384356700156,263
home,-0.04477363429414871,0.1683990737631522,2,0.2131727080573009,24
after,-0.04456356160964331,0.1795304581332804,2,0.2240940197429237,24
with,-0.04252919344387318,0.2465318613340095,16,0.2890610547778827,159
more,-0.04196044819648759,0.2034679853923755,6,0.2454284335888631,64
as,-0.041287039550262195,0.2385731543898223,13,0.2798601939400845,130
we,-0.041070132150849176,0.1623654183592564,6,0.2034355505101056,63
friends,-0.04042681688507119,0.1407466052974711,1,0.1811734221825423,12
house,-0.0403593023344323,0.1454925553864866,1,0.1858518577209189,12
might,-0.040064309155306704,0.1649186162153119,1,0.2049829253706186,12
girls,-0.040036692720229305,0.1666420292610735,1,0.2066787219813028,12
country,-0.03737993288365579,0.1615554653319299,2,0.1989353982155857,22
who,-0.03712759493098591,0.196021354701488,6,0.2331489496324739,61
even,-0.03697031084919278,0.1842943495871872,3,0.22126466043638,32
doing,-0.03648060867897679,0.2156199839649487,2,0.2521005926439255,22
looking,-0.0339824606562365,0.1121523283833592,1,0.1461347890395957,11
why,-0.03385516291014701,0.1990331934339985,3,0.2328883563441455,31
love,-0.033614941740151894,0.1461120298918662,1,0.1797269716320181,11
his,-0.0335739780642427,0.1476569173385881,2,0.1812308954028308,21
become,-0.0334113068702237,0.1624240924879262,1,0.1958353993581499,11
parents,-0.03334405195498941,0.1675230143480086,1,0.200867066302998,11
cant,-0.033212359972883715,0.1771528516677792,1,0.2103652116406629,11
watching,-0.03319752487979341,0.1782104292662021,1,0.2114079541459955,11
rest,-0.033100450065364495,0.1850055659394537,1,0.2181060160048182,11
wo,-0.03296517686301109,0.1941394849859001,1,0.2271046618489112,11
give,-0.032904549020035895,0.1964251169457305,2,0.2293296659657664,21
find,-0.03101600425960402,0.1915836186470161,3,0.2225996229066201,30
your,-0.030581029480827998,0.1580009822867857,5,0.1885820117676137,48
know,-0.029779999550154035,0.2211862294408687,6,0.2509662289910227,57
race,-0.028152056677316573,0.1771793977407672,3,0.2053314544180838,29
seen,-0.026449005892985683,0.1322078923319328,1,0.1586568982249185,10
such,-0.026363163576818893,0.1418997710176098,1,0.1682629345944287,10
brown,-0.026306571843596388,0.1480084994582432,1,0.1743150713018396,10
english,-0.02630048141439212,0.148653812126681,1,0.1749542935410731,10
crime,-0.02625530584184549,0.1533714095374655,1,0.179626715379311,10
though,-0.026212571930233075,0.1577278167139448,1,0.1839403886441779,10
soon,-0.02619738290151391,0.1592527093468557,1,0.1854500922483696,10
fight,-0.026189595223742895,0.1600299284687228,1,0.1862195236924657,10
new,-0.02518300980935631,0.1328136265335152,2,0.1579966363428715,19
going,-0.024866091413662805,0.1893760755737407,3,0.2142421669874035,28
long,-0.024701533843416112,0.1832316395604346,2,0.2079331734038507,19
how,-0.02252408977096282,0.2497199807847047,8,0.2722440705556675,70
when,-0.022214278166619306,0.2711090622000098,12,0.2933233403666291,103
it,-0.021861714338560045,0.2705856168441921,30,0.2924473311827521,246
really,-0.020259975724543716,0.1777566849883962,2,0.1980166607129399,18
different,-0.019965647106322787,0.2094812331451197,2,0.2294468802514425,18
own,-0.019880061576292407,0.2206223845789442,4,0.2405024461552366,35
the,-0.01940691103516179,0.3268879306296915,78,0.3462948416648533,607
only,-0.01856244458416062,0.2300655638806776,6,0.2486280084648382,51
tv,-0.018388964629685894,0.143074546473167,1,0.1614635111028529,9
story,-0.018338988776283482,0.1506313514619571,1,0.1689703402382406,9
days,-0.018338988776283482,0.1506313514619571,1,0.1689703402382406,9
best,-0.018310628350354602,0.1547890383752764,1,0.173099666725631,9
enough,-0.018310628350354602,0.1547890383752764,1,0.173099666725631,9
police,-0.018305644953350186,0.1555104593648914,1,0.1738161043182416,9
guess,-0.01830058269668608,0.15624057526865,1,0.1745411579653361,9
public,-0.01829021242351328,0.1577278167139448,1,0.1760180291374581,9
south,-0.0182627350082038,0.1616153197325117,1,0.1798780547407155,9
teachers,-0.018232747339014782,0.1657740315628913,1,0.1840067789019061,9
young,-0.018206651708640997,0.169325669882573,1,0.187532321591214,9
countries,-0.018199799837832098,0.1702482577674874,1,0.1884480576053195,9
move,-0.018199799837832098,0.1702482577674874,1,0.1884480576053195,9
stuff,-0.018178376287401987,0.1731070906509915,1,0.1912854669383935,9
along,-0.018131068088941715,0.1792879490164362,1,0.1974190171053779,9
side,-0.01810477693551929,0.1826486927631895,1,0.2007534696987088,9
law,-0.018086100404326816,0.1850055659394537,1,0.2030916663437805,9
kill,-0.018023439849508716,0.19273862289374,1,0.2107620627432487,9
so,-0.018022509543312193,0.2634377313333859,14,0.2814602408766981,115
mine,-0.01799990862413381,0.1955770972417348,1,0.2135770058658686,9
on,-0.016096912623409565,0.2610410732772279,22,0.2771379859006375,175
anyone,-0.01564683481669138,0.1612138701183682,2,0.1768607049350596,17
ireland,-0.015564911847094992,0.1739344455210724,2,0.1894993573681674,17
d,-0.015498665993015998,0.1837096898794805,2,0.1992083558724965,17
go,-0.011147001867005485,0.2381663338181148,7,0.2493133356851203,55
start,-0.0105369112842649,0.1851657320129541,2,0.195702643297219,16
work,-0.010503253823271025,0.1918937694168457,2,0.2023970232401167,16
probably,-0.01042638260561421,0.2066345401115779,2,0.2170609227171921,16
makes,-0.010368306004804206,0.2172603062507296,2,0.2276286122555338,16
1,-0.009692672090843915,0.1203703354241633,1,0.1300630075150072,8
post,-0.009692672090843915,0.1203703354241633,1,0.1300630075150072,8
far,-0.009593255192545613,0.148653812126681,1,0.1582470673192266,8
check,-0.00957257272201531,0.1540760922946906,1,0.1636486650167059,8
help,-0.009569814463391196,0.1547890383752764,1,0.1643588528386676,8
europe,-0.009561283057745007,0.156979614968768,1,0.166540898026513,8
problem,-0.009549261416979399,0.1600299284687228,1,0.1695791898857022,8
kid,-0.009529650036427889,0.1649186162153119,1,0.1744482662517398,8
under,-0.009503888738959299,0.1711856710959043,1,0.1806895598348636,8
reason,-0.009499911287344703,0.1721384318358328,1,0.1816383431231775,8
others,-0.009495850951570989,0.1731070906509915,1,0.1826029416025625,8
face,-0.009469550505458113,0.1792879490164362,1,0.1887574995218943,8
ya,-0.009454965560857675,0.1826486927631895,1,0.1921036583240472,8
control,-0.00937585565788529,0.2001327607949232,1,0.2095086164528085,8
continue,-0.009343892771136703,0.2068766566286345,1,0.2162205493997712,8
sort,-0.009343892771136703,0.2068766566286345,1,0.2162205493997712,8
bus,-0.009343892771136703,0.2068766566286345,1,0.2162205493997712,8
second,-0.009335087384496399,0.2087051969845162,1,0.2180402843690126,8
views,-0.009260664604039098,0.2236958648255349,1,0.232956529429574,8
one,-0.0076764855994612136,0.2301637820373804,9,0.2378402676368416,68
being,-0.007553651649266108,0.1965718381613072,3,0.2041254898105733,23
non,-0.007530555255736704,0.2023381905730754,3,0.2098687458288121,23
same,-0.007311724788974905,0.2363059797905495,5,0.2436177045795244,38
look,-0.0058951798526325205,0.2167044430539876,4,0.2225996229066201,30
group,-0.0052827573380491155,0.1946868435672464,2,0.1999696009052955,15
least,-0.005229156020912784,0.212470885634393,2,0.2177000416553058,15
think,-0.004403575571217788,0.2685088817921447,9,0.2729124573633625,66
ve,-0.003745389604689814,0.1887582827959507,3,0.1925036724006405,22
for,-0.0033840614555837867,0.262195118205239,24,0.2655791796608228,173
down,-0.0028597862879804203,0.2136053915652248,4,0.2164651778532052,29
no,-0.002614950403184213,0.2525267223495736,10,0.2551416727527578,72
or,-0.0017745321692544946,0.2619861381062092,15,0.2637606702754637,107
site,0.00017076485762701488,0.1368690128411594,1,0.1366982479835324,7
nation,0.0001909304296456027,0.1657740315628913,1,0.1655831011332457,7
front,0.00019209310726048257,0.1675230143480086,1,0.1673309212407481,7
both,0.000192685143664717,0.1684174121904828,1,0.1682247270468181,7
call,0.00019450668640069724,0.1711856710959043,1,0.1709911644095036,7
future,0.00019512981035410548,0.1721384318358328,1,0.1719433020254787,7
mean,0.0001957613357523036,0.1731070906509915,1,0.1729113293152392,7
almost,0.00019640154078548466,0.174092229066975,1,0.1738958275261895,7
videos,0.00019770917797828913,0.1761144396029227,1,0.1759167304249444,7
students,0.00019770917797828913,0.1761144396029227,1,0.1759167304249444,7
pride,0.00019837724541360569,0.1771528516677792,1,0.1769544744223656,7
either,0.00020044264488430774,0.1803862368093197,1,0.1801857941644354,7
exactly,0.00020411369288689252,0.1862221372614353,1,0.1860180235685484,7
indeed,0.00021256948358880368,0.2001327607949232,1,0.1999201913113344,7
scene,0.00021651945853121135,0.2068766566286345,1,0.2066601371701033,7
talk,0.00022817478666378732,0.1871605284121026,2,0.1869323536254388,14
together,0.00023943445817481424,0.2039167992428062,2,0.2036773647846314,14
leave,0.000255784360212008,0.2302694937342646,2,0.2300137093740526,14
ever,0.0002571571542414053,0.2046374028682637,3,0.2043802457140223,21
children,0.00026226450661079315,0.2120665501793333,3,0.2118042856727225,21
maybe,0.00026226450661079315,0.2120665501793333,3,0.2118042856727225,21
few,0.0002673030093323092,0.1996701927675237,4,0.1994028897581914,28
every,0.00030397509648760757,0.233861792571876,5,0.2335578174753884,35
by,0.00033035101184611393,0.2282134381297163,8,0.2278830871178702,56
say,0.00033787707341048634,0.2516552835487308,7,0.2513174064753203,49
if,0.0004675881043342267,0.2961923485511933,20,0.2957247604468591,140
kids,0.002346440015101703,0.2600634143427146,7,0.2577169743276129,48
just,0.0025226458122468154,0.2768200201837521,16,0.2742973743715053,110
get,0.0028619769656932914,0.2754129649898787,13,0.2725509880241854,89
way,0.0029739099238988986,0.2272899468937109,5,0.224316036969812,34
time,0.0029821164191631,0.2108627672317648,5,0.2078806508126017,34
not,0.003326513010440124,0.2767845138561637,18,0.2734580008457236,123
because,0.004283011775374823,0.3053561187876662,12,0.3010731070122914,81
t,0.004891067135319005,0.2939281820191942,20,0.2890371148838752,135
well,0.005728288080907501,0.2205474222846523,5,0.2148191342037448,33
living,0.006073177774423705,0.2109572236762417,2,0.204884045901818,13
feel,0.0060982253798574915,0.1970155880432225,2,0.190917362663365,13
actually,0.006099223541142812,0.1964251169457305,2,0.1903258934045877,13
use,0.006115769575935598,0.1861552847309868,2,0.1800395151550512,13
another,0.006117282506422322,0.1851657320129541,2,0.1790484495065318,13
then,0.007030988211680023,0.2702094216789287,9,0.2631784334672487,59
good,0.007414022892963806,0.2112069398379742,6,0.2037929169450104,39
and,0.008103944087132386,0.3718781323988114,80,0.363774188311679,538
in,0.0083500467197401,0.3159471728468577,47,0.3075971261271176,313
make,0.008495202297885196,0.2378801676240952,5,0.22938496532621,32
n,0.010866355519436599,0.3031516607078441,21,0.2922853051884075,135
taught,0.010974107376715586,0.2289332754167113,1,0.2179591680399957,6
educate,0.010974107376715586,0.2289332754167113,1,0.2179591680399957,6
fox,0.010986190771577697,0.22624636166637,1,0.2152601708947923,6
stories,0.01101809505422488,0.2189501838557598,1,0.2079320888015349,6
often,0.011036457190468696,0.2146069310851161,1,0.2035704738946474,6
church,0.011036457190468696,0.2146069310851161,1,0.2035704738946474,6
playing,0.011036457190468696,0.2146069310851161,1,0.2035704738946474,6
dogs,0.011036457190468696,0.2146069310851161,1,0.2035704738946474,6
folks,0.011044928703554086,0.2125647185494001,1,0.201519789845846,6
bet,0.011044928703554086,0.2125647185494001,1,0.201519789845846,6
cut,0.011067976346839897,0.2068766566286345,1,0.1958086802817946,6
ground,0.011067976346839897,0.2068766566286345,1,0.1958086802817946,6
pay,0.011088094370949209,0.2017407807963048,1,0.1906526864253556,6
perhaps,0.011088094370949209,0.2017407807963048,1,0.1906526864253556,6
instead,0.011105881617502311,0.1970535920038643,1,0.185947710386362,6
important,0.011105881617502311,0.1970535920038643,1,0.185947710386362,6
case,0.011126707236912586,0.1913725526306449,1,0.1802458453937323,6
mind,0.011136093372975914,0.188737715150155,1,0.1776016217771791,6
online,0.011144893449433313,0.1862221372614353,1,0.175077243812002,6
later,0.011144893449433313,0.1862221372614353,1,0.175077243812002,6
brothers,0.011168335609634178,0.1792879490164362,1,0.168119613406802,6
job,0.011171870951774382,0.1782104292662021,1,0.1670385583144277,6
stay,0.011171870951774382,0.1782104292662021,1,0.1670385583144277,6
open,0.011191253233721693,0.1721384318358328,1,0.1609471786021111,6
america,0.011191253233721693,0.1721384318358328,1,0.1609471786021111,6
idea,0.011194211283493904,0.1711856710959043,1,0.1599914598124104,6
attack,0.011213106081436691,0.1649186162153119,1,0.1537055101338752,6
hard,0.01122267227978499,0.1616153197325117,1,0.1503926474527267,6
meet,0.01124348945662701,0.1540760922946906,1,0.1428326028380636,6
part,0.011263945306352302,0.1461120298918662,1,0.1348480845855139,6
org,0.011284498008282712,0.1374086121979558,1,0.1261241141896731,6
could,0.011389306756676404,0.233861792571876,5,0.2224724858151996,31
behind,0.012208484547050313,0.2313232873071051,2,0.2191148027600548,12
may,0.012348854582095198,0.2013160047840253,2,0.1889671502019301,12
jew,0.012374150409026702,0.1952608566437948,2,0.1828867062347681,12
negro,0.012396304578122103,0.1897459667095528,2,0.1773496621314307,12
an,0.012435452811146802,0.2072387110856283,6,0.1948032582744815,37
would,0.013106721709149394,0.2420200011877395,10,0.2289132794785901,62
before,0.013189152006883115,0.2094941687977512,3,0.1963050167908681,18
about,0.013716785413072585,0.2725685673965932,14,0.2588517819835206,87
white,0.01374671820342821,0.2770633325880167,23,0.2633166143845885,145
put,0.013752628741850681,0.2348327909778284,4,0.2210801622359777,24
here,0.015476611412547803,0.2123326463689697,7,0.1968560349564219,42
black,0.016686537125867595,0.2647211548998894,11,0.2480346177740218,66
ll,0.01732006181950821,0.2438781507844742,5,0.226558088964966,29
right,0.01747277836411429,0.2273415241929264,4,0.2098687458288121,23
years,0.017603117314667016,0.2083600345113545,4,0.1907569171966875,23
anything,0.017874093225287574,0.2152043640291688,3,0.1973302708038812,17
let,0.017934834599231897,0.2062163535605836,3,0.1882815189613517,17
yeah,0.018916066759222222,0.2233964215160854,2,0.2044803547568632,11
end,0.01893702058200819,0.2206865108929047,2,0.2017494903108965,11
history,0.018943725997237204,0.2198107923002352,2,0.200867066302998,11
else,0.019082163382409312,0.2006828320941173,2,0.181600668711708,11
family,0.0190906555291315,0.1994358629234396,2,0.1803452073943081,11
like,0.022093692733699488,0.2985654238823896,21,0.2764717311486901,123
must,0.022669276331095112,0.2325695988575589,3,0.2099003225264638,16
against,0.022760893615009298,0.2230209559738619,3,0.2002600623588526,16
accept,0.023414154655270886,0.2317732236849206,1,0.2083590690296497,5
kick,0.023541291121387087,0.2189501838557598,1,0.1954088927343727,5
asked,0.023541291121387087,0.2189501838557598,1,0.1954088927343727,5
eating,0.02356241483558469,0.2167328507361237,1,0.193170435900539,5
question,0.02356241483558469,0.2167328507361237,1,0.193170435900539,5
longer,0.02356241483558469,0.2167328507361237,1,0.193170435900539,5
majority,0.02360143671931289,0.2125647185494001,1,0.1889632818300872,5
evil,0.023669001476416207,0.205109138306736,1,0.1814401368303198,5
large,0.023669001476416207,0.205109138306736,1,0.1814401368303198,5
books,0.0236841002619487,0.2033984383493179,1,0.1797143380873692,5
social,0.0236841002619487,0.2033984383493179,1,0.1797143380873692,5
except,0.0236841002619487,0.2033984383493179,1,0.1797143380873692,5
laugh,0.023712504742433194,0.2001327607949232,1,0.17642025605249,5
8,0.023725892021045997,0.1985712971051743,1,0.1748454050841283,5
anyway,0.023763204358143414,0.1941394849859001,1,0.1703762806277567,5
dirty,0.02378598690457831,0.1913725526306449,1,0.1675865657260666,5
three,0.02378598690457831,0.1913725526306449,1,0.1675865657260666,5
dead,0.02378598690457831,0.1913725526306449,1,0.1675865657260666,5
scum,0.02379682262643698,0.1900394712742051,1,0.1662426486477681,5
taken,0.023807315450378008,0.188737715150155,1,0.164930399699777,5
dark,0.023855238122820727,0.1826486927631895,1,0.1587934546403688,5
blood,0.023926497816733006,0.1731070906509915,1,0.1491805928342585,5
kind,0.023933470322758804,0.1721384318358328,1,0.148204961513074,5
thread,0.02425215752240359,0.1167238164602487,1,0.0924716589378451,5
hate,0.025011725473072816,0.2493430830742021,4,0.2243313576011293,21
little,0.025154181503924206,0.2369584671766467,4,0.2118042856727225,21
at,0.02558128915866542,0.269830687469145,15,0.2442493983104796,84
now,0.025709460962234087,0.2389567866166276,6,0.2132473256543935,32
some,0.025861882284267584,0.2426573727717,9,0.2167954904874324,49
usually,0.02591121018826459,0.2431334391611309,2,0.2172222289728663,10
negroes,0.0260834088605206,0.2282193063916074,2,0.2021358975310868,10
once,0.026349349130041805,0.202602466541319,2,0.1762531174112772,10
read,0.02650883378803562,0.1851657320129541,2,0.1586568982249185,10
dont,0.026949709947342,0.246730456787873,5,0.219780746840531,26
again,0.02792762137094068,0.2273301440685508,3,0.1994025226976101,15
com,0.02858730659541489,0.1593137446359755,3,0.1307264380405606,15
but,0.028921125291483774,0.2996137731895542,22,0.2706926478980704,122
other,0.029882547665615378,0.2430880691421637,7,0.2132055214765483,36
never,0.031461336445078786,0.2474439985797923,6,0.2159826621347135,30
until,0.0332126030463977,0.2431837566378948,3,0.2099711535914971,14
first,0.0337751130999934,0.2226712527208528,4,0.1888961396208594,19
thats,0.0338033497421415,0.2381018699636681,2,0.2042985202215266,9
age,0.03383876582741738,0.2357491270876139,2,0.2019103612601965,9
speak,0.033963675897704215,0.2272214503809812,2,0.193257774483277,9
whole,0.03404339205137161,0.2215757136425856,2,0.187532321591214,9
yet,0.03414630613930089,0.2140243608800164,2,0.1798780547407155,9
small,0.03414630613930089,0.2140243608800164,2,0.1798780547407155,9
called,0.034156719352822884,0.2132425054681757,2,0.1790857861153528,9
s,0.034407790952167505,0.2727666531325591,22,0.2383588621803916,117
off,0.03497534320672163,0.2906610846579104,8,0.2556857414511888,39
out,0.03722360278266451,0.3015677624451542,19,0.2643441596624897,97
slowly,0.03793348007069142,0.2535343787147794,1,0.215600898644088,4
day,0.037955999302901305,0.2256746492676591,5,0.1877186499647578,23
jump,0.038209194507722505,0.2379962091131585,1,0.199787014605436,4
literally,0.038209194507722505,0.2379962091131585,1,0.199787014605436,4
calling,0.038209194507722505,0.2379962091131585,1,0.199787014605436,4
towards,0.038313926095368184,0.2317732236849206,1,0.1934592975895524,4
names,0.038313926095368184,0.2317732236849206,1,0.1934592975895524,4
compared,0.038360641274063884,0.2289332754167113,1,0.1905726341426474,4
massive,0.038360641274063884,0.2289332754167113,1,0.1905726341426474,4
nazi,0.0384042159832208,0.22624636166637,1,0.1878421456831492,4
fire,0.0384042159832208,0.22624636166637,1,0.1878421456831492,4
inside,0.038445018013304105,0.2236958648255349,1,0.1852508468122308,4
starts,0.038445018013304105,0.2236958648255349,1,0.1852508468122308,4
chance,0.038445018013304105,0.2236958648255349,1,0.1852508468122308,4
garbage,0.038445018013304105,0.2236958648255349,1,0.1852508468122308,4
worst,0.038483354821984506,0.2212677785617708,1,0.1827844237397863,4
stock,0.038483354821984506,0.2212677785617708,1,0.1827844237397863,4
rape,0.038483354821984506,0.2212677785617708,1,0.1827844237397863,4
apparently,0.0385194859974167,0.2189501838557598,1,0.1804306978583431,4
likely,0.03855363266652209,0.2167328507361237,1,0.1781792180696016,4
shame,0.038585984704159304,0.2146069310851161,1,0.1760209463809568,4
slavic,0.03864594051934159,0.210599458652778,1,0.1719535181334364,4
attention,0.03864594051934159,0.210599458652778,1,0.1719535181334364,4
planet,0.03879619173561061,0.2001327607949232,1,0.1613365690593126,4
running,0.03881782120378369,0.1985712971051743,1,0.1597534759013906,4
sick,0.03881782120378369,0.1985712971051743,1,0.1597534759013906,4
walk,0.0388587267870312,0.1955770972417348,1,0.1567183704547036,4
close,0.038914902819084385,0.1913725526306449,1,0.1524576498115605,4
happened,0.03893240546483079,0.1900394712742051,1,0.1511070658093743,4
killed,0.03893240546483079,0.1900394712742051,1,0.1511070658093743,4
western,0.0389493535896103,0.188737715150155,1,0.1497883615605447,4
information,0.03898170404441009,0.1862221372614353,1,0.1472404332170252,4
using,0.03901216783077832,0.1838148002999845,1,0.1448026324692062,4
myself,0.0390547198774189,0.1803862368093197,1,0.1413315169319008,4
line,0.03906814337399478,0.1792879490164362,1,0.1402198056424414,4
happy,0.0390812152613208,0.1782104292662021,1,0.1391292140048813,4
community,0.0391302828944346,0.174092229066975,1,0.1349619461725404,4
thought,0.0391747199266049,0.2356886575131921,3,0.1965139375865872,13
v,0.03917480748458088,0.1702482577674874,1,0.1310734502829065,4
jewish,0.0392953730929627,0.1592527093468557,1,0.119957336253893,4
pm,0.039341445458492816,0.1547890383752764,1,0.1154475929167836,4
times,0.03947183850967151,0.2175444289838724,3,0.1780725904742009,13
see,0.04084640061469463,0.2507439310906339,9,0.2098975304759393,42
teach,0.042417580342431205,0.2393170371549726,2,0.1968994568125414,8
seems,0.0427228128266568,0.2224788569916108,2,0.179756044164954,8
getting,0.042812039998989804,0.2172603062507296,2,0.1744482662517398,8
skin,0.042839561880003485,0.2156199839649487,2,0.1727804220849452,8
couple,0.04290416656101009,0.2117092161180468,2,0.1688050495570367,8
this,0.042959549459404084,0.2685050838470763,22,0.2255455343876722,109
big,0.043078650759370396,0.2006828320941173,2,0.1576041813347469,8
where,0.0453777924191337,0.274021384439043,8,0.2286435920199093,35
bad,0.045641998087576297,0.2246019191308161,3,0.1789599210432398,12
very,0.045822317978280125,0.2251445243752742,5,0.1793222063969941,21
http,0.0464476126605482,0.1746242811302342,3,0.128176668469686,12
place,0.04756557011223028,0.2457592671595936,4,0.1981936970473633,16
did,0.04783518431170869,0.2824299121052978,8,0.2345947277935891,34
i,0.047918923456874596,0.3159074091324528,60,0.2679884856755782,315
him,0.04799004880619409,0.2251447037211884,4,0.1771546549149943,16
www,0.0487846843307439,0.1785775686958569,4,0.129792884365113,16
a,0.04882530677836888,0.354155840594251,70,0.3053305338158821,369
school,0.049953754502782916,0.2706410815770196,9,0.2206873270742367,38
welfare,0.05117750135628368,0.2746474206374366,2,0.2234699192811529,7
mixed,0.05144975285832662,0.2650027619417901,3,0.2135530090834635,11
fact,0.051717229869603115,0.2543627645284846,3,0.2026455346588815,11
die,0.05193702367295819,0.2444675200434816,2,0.1925304963705234,7
light,0.052385611652087494,0.2243289136775662,2,0.1719433020254787,7
point,0.052497602961560585,0.2189481239508716,2,0.166450520989311,7
lol,0.05258134254258651,0.2148167498716507,2,0.1622354073290642,7
man,0.05270197135277982,0.2094941687977512,3,0.1567921974449714,11
high,0.052841395552328196,0.2013160047840253,2,0.1484746092316971,7
5,0.0528759612095365,0.1994358629234396,2,0.1465599017139031,7
guy,0.0529198637721065,0.1970155880432225,2,0.144095724271116,7
stormfront,0.05329867491545329,0.1743482451044656,2,0.1210495701890123,7
try,0.05332618737477529,0.2671826268412858,5,0.2138564394665105,19
me,0.05471340617796419,0.2394182874941469,10,0.1847048813161827,41
sucks,0.05616205135756458,0.2637941228804734,1,0.2076320715229088,3
fought,0.05631100975789752,0.2583781661824142,1,0.2020671564245167,3
blind,0.05631100975789752,0.2583781661824142,1,0.2020671564245167,3
slaves,0.05631100975789752,0.2583781661824142,1,0.2020671564245167,3
whitey,0.05655640044100371,0.2491475333289635,1,0.1925911328879598,3
turns,0.05655640044100371,0.2491475333289635,1,0.1925911328879598,3
dress,0.05665975285783281,0.2451344932296785,1,0.1884747403718457,3
rap,0.056753287517906814,0.2414332344408599,1,0.1846799469229531,3
smart,0.056753287517906814,0.2414332344408599,1,0.1846799469229531,3
hearing,0.056753287517906814,0.2414332344408599,1,0.1846799469229531,3
drugs,0.05683860930886109,0.2379962091131585,1,0.1811575998042974,3
bigger,0.05683860930886109,0.2379962091131585,1,0.1811575998042974,3
feeling,0.05683860930886109,0.2379962091131585,1,0.1811575998042974,3
ing,0.05691696265452931,0.2347861361106757,1,0.1778691734561464,3
filthy,0.05691696265452931,0.2347861361106757,1,0.1778691734561464,3
ran,0.056989331652850306,0.2317732236849206,1,0.1747838920320703,3
pics,0.056989331652850306,0.2317732236849206,1,0.1747838920320703,3
arts,0.05705650773661519,0.2289332754167113,1,0.1718767676800961,3
suspect,0.05705650773661519,0.2289332754167113,1,0.1718767676800961,3
mom,0.05705650773661519,0.2289332754167113,1,0.1718767676800961,3
attacks,0.0571191367208744,0.22624636166637,1,0.1691272249454956,3
didnt,0.0571191367208744,0.22624636166637,1,0.1691272249454956,3
racism,0.05717775233587022,0.2236958648255349,1,0.1665181124896647,3
average,0.05717775233587022,0.2236958648255349,1,0.1665181124896647,3
streets,0.05717775233587022,0.2236958648255349,1,0.1665181124896647,3
gang,0.05717775233587022,0.2236958648255349,1,0.1665181124896647,3
safe,0.057232800647768395,0.2212677785617708,1,0.1640349779140024,3
form,0.057232800647768395,0.2212677785617708,1,0.1640349779140024,3
japanese,0.057232800647768395,0.2212677785617708,1,0.1640349779140024,3
reality,0.057232800647768395,0.2212677785617708,1,0.1640349779140024,3
hispanic,0.0573336456080846,0.2167328507361237,1,0.1593992051280391,3
born,0.0573336456080846,0.2167328507361237,1,0.1593992051280391,3
student,0.05738003820782431,0.2146069310851161,1,0.1572268928772918,3
mass,0.05738003820782431,0.2146069310851161,1,0.1572268928772918,3
hang,0.05738003820782431,0.2146069310851161,1,0.1572268928772918,3
drug,0.05750587831457421,0.2087051969845162,1,0.151199318669942,3
movie,0.05750587831457421,0.2087051969845162,1,0.151199318669942,3
brought,0.05750587831457421,0.2087051969845162,1,0.151199318669942,3
save,0.0575439879585338,0.2068766566286345,1,0.1493326686701007,3
clean,0.05758043054259948,0.205109138306736,1,0.1475287077641365,3
muslim,0.05758043054259948,0.205109138306736,1,0.1475287077641365,3
play,0.057711852748341896,0.1985712971051743,1,0.1408594443568324,3
buy,0.0577416019450937,0.1970535920038643,1,0.1393119900587706,3
above,0.0577416019450937,0.1970535920038643,1,0.1393119900587706,3
lets,0.057824619502606284,0.19273862289374,1,0.1349140033911337,3
set,0.057850420467077,0.1913725526306449,1,0.1335221321635679,3
brother,0.05787537524377939,0.1900394712742051,1,0.1321640960304257,3
sweden,0.05800973205205802,0.1826486927631895,1,0.1246389607111315,3
e,0.05806858932215998,0.1792879490164362,1,0.1212193596942762,3
boy,0.0581891516732156,0.1721384318358328,1,0.1139492801626172,3
6,0.0583044888082464,0.1649186162153119,1,0.1066141274070655,3
color,0.05833032134216591,0.1632440064397021,1,0.1049136850975362,3
said,0.0583325492985442,0.2863653295269375,7,0.2280327802283933,26
news,0.05902908713124519,0.2163880535390666,4,0.1573589664078214,14
great,0.0590499972599452,0.2154477053188184,4,0.1563977080588732,14
m,0.05951134571148231,0.1969692454479788,5,0.1374578997364965,18
saw,0.059881116146751595,0.2170694426718623,3,0.1571883265251107,10
certainly,0.06202425259337868,0.2722839265847773,2,0.2102596739913986,6
telling,0.06240115435074181,0.2600456962273273,2,0.1976445418765855,6
father,0.06299185412804681,0.2393170371549726,2,0.1763251830269258,6
two,0.06299965360204698,0.250481708463503,5,0.187482054861456,17
european,0.0633337354187784,0.2262408478544333,2,0.1629071124356549,6
blue,0.0633337354187784,0.2262408478544333,2,0.1629071124356549,6
stupid,0.06335350072470658,0.2737253293538214,4,0.2103718286291148,13
wait,0.0634276988745264,0.2224788569916108,2,0.1590511581170844,6
support,0.06357456561401431,0.2164343890418062,2,0.1528598234277919,6
he,0.06364942415776131,0.2150387434293739,6,0.1513893192716126,21
next,0.06392200987385241,0.2554365724993638,4,0.1915145626255114,13
food,0.06662587064736639,0.260895837424059,3,0.1942699667766926,9
came,0.06693961552845687,0.2819617764747648,5,0.2150221609463079,16
person,0.0677097627785552,0.2235434807832717,3,0.1558337180047165,9
found,0.0677097627785552,0.2235434807832717,3,0.1558337180047165,9
video,0.06852009315166299,0.1893760755737407,3,0.1208559824220777,9
had,0.07047815281389169,0.3077032299165517,13,0.23722507710266,46
last,0.0712188861825867,0.2206223845789442,4,0.1494034983963575,12
told,0.07124084623743598,0.3225531349815254,7,0.2513122887440894,22
thing,0.07283155339797712,0.2843663253274935,7,0.2115347719295164,22
too,0.07384315336939168,0.2563695578851309,7,0.1825264045157392,22
fake,0.0740317596010707,0.2854348447516399,2,0.2114030851505692,5
till,0.07469755229855751,0.2678679881990965,2,0.193170435900539,5
something,0.075001968620872,0.2721571361220163,6,0.1971551675011443,18
gave,0.0750993075837692,0.256539444414089,2,0.1814401368303198,5
hands,0.0752648556195909,0.2516851116720809,2,0.17642025605249,5
watch,0.07552947473969107,0.2574798834483187,6,0.1819504087086276,18
male,0.0757443134937501,0.2369129643926099,2,0.1611686508988598,5
head,0.07588358752408322,0.2323972659855469,2,0.1565136784614637,5
friend,0.0759790873090746,0.2292350844617915,2,0.1532559971527169,5
picture,0.07603903004131252,0.2272214503809812,2,0.1511824203396687,5
state,0.07625380817785721,0.2198107923002352,2,0.143556984122378,5
10,0.07632561010309269,0.2172603062507296,2,0.1409346961476369,5
away,0.07682268568473744,0.2584233543964454,4,0.181600668711708,11
2,0.0770395691905463,0.203862007357646,3,0.1268224381670997,8
thank,0.07712563459742901,0.1856585802304087,2,0.1085329456329797,5
hope,0.0771652172894624,0.274879937097392,7,0.1977147198079296,21
reptile,0.07919112783110502,0.3110001378769197,1,0.2318090100458147,2
payments,0.07985807908335302,0.2963982313994442,1,0.2165401523160912,2
rude,0.07985807908335302,0.2963982313994442,1,0.2165401523160912,2
sheboon,0.07985807908335302,0.2963982313994442,1,0.2165401523160912,2
contacted,0.07985807908335302,0.2963982313994442,1,0.2165401523160912,2
colored,0.07985807908335302,0.2963982313994442,1,0.2165401523160912,2
classmates,0.07985807908335302,0.2963982313994442,1,0.2165401523160912,2
proved,0.08032358632633646,0.2856569382420788,1,0.2053333519157423,2
loans,0.08032358632633646,0.2856569382420788,1,0.2053333519157423,2
suffering,0.08032358632633646,0.2856569382420788,1,0.2053333519157423,2
went,0.08043397602736657,0.2955438451366508,7,0.2151098691092842,20
intended,0.08067937312954268,0.2770967888701217,1,0.196417415740579,2
mercy,0.08067937312954268,0.2770967888701217,1,0.196417415740579,2
rose,0.08067937312954268,0.2770967888701217,1,0.196417415740579,2
serve,0.08067937312954268,0.2770967888701217,1,0.196417415740579,2
loving,0.08067937312954268,0.2770967888701217,1,0.196417415740579,2
wore,0.0809661632627992,0.2699488391661408,1,0.1889826759033416,2
tries,0.08120560578292338,0.2637941228804734,1,0.18258851709755,2
ed,0.08120560578292338,0.2637941228804734,1,0.18258851709755,2
teen,0.08120560578292338,0.2637941228804734,1,0.18258851709755,2
chosen,0.08120560578292338,0.2637941228804734,1,0.18258851709755,2
handed,0.08120560578292338,0.2637941228804734,1,0.18258851709755,2
statement,0.08141057886574932,0.2583781661824142,1,0.1769675873166649,2
gypsies,0.08141057886574932,0.2583781661824142,1,0.1769675873166649,2
lay,0.08141057886574932,0.2583781661824142,1,0.1769675873166649,2
played,0.08141057886574932,0.2583781661824142,1,0.1769675873166649,2
theory,0.08141057886574932,0.2583781661824142,1,0.1769675873166649,2
district,0.08141057886574932,0.2583781661824142,1,0.1769675873166649,2
grand,0.08158936101527642,0.2535343787147794,1,0.171945017699503,2
neighbors,0.08158936101527642,0.2535343787147794,1,0.171945017699503,2
claiming,0.08158936101527642,0.2535343787147794,1,0.171945017699503,2
stood,0.08158936101527642,0.2535343787147794,1,0.171945017699503,2
raped,0.08158936101527642,0.2535343787147794,1,0.171945017699503,2
keeps,0.08174758592307069,0.2491475333289635,1,0.1673999474058928,2
teeth,0.08174758592307069,0.2491475333289635,1,0.1673999474058928,2
doesnt,0.08174758592307069,0.2491475333289635,1,0.1673999474058928,2
lucky,0.08174758592307069,0.2491475333289635,1,0.1673999474058928,2
marry,0.08174758592307069,0.2491475333289635,1,0.1673999474058928,2
table,0.08188925879224282,0.2451344932296785,1,0.1632452344374357,2
birth,0.08188925879224282,0.2451344932296785,1,0.1632452344374357,2
india,0.08188925879224282,0.2451344932296785,1,0.1632452344374357,2
monkey,0.0820173275126452,0.2414332344408599,1,0.1594159069282147,2
hardly,0.0820173275126452,0.2414332344408599,1,0.1594159069282147,2
forgot,0.0820173275126452,0.2414332344408599,1,0.1594159069282147,2
prime,0.0821340237912343,0.2379962091131585,1,0.1558621853219242,2
knife,0.0821340237912343,0.2379962091131585,1,0.1558621853219242,2
racially,0.0821340237912343,0.2379962091131585,1,0.1558621853219242,2
sa,0.0821340237912343,0.2379962091131585,1,0.1558621853219242,2
credit,0.0821340237912343,0.2379962091131585,1,0.1558621853219242,2
vote,0.0822410771050665,0.2347861361106757,1,0.1525450590056092,2
wanna,0.0822410771050665,0.2347861361106757,1,0.1525450590056092,2
g,0.0822410771050665,0.2347861361106757,1,0.1525450590056092,2
write,0.08233985440324659,0.2317732236849206,1,0.149433369281674,2
groid,0.0824314544572605,0.2289332754167113,1,0.1465018209594508,2
grade,0.0824314544572605,0.2289332754167113,1,0.1465018209594508,2
watched,0.0824314544572605,0.2289332754167113,1,0.1465018209594508,2
from,0.082478793938115,0.3054430638968435,20,0.2229642699587285,68
seriously,0.0825167734386403,0.22624636166637,1,0.1437295882277297,2
trouble,0.0825167734386403,0.22624636166637,1,0.1437295882277297,2
involved,0.0825167734386403,0.22624636166637,1,0.1437295882277297,2
typical,0.0825167734386403,0.22624636166637,1,0.1437295882277297,2
piece,0.0825167734386403,0.22624636166637,1,0.1437295882277297,2
wonderful,0.08259655164026022,0.2236958648255349,1,0.1410993131852747,2
females,0.08259655164026022,0.2236958648255349,1,0.1410993131852747,2
shall,0.08259655164026022,0.2236958648255349,1,0.1410993131852747,2
heads,0.0826714074884381,0.2212677785617708,1,0.1385963710733327,2
excellent,0.0826714074884381,0.2212677785617708,1,0.1385963710733327,2
claims,0.0826714074884381,0.2212677785617708,1,0.1385963710733327,2
shoot,0.0828083617027909,0.2167328507361237,1,0.1339244890333328,2
minister,0.0828083617027909,0.2167328507361237,1,0.1339244890333328,2
gods,0.08287128545022102,0.2146069310851161,1,0.1317356456348951,2
favorite,0.08287128545022102,0.2146069310851161,1,0.1317356456348951,2
germany,0.08287128545022102,0.2146069310851161,1,0.1317356456348951,2
bar,0.0830416935080471,0.2087051969845162,1,0.1256635034764691,2
similar,0.083093217261328,0.2068766566286345,1,0.1237834393673065,2
whatever,0.083093217261328,0.2068766566286345,1,0.1237834393673065,2
middle,0.083093217261328,0.2068766566286345,1,0.1237834393673065,2
sisters,0.0832347135116616,0.2017407807963048,1,0.1185060672846432,2
top,0.0832780398332305,0.2001327607949232,1,0.1168547209616927,2
outside,0.08339826367178481,0.1955770972417348,1,0.11217883356995,2
wn,0.0835393835998861,0.1900394712742051,1,0.106500087674319,2
university,0.0836030998527022,0.1874657457269901,1,0.1038626458742879,2
page,0.0836914483207181,0.1838148002999845,1,0.1001233519792664,2
pictures,0.0837722427940051,0.1803862368093197,1,0.0966139940153146,2
heard,0.08388277170217429,0.2718977954115134,5,0.1880150237093391,13
bring,0.0840920175623667,0.2824516736611683,3,0.1983596560988016,7
link,0.08422390817432611,0.1592527093468557,1,0.0750288011725296,2
hey,0.0843091295484412,0.1547890383752764,1,0.0704799088268352,2
ask,0.08443913439978581,0.2742721302278611,3,0.1898329958280753,7
https,0.0847283803057711,0.129278639433967,1,0.0445502591281959,2
back,0.08502692900988987,0.3029006335794894,12,0.2178737045695995,36
woman,0.0858815983326619,0.2363323601483141,3,0.1504507618156522,7
creatures,0.0886110034801286,0.291894282491664,2,0.2032832790115354,4
needed,0.08876785112582311,0.2885548657312591,2,0.199787014605436,4
younger,0.0891707754773926,0.27974340962004,2,0.1905726341426474,4
speaking,0.08928726035725063,0.2771294060403998,2,0.1878421456831492,4
teaching,0.08928726035725063,0.2771294060403998,2,0.1878421456831492,4
carry,0.089499502844991,0.2722839265847773,2,0.1827844237397863,4
main,0.08959671255683549,0.2700274104151786,2,0.1804306978583431,4
sounds,0.09028690245491416,0.2532539789898707,2,0.1629670765349565,4
example,0.09052052908065789,0.2472388995353615,2,0.1567183704547036,4
15,0.09057399030809388,0.2458353746817717,2,0.1552613843736778,4
month,0.09072432006000439,0.2418313858693787,2,0.1511070658093743,4
means,0.09072432006000439,0.2418313858693787,2,0.1511070658093743,4
christian,0.0908614367466429,0.2381018699636681,2,0.1472404332170252,4
wants,0.0909045581302709,0.2369129643926099,2,0.146008406262339,4
matter,0.0909464946184077,0.2357491270876139,2,0.1448026324692062,4
german,0.0914353543281424,0.2215757136425856,2,0.1301403593144432,4
youtube,0.09527995546201619,0.151569772125678,4,0.0562898166636618,9
while,0.09716489203498979,0.2661825555896118,5,0.169017663554622,11
class,0.09940515386035481,0.2881626533822491,4,0.1887574995218943,8
name,0.1004111501777786,0.29192571280329,6,0.1915145626255114,13
week,0.10062044818401,0.2628732025099636,4,0.1622527543259536,8
my,0.10117122605209372,0.3069613746869883,25,0.2057901486348946,75
year,0.1025990413316438,0.2452213608904964,6,0.1426223195588526,13
showed,0.1067938922012209,0.2993850250891807,2,0.1925911328879598,3
sat,0.1072143355687109,0.291894282491664,2,0.1846799469229531,3
attacked,0.10756567129549349,0.2854348447516399,2,0.1778691734561464,3
ago,0.10769343446099328,0.2725710377650288,6,0.1648776033040355,12
modern,0.10800218109490423,0.2771294060403998,2,0.1691272249454956,3
thinks,0.10812930814777189,0.2746474206374366,2,0.1665181124896647,3
got,0.10854753560696839,0.2762367008284607,8,0.1676891652214923,17
met,0.1085702165562395,0.2657971094335313,2,0.1572268928772918,3
lie,0.1085702165562395,0.2657971094335313,2,0.1572268928772918,3
hoping,0.1085702165562395,0.2657971094335313,2,0.1572268928772918,3
african,0.10901073664995248,0.256539444414089,2,0.1475287077641365,3
done,0.10918284643369677,0.2501175425813337,3,0.1409346961476369,5
looked,0.10943207122438578,0.2472388995353615,2,0.1378068283109757,3
gone,0.10977422251543151,0.2393170371549726,2,0.1295428146395411,3
7,0.11001600840510321,0.2334922824456004,2,0.1234762740404972,3
is,0.11002313200263986,0.3615397890661455,57,0.2515166570635056,191
weeks,0.1104154913079126,0.2233964215160854,2,0.1129809302081728,3
forum,0.1116000574740515,0.1886990248189171,2,0.0770989673448656,3
looks,0.11306712749676578,0.2979240911568148,6,0.184856963660049,11
baffrooms,0.1172789843010845,0.3346067153754455,1,0.217327731074361,1
dated,0.1172789843010845,0.3346067153754455,1,0.217327731074361,1
muppet,0.1172789843010845,0.3346067153754455,1,0.217327731074361,1
specie,0.1172789843010845,0.3346067153754455,1,0.217327731074361,1
pun,0.1172789843010845,0.3346067153754455,1,0.217327731074361,1
maggie,0.1172789843010845,0.3346067153754455,1,0.217327731074361,1
solicited,0.1172789843010845,0.3346067153754455,1,0.217327731074361,1
fyromanians,0.1172789843010845,0.3346067153754455,1,0.217327731074361,1
schmidt,0.1172789843010845,0.3346067153754455,1,0.217327731074361,1
dragging,0.11890769581780361,0.3110001378769197,1,0.1920924420591161,1
homos,0.11890769581780361,0.3110001378769197,1,0.1920924420591161,1
disliked,0.11890769581780361,0.3110001378769197,1,0.1920924420591161,1
historian,0.11890769581780361,0.3110001378769197,1,0.1920924420591161,1
revenue,0.11890769581780361,0.3110001378769197,1,0.1920924420591161,1
robbers,0.11890769581780361,0.3110001378769197,1,0.1920924420591161,1
requested,0.11890769581780361,0.3110001378769197,1,0.1920924420591161,1
inferior,0.11890769581780361,0.3110001378769197,1,0.1920924420591161,1
guidance,0.11890769581780361,0.3110001378769197,1,0.1920924420591161,1
pyre,0.11890769581780361,0.3110001378769197,1,0.1920924420591161,1
punished,0.11890769581780361,0.3110001378769197,1,0.1920924420591161,1
alongside,0.11890769581780361,0.3110001378769197,1,0.1920924420591161,1
secondly,0.11890769581780361,0.3110001378769197,1,0.1920924420591161,1
banana,0.11890769581780361,0.3110001378769197,1,0.1920924420591161,1
functions,0.11890769581780361,0.3110001378769197,1,0.1920924420591161,1
poop,0.11890769581780361,0.3110001378769197,1,0.1920924420591161,1
watches,0.11890769581780361,0.3110001378769197,1,0.1920924420591161,1
cartoons,0.11890769581780361,0.3110001378769197,1,0.1920924420591161,1
gain,0.11983635714781221,0.2963982313994442,1,0.176561874251632,1
sticks,0.11983635714781221,0.2963982313994442,1,0.176561874251632,1
stamps,0.11983635714781221,0.2963982313994442,1,0.176561874251632,1
dyed,0.11983635714781221,0.2963982313994442,1,0.176561874251632,1
guise,0.11983635714781221,0.2963982313994442,1,0.176561874251632,1
toys,0.11983635714781221,0.2963982313994442,1,0.176561874251632,1
suited,0.11983635714781221,0.2963982313994442,1,0.176561874251632,1
spelling,0.11983635714781221,0.2963982313994442,1,0.176561874251632,1
employee,0.11983635714781221,0.2963982313994442,1,0.176561874251632,1
covers,0.11983635714781221,0.2963982313994442,1,0.176561874251632,1
unsuspecting,0.11983635714781221,0.2963982313994442,1,0.176561874251632,1
chimpout,0.11983635714781221,0.2963982313994442,1,0.176561874251632,1
smell,0.11983635714781221,0.2963982313994442,1,0.176561874251632,1
ate,0.11983635714781221,0.2963982313994442,1,0.176561874251632,1
mongol,0.11983635714781221,0.2963982313994442,1,0.176561874251632,1
crawl,0.11983635714781221,0.2963982313994442,1,0.176561874251632,1
convenience,0.11983635714781221,0.2963982313994442,1,0.176561874251632,1
assignment,0.11983635714781221,0.2963982313994442,1,0.176561874251632,1
axis,0.11983635714781221,0.2963982313994442,1,0.176561874251632,1
arabic,0.11983635714781221,0.2963982313994442,1,0.176561874251632,1
worshipping,0.11983635714781221,0.2963982313994442,1,0.176561874251632,1
coal,0.11983635714781221,0.2963982313994442,1,0.176561874251632,1
remember,0.12027527075955449,0.2841878006919048,4,0.1639125299323503,6
caucasus,0.12048129753144027,0.2856569382420788,1,0.1651756407106385,1
pulls,0.12048129753144027,0.2856569382420788,1,0.1651756407106385,1
subhuman,0.12048129753144027,0.2856569382420788,1,0.1651756407106385,1
tatar,0.12048129753144027,0.2856569382420788,1,0.1651756407106385,1
reputation,0.12048129753144027,0.2856569382420788,1,0.1651756407106385,1
albanian,0.12048129753144027,0.2856569382420788,1,0.1651756407106385,1
region,0.12048129753144027,0.2856569382420788,1,0.1651756407106385,1
rob,0.12048129753144027,0.2856569382420788,1,0.1651756407106385,1
closet,0.12048129753144027,0.2856569382420788,1,0.1651756407106385,1
dropped,0.12048129753144027,0.2856569382420788,1,0.1651756407106385,1
customer,0.12048129753144027,0.2856569382420788,1,0.1651756407106385,1
crying,0.12048129753144027,0.2856569382420788,1,0.1651756407106385,1
spit,0.12048129753144027,0.2856569382420788,1,0.1651756407106385,1
smashed,0.12048129753144027,0.2856569382420788,1,0.1651756407106385,1
complaining,0.12048129753144027,0.2856569382420788,1,0.1651756407106385,1
tiny,0.12097219869661757,0.2770967888701217,1,0.1561245901735041,1
tan,0.12097219869661757,0.2770967888701217,1,0.1561245901735041,1
continues,0.12097219869661757,0.2770967888701217,1,0.1561245901735041,1
harsh,0.12097219869661757,0.2770967888701217,1,0.1561245901735041,1
accounts,0.12097219869661757,0.2770967888701217,1,0.1561245901735041,1
administration,0.12097219869661757,0.2770967888701217,1,0.1561245901735041,1
graduate,0.12097219869661757,0.2770967888701217,1,0.1561245901735041,1
coat,0.12097219869661757,0.2770967888701217,1,0.1561245901735041,1
agency,0.12097219869661757,0.2770967888701217,1,0.1561245901735041,1
driver,0.12097219869661757,0.2770967888701217,1,0.1561245901735041,1
chimp,0.12097219869661757,0.2770967888701217,1,0.1561245901735041,1
daughters,0.12097219869661757,0.2770967888701217,1,0.1561245901735041,1
06,0.12097219869661757,0.2770967888701217,1,0.1561245901735041,1
shift,0.12097219869661757,0.2770967888701217,1,0.1561245901735041,1
pulled,0.12097219869661757,0.2770967888701217,1,0.1561245901735041,1
perform,0.12097219869661757,0.2770967888701217,1,0.1561245901735041,1
huh,0.12097219869661757,0.2770967888701217,1,0.1561245901735041,1
makeup,0.12097219869661757,0.2770967888701217,1,0.1561245901735041,1
hear,0.12107492000584089,0.2698776813190514,4,0.1488027613132105,6
bedroom,0.12136648650234222,0.2699488391661408,1,0.1485823526637986,1
favor,0.12136648650234222,0.2699488391661408,1,0.1485823526637986,1
publicly,0.12136648650234222,0.2699488391661408,1,0.1485823526637986,1
roll,0.12136648650234222,0.2699488391661408,1,0.1485823526637986,1
films,0.12136648650234222,0.2699488391661408,1,0.1485823526637986,1
adopt,0.12136648650234222,0.2699488391661408,1,0.1485823526637986,1
ape,0.12150917407406492,0.301939871932408,3,0.1804306978583431,4
difficult,0.12169462387164498,0.2637941228804734,1,0.1420994990088284,1
status,0.12169462387164498,0.2637941228804734,1,0.1420994990088284,1
thanksgiving,0.12169462387164498,0.2637941228804734,1,0.1420994990088284,1
bitch,0.12169462387164498,0.2637941228804734,1,0.1420994990088284,1
grass,0.12197469883001841,0.2583781661824142,1,0.1364034673523958,1
lately,0.12197469883001841,0.2583781661824142,1,0.1364034673523958,1
learned,0.12197469883001841,0.2583781661824142,1,0.1364034673523958,1
scenario,0.12197469883001841,0.2583781661824142,1,0.1364034673523958,1
disgusted,0.12197469883001841,0.2583781661824142,1,0.1364034673523958,1
forest,0.12221832009302772,0.2535343787147794,1,0.1313160586217517,1
promoting,0.12221832009302772,0.2535343787147794,1,0.1313160586217517,1
effort,0.12221832009302772,0.2535343787147794,1,0.1313160586217517,1
apart,0.12221832009302772,0.2535343787147794,1,0.1313160586217517,1
generation,0.12221832009302772,0.2535343787147794,1,0.1313160586217517,1
older,0.12221832009302772,0.2535343787147794,1,0.1313160586217517,1
figured,0.12221832009302772,0.2535343787147794,1,0.1313160586217517,1
jumped,0.12221832009302772,0.2535343787147794,1,0.1313160586217517,1
ukrainian,0.12221832009302772,0.2535343787147794,1,0.1313160586217517,1
murders,0.12221832009302772,0.2535343787147794,1,0.1313160586217517,1
27,0.12221832009302772,0.2535343787147794,1,0.1313160586217517,1
besides,0.12221832009302772,0.2535343787147794,1,0.1313160586217517,1
connection,0.12221832009302772,0.2535343787147794,1,0.1313160586217517,1
hates,0.12221832009302772,0.2535343787147794,1,0.1313160586217517,1
immigrant,0.12221832009302772,0.2535343787147794,1,0.1313160586217517,1
iq,0.12221832009302772,0.2535343787147794,1,0.1313160586217517,1
hall,0.12243337605990959,0.2491475333289635,1,0.1267141572690539,1
drop,0.12243337605990959,0.2491475333289635,1,0.1267141572690539,1
thrown,0.12243337605990959,0.2491475333289635,1,0.1267141572690539,1
rapes,0.12243337605990959,0.2491475333289635,1,0.1267141572690539,1
bulgarian,0.12243337605990959,0.2491475333289635,1,0.1267141572690539,1
map,0.1226254673610314,0.2451344932296785,1,0.1225090258686471,1
becoming,0.1226254673610314,0.2451344932296785,1,0.1225090258686471,1
card,0.1226254673610314,0.2451344932296785,1,0.1225090258686471,1
tape,0.1226254673610314,0.2451344932296785,1,0.1225090258686471,1
spanish,0.1227987110158258,0.2414332344408599,1,0.1186345234250341,1
onto,0.1227987110158258,0.2414332344408599,1,0.1186345234250341,1
department,0.1227987110158258,0.2414332344408599,1,0.1186345234250341,1
passed,0.1227987110158258,0.2414332344408599,1,0.1186345234250341,1
theres,0.1227987110158258,0.2414332344408599,1,0.1186345234250341,1
pray,0.1229562201987052,0.2379962091131585,1,0.1150399889144533,1
official,0.1229562201987052,0.2379962091131585,1,0.1150399889144533,1
general,0.1229562201987052,0.2379962091131585,1,0.1150399889144533,1
religion,0.12310040484546339,0.2347861361106757,1,0.1116857312652123,1
prefer,0.1232331677549105,0.2317732236849206,1,0.1085400559300101,1
values,0.1232331677549105,0.2317732236849206,1,0.1085400559300101,1
protect,0.1232331677549105,0.2317732236849206,1,0.1085400559300101,1
turned,0.1232331677549105,0.2317732236849206,1,0.1085400559300101,1
nor,0.1233560369147606,0.2289332754167113,1,0.1055772385019507,1
intelligent,0.1233560369147606,0.2289332754167113,1,0.1055772385019507,1
dad,0.1233560369147606,0.2289332754167113,1,0.1055772385019507,1
project,0.1233560369147606,0.2289332754167113,1,0.1055772385019507,1
blond,0.1234702573984187,0.22624636166637,1,0.1027761042679513,1
answer,0.1234702573984187,0.22624636166637,1,0.1027761042679513,1
trash,0.12357685678640622,0.2236958648255349,1,0.1001190080391287,1
breed,0.12357685678640622,0.2236958648255349,1,0.1001190080391287,1
13,0.12357685678640622,0.2236958648255349,1,0.1001190080391287,1
weekend,0.1236766927562744,0.2212677785617708,1,0.0975910858054964,1
although,0.1236766927562744,0.2212677785617708,1,0.0975910858054964,1
classes,0.1236766927562744,0.2212677785617708,1,0.0975910858054964,1
store,0.12377048836443198,0.2189501838557598,1,0.0951796954913278,1
text,0.12385885864666679,0.2167328507361237,1,0.0928739920894569,1
william,0.12394233097668302,0.2146069310851161,1,0.0906646001084331,1
test,0.1240213608587884,0.2125647185494001,1,0.0885433576906117,1
wow,0.1241676277993936,0.2087051969845162,1,0.0845375691851226,1
giving,0.124235515956801,0.2068766566286345,1,0.0826411406718335,1
member,0.12436215361554319,0.2033984383493179,1,0.0790362847337747,1
id,0.12442135575522952,0.2017407807963048,1,0.0773194250410753,1
holocaust,0.1245847395830071,0.1970535920038643,1,0.0724688524208572,1
12,0.12468333050647291,0.1941394849859001,1,0.0694561544794272,1
moved,0.1248600363077153,0.188737715150155,1,0.0638776788424397,1
11,0.12490050412898969,0.1874657457269901,1,0.0625652415980004,1
9,0.1251178025141101,0.1803862368093197,1,0.0552684342952096,1
88,0.1256290482956834,0.1616153197325117,1,0.0359862714368283,1
college,0.1256486998211809,0.1608173673517601,1,0.0351686675305792,1
u,0.1256867419123579,0.1592527093468557,1,0.0335659674344978,1
hair,0.1285214323312413,0.2942521011945412,6,0.1657306688632999,9
misunderstood,0.12859153434604298,0.3451316866621342,2,0.2165401523160912,2
goes,0.12883473319616037,0.3027305607223499,5,0.1738958275261895,7
gorgeous,0.13005514564428242,0.3264725613848614,2,0.196417415740579,2
nigerian,0.1310016266184276,0.3135901437159776,2,0.18258851709755,2
smile,0.1310016266184276,0.3135901437159776,2,0.18258851709755,2
seconds,0.1313724407684026,0.3083400280850675,2,0.1769675873166649,2
hated,0.1316969639689488,0.3036419816684518,2,0.171945017699503,2
nigeria,0.13198507768328788,0.2993850250891807,2,0.1673999474058928,2
kiss,0.13198507768328788,0.2993850250891807,2,0.1673999474058928,2
likes,0.13198507768328788,0.2993850250891807,2,0.1673999474058928,2
idiot,0.1322438190145481,0.2954890534519838,2,0.1632452344374357,2
nose,0.1324783755634493,0.291894282491664,2,0.1594159069282147,2
became,0.1324783755634493,0.291894282491664,2,0.1594159069282147,2
warm,0.1324783755634493,0.291894282491664,2,0.1594159069282147,2
advice,0.1324783755634493,0.291894282491664,2,0.1594159069282147,2
gets,0.1328202075853348,0.2871416699704341,4,0.1543214623850993,5
obviously,0.1328897857460307,0.2854348447516399,2,0.1525450590056092,2
victim,0.1328897857460307,0.2854348447516399,2,0.1525450590056092,2
gonna,0.13394349916576373,0.2678679881990965,2,0.1339244890333328,2
ive,0.13417357052652906,0.2638073255718327,2,0.1296337550453036,2
hit,0.1345727552942899,0.256539444414089,2,0.1219666891197991,2
caught,0.13474791170522749,0.2532539789898707,2,0.1185060672846432,2
months,0.13498627474124608,0.2486801593214795,2,0.1136938845802334,2
shot,0.13526680092179127,0.2431334391611309,2,0.1078666382393396,2
does,0.13858549906297601,0.2738293746217829,6,0.1352438755588069,8
mother,0.139823448286695,0.3027305607223499,5,0.1629071124356549,6
movies,0.14118261365283696,0.2887113214169735,3,0.1475287077641365,3
has,0.14301068262813443,0.297195579901023,13,0.1541848972728886,21
says,0.1462611074410441,0.3053272794051687,6,0.1590661719641246,7
old,0.1474153492788972,0.2929428260756761,10,0.1455274767967789,14
eyes,0.1477337954839034,0.2844320434674358,6,0.1366982479835324,7
sweet,0.1614247861964887,0.3504074620998303,3,0.1889826759033416,2
girl,0.16156717335558962,0.3075017950990798,7,0.1459346217434902,7
daughter,0.1640905495889455,0.3234897547169846,4,0.1593992051280391,3
turning,0.1642287887582204,0.3200909740801446,3,0.1558621853219242,2
baby,0.1664878156025849,0.292151319079054,3,0.1256635034764691,2
unfortunately,0.1666189637588163,0.2904024031261228,3,0.1237834393673065,2
dog,0.1670926237069924,0.2839473446686851,3,0.1168547209616927,2
racial,0.1688324352155531,0.2580027170770267,3,0.0891702818614736,2
used,0.16943660237728747,0.2806850847064682,5,0.1112484823291807,4
tortured,0.16957695540613948,0.334752596116778,2,0.1651756407106385,1
fair,0.1723259230467001,0.3036419816684518,2,0.1313160586217517,1
camera,0.17267086782012678,0.2993850250891807,2,0.1267141572690539,1
blonde,0.17325975906662988,0.291894282491664,2,0.1186345234250341,1
burn,0.17325975906662988,0.291894282491664,2,0.1186345234250341,1
leaves,0.1739654204887186,0.2825054764187287,2,0.1085400559300101,1
comments,0.17452841259830787,0.2746474206374366,2,0.1001190080391287,1
swedish,0.17513250932509822,0.2657971094335313,2,0.0906646001084331,1
tree,0.17526396788122098,0.2638073255718327,2,0.0885433576906117,1
heritage,0.1753889925966381,0.2618921069206765,2,0.0865031143240384,1
lived,0.1762113069006223,0.2486801593214795,2,0.0724688524208572,1
street,0.1765357114346695,0.2431334391611309,2,0.0665977277264614,1
son,0.1766820698379836,0.2405597486804233,2,0.0638776788424397,1
join,0.1775445089031713,0.2243289136775662,2,0.0467844047743949,1
teacher,0.1830686824272107,0.3440158610293218,8,0.1609471786021111,6
sister,0.1845881127865614,0.3270399263017867,5,0.1424518135152253,3
was,0.19235647754998142,0.383247995596434,44,0.1908915180464526,66
sorry,0.1955178121415528,0.3467002324812215,8,0.1511824203396687,5
lesson,0.20436933111662559,0.3268783569852727,3,0.1225090258686471,1
lady,0.207297587476052,0.2958409451666637,3,0.0885433576906117,1
beautiful,0.2133187651267333,0.2941267526097851,5,0.0808079874830518,2
her,0.3526269999425355,0.5014792892735155,61,0.14885228933098,17
she,0.5397748700303356,0.670042033380406,167,0.1302671633500704,11
