word,their-pmi
the,2.478506745988656
to,2.7182767981843825
i,2.16407786490396
and,2.8562846700912687
a,2.3714363614855603
of,2.869447126735828
in,2.8777488192186587
is,2.6723273973329427
it,2.6134103193536125
that,2.940590246669041
you,2.314194742586696
for,2.848035016033581
are,3.189690606308784
have,2.9767229229752346
on,2.8692137206280672
they,3.547153122807395
this,2.4654820259844223
white,2.76333715221768
s,2.6756022652238025
with,3.165959712412536
was,2.3149566473854577
my,2.131460729610363
all,3.011114194472881
be,2.853215216948392
but,2.8570517802811097
as,2.789480371038978
not,3.027493362563736
like,2.738398687581108
t,2.876564594504692
we,2.50754829610456
do,3.004047027249789
or,2.9820582570903493
if,2.8134355446545567
there,2.572606432738364
n,2.8483937175379954
their,5.3744269698913865
just,2.8154652025815983
at,2.970558357495745
will,2.896393509832261
so,3.138981212937353
from,2.80064595466478
your,2.669770181192012
out,2.73647580133401
people,3.408611315551068
them,3.597110749252752
about,3.1898835261511875
me,2.149258495133428
up,3.173349512097649
one,2.54536739457618
youtube,0.6832084939463926
would,2.764589900444055
can,3.0404146714206632
get,3.013090567146109
who,3.41563989433911
here,2.4984984605846416
by,3.1585186828461325
what,2.973556860492001
when,3.002544397365253
no,2.758924569216804
our,2.868872248881536
some,3.007924503996209
black,2.992156280728267
more,2.837354488561131
an,2.559867406960934
see,2.829651535728255
good,2.8456946605688302
m,2.241502198836305
he,1.4797084453336926
www,2.1090336938229184
has,2.90993373567931
whites,3.4227573621079737
know,3.1194831948963566
how,3.224435463967578
com,2.1122647144043647
go,2.592024518595465
been,2.831468066654653
time,2.791485585266116
other,2.992156280728267
think,3.162762766995801
had,3.089862946834645
were,2.9563315542101223
new,1.5393307043540947
her,2.012990644802941
only,3.2657536132983087
then,3.069043319052255
school,3.3081979074148378
these,3.28797675008302
should,3.1527302248949134
back,2.868872248881536
any,2.562792811290039
want,2.4154632319746514
because,3.659146140172204
us,2.9321344456595027
say,2.818441395254644
than,2.998522151317818
few,2.5389898219393787
http,2.45611923761578
well,2.8955953190222896
those,3.3582188409704026
now,2.722492713779165
race,3.5018005694484264
many,3.380582437057261
too,2.324145073439864
old,1.9321029856638403
very,2.779400846051044
day,2.547288624754074
his,2.1182930192357152
way,3.1727771568402043
its,2.489019716630098
kids,3.687670326298479
year,1.8006006772660983
years,2.503271739337299
she,1.814920731040847
around,3.2012150921607376
where,2.7704321760682835
even,3.621208300831812
never,2.937865120368488
over,2.7997025583683968
into,3.1251249588030245
got,2.809652889221565
blacks,3.597110749252752
am,2.5777478322387823
down,2.998797671363645
could,2.8556968277229715
every,3.2864797438154256
need,3.123960814317651
ve,2.3754383678274147
video,1.6928732965980062
going,2.791485585266116
great,2.7205603460281105
same,2.6361198384606896
news,2.9039635686928063
find,2.909473224503776
look,3.052574068144449
re,2.989121377033113
did,2.1473945616953647
also,3.0002946776312385
make,3.3569696215699705
anyone,3.0404146714206632
watch,2.8051177340561737
country,3.5427166771869527
live,2.3590323324403046
most,3.457644621108414
own,4.540256568430083
last,2.492563725064827
much,3.191645641144587
being,3.07009043956678
first,2.646495274837522
hope,2.5348661047555168
ll,2.665071660410457
why,3.113174025703092
looking,2.6713412734240527
him,1.5917771797266371
always,3.064545138850355
off,3.684122126242381
world,2.815168069909676
dont,2.917035650260159
home,3.66123527742229
show,2.605182603172976
non,3.097334961673346
right,3.240435805314019
take,3.483513571529046
thread,1.651200600197438
2,2.1688521890338284
ever,2.36496706796012
two,2.784418418043024
let,3.3094286768009704
which,3.4989187230735377
post,1.3089143937108054
1,1.7143795018189698
ireland,2.702481514159776
thing,3.269423342187271
stormfront,0.6303660125720127
jews,3.728788573227951
im,2.2471840323037355
come,2.955256863080357
man,2.0465133368415844
before,2.2696568881557946
said,3.065718847905284
put,3.065718847905284
something,2.4672459170805374
ago,2.474967963174448
really,2.888215211724667
little,3.4147891924587968
does,2.7861805330364224
maybe,3.345796320971845
children,4.233099515972748
after,3.025324425697073
area,2.6767466919909606
anything,2.5556568744245904
https,1.4654834544023452
long,2.1757250683215905
someone,3.363038127406351
nothing,2.589848239172869
d,2.407526682378915
saw,2.995313347281034
times,2.7527325989688824
start,1.92313431568108
read,2.9039635686928063
seen,3.0217466043491896
another,2.4339599394470706
yes,3.03071527433195
use,3.240435805314019
went,2.451978444949749
irish,2.940331212863681
talk,1.9595019598519547
3,2.256486424966049
still,2.949633605525994
free,2.256486424966049
place,2.661951533074214
while,3.076806381532217
forum,2.4984984605846416
_,0.8986299991666921
try,2.844540148222005
negro,2.8542020591337423
site,3.1055164874146484
against,3.1055164874146484
eyes,3.1055164874146484
found,2.7098075542518485
person,2.9974896267036297
org,1.611195265583739
bad,3.135075289656193
hate,2.547288624754074
work,2.557338960607575
sure,3.3559486924358635
friends,3.175897284176448
keep,3.0581142485200643
heard,2.9350541557628373
again,3.06858554838736
please,1.6822911872674693
anti,2.9350541557628373
town,2.780903475935579
such,2.791485585266116
group,2.791485585266116
women,3.207645982491028
jew,2.9563315542101223
since,2.1090336938229184
tv,1.0212323212590244
give,3.517068041579215
god,3.3347464847852604
actually,3.1116029334710507
guy,2.6526491404119
feel,3.240435805314019
name,3.251609105912144
next,2.663822441010025
city,2.440678889695816
house,2.451978444949749
things,3.011594232885172
ca,2.6751219962639587
schools,3.630633441291395
part,1.7702599602134264
girl,2.868872248881536
love,2.686550692087581
must,2.880433071282612
family,2.880433071282612
5,1.088673602054557
thanks,1.1003696418177482
africa,3.179811183497584
better,2.8921291110458034
hair,2.8921291110458034
nationalist,2.486664002937639
welcome,1.1003696418177482
made,1.7935168223776936
else,3.3094286768009704
brown,2.210816388132861
away,3.191645641144587
big,2.721642011898852
may,2.733618202945568
english,3.4267653835055123
far,2.2227925791795764
high,2.5104746516313576
trying,3.438886744037857
tell,3.5341969238421824
lot,2.2349139397119213
wonder,2.9280611202718667
american,2.522596012163702
thought,3.2280132853154617
today,2.940331212863681
stop,2.940331212863681
racist,3.0944818926909394
once,2.5348661047555168
life,3.3582188409704026
woman,2.7704321760682835
story,2.547288624754074
days,1.8541414441941284
money,3.463579356628229
used,2.547288624754074
music,2.259606552302293
together,2.783010958275144
looks,2.783010958275144
through,2.978071540846528
came,2.795749984052573
left,3.1451256255096944
hell,2.2978277651224905
crime,2.5985819191416244
probably,1.9186799653317
4,2.324145073439864
pretty,2.611827145891645
meet,1.9186799653317
check,1.2255327847717543
enough,2.6252501662237857
pm,1.9321029856638403
best,3.1848659541592084
help,3.4361803824401145
men,2.351173745827784
police,2.8619993695937738
believe,3.212264928347323
guess,2.87579269172611
europe,1.9734882018266944
different,2.8897789337008497
government,3.491750233594925
until,2.6808200173785965
public,3.240435805314019
etc,3.0862851254867607
though,3.240435805314019
half,2.002061574270751
nice,2.695208754830696
everyone,2.695208754830696
living,2.407526682378915
link,2.422125481800068
send,2.7098075542518485
soon,3.115272662360013
says,3.269423342187271
jewish,2.932951105566058
couple,2.932951105566058
fight,2.7246226400369893
least,3.130087748145153
each,2.7246226400369893
hear,2.947766191351199
child,2.7246226400369893
problem,3.130087748145153
canada,2.0465133368415844
called,3.1451256255096944
small,2.4672459170805374
hard,2.4672459170805374
south,2.754927989532318
themselves,3.565858205748647
yet,3.160393097640483
told,3.175897284176448
become,2.993575727382493
lol,1.384137814948393
coming,2.7704321760682835
doing,3.0093240843506326
skin,3.597110749252752
color,2.4984984605846416
death,2.093033352476477
support,3.207645982491028
real,2.802180874382864
stupid,3.3617966623182864
might,3.041584946568854
makes,3.830042306933124
truth,3.511588575814589
done,2.818441395254644
6,2.1252942146946987
hi,2.1252942146946987
beautiful,1.4321470341347535
10,2.530759322802864
getting,3.2239065033628083
attack,2.530759322802864
kid,3.2239065033628083
nation,2.8349706972058546
teachers,3.3945864851412773
culture,4.238072176642127
point,3.4113936034576584
girls,3.662708031738565
message,3.074921366836445
parents,4.660631718109591
history,2.868872248881536
front,3.4284880368169586
night,2.1757250683215905
state,3.092015800195746
media,3.445879779528828
yourself,1.4999696304735146
care,3.5794111721533506
end,2.19311681103346
both,3.109407542907615
young,3.463579356628229
german,2.210816388132861
asian,2.616281496241025
whole,2.210816388132861
fact,3.3094286768009704
seems,3.6151292547554297
move,2.6343000017437035
v,2.228834893635539
run,2.6343000017437035
full,2.6343000017437035
true,2.6343000017437035
wait,3.1451256255096944
countries,3.9335829858739646
word,1.5356877130755937
without,3.732912290411813
yeah,3.16347476417789
asians,2.6526491404119
weeks,2.2471840323037355
cause,2.940331212863681
call,3.16347476417789
under,2.2471840323037355
alone,2.6526491404119
idea,2.2471840323037355
000,2.2471840323037355
light,2.959023345875833
reason,3.182166897190043
water,3.652170526435779
having,3.518639133811256
kind,2.265876165315888
future,3.182166897190043
able,3.182166897190043
boy,2.6713412734240527
guys,3.182166897190043
america,2.959023345875833
open,3.182166897190043
teacher,2.265876165315888
others,3.3835366489546925
mean,2.690389468394747
racial,2.978071540846528
stuff,1.5917771797266371
war,1.5917771797266371
blood,2.978071540846528
goes,1.611195265583739
proud,3.80841984291996
mother,3.2206331780178394
european,2.7098075542518485
almost,2.7098075542518485
community,2.9974896267036297
blue,2.7098075542518485
remember,3.017292253999809
sorry,2.7296101815480283
speak,3.017292253999809
learn,3.828222470216138
everything,1.6309978928799187
picture,2.7296101815480283
lots,2.7296101815480283
html,1.6309978928799187
party,3.2606385126315387
videos,3.0374949613173285
students,3.442960069425493
already,2.749812888865548
food,3.442960069425493
between,1.651200600197438
negroes,3.597110749252752
100,3.0374949613173285
crap,3.463579356628229
during,2.7704321760682835
friend,1.6718198874001735
cant,2.7704321760682835
20,2.7704321760682835
wrong,1.6718198874001735
pride,3.2812577998342745
turn,3.3023112090321063
job,3.3023112090321063
gets,2.791485585266116
leave,3.484632765826061
st,2.386020477157952
oh,2.791485585266116
happy,1.6928732965980062
watching,1.6928732965980062
ones,3.63878344565332
stay,3.079167657717897
line,1.7143795018189698
behind,3.32381741425307
gun,1.7143795018189698
along,2.407526682378915
shows,2.81299179048708
class,2.81299179048708
face,3.506138971047025
brothers,3.1006738629388604
p,1.7143795018189698
e,2.407526682378915
across,3.1006738629388604
9,2.4295055890976904
book,1.736358408537745
pictures,2.8349706972058546
wanted,3.122652769657636
head,3.122652769657636
uk,1.736358408537745
myself,2.8349706972058546
band,1.736358408537745
french,2.4295055890976904
local,3.345796320971845
either,3.345796320971845
mixed,3.122652769657636
working,3.1451256255096944
started,2.857443553057913
sf,2.857443553057913
near,2.451978444949749
dr,1.7588312643898036
comes,2.857443553057913
don,2.857443553057913
talking,3.368269176823904
7,2.451978444949749
youth,2.451978444949749
side,3.391258695048603
dark,2.474967963174448
posted,1.7818207826145025
saying,3.573580251842557
members,3.391258695048603
took,3.597110749252752
using,3.7512614290800097
sad,2.4984984605846416
matter,2.4984984605846416
age,3.597110749252752
pass,3.4147891924587968
march,1.8053512800246965
land,3.4147891924587968
guns,3.191645641144587
murder,1.8053512800246965
page,2.9039635686928063
song,1.8053512800246965
rest,3.438886744037857
00,1.829448831603757
male,1.829448831603757
wants,3.438886744037857
law,2.9280611202718667
funny,3.77535898065907
christian,2.547288624754074
later,2.547288624754074
stand,2.952753732862238
information,3.240435805314019
internet,1.8541414441941284
genocide,2.952753732862238
british,2.952753732862238
poor,2.952753732862238
online,2.952753732862238
power,3.645900913422184
liberal,4.252036716992499
hand,3.463579356628229
thats,1.8541414441941284
exactly,2.952753732862238
b,3.2657536132983087
races,2.978071540846528
teach,1.8794592521784184
sent,2.572606432738364
father,2.978071540846528
change,3.2657536132983087
11,2.572606432738364
course,1.8794592521784184
university,1.8794592521784184
red,3.2657536132983087
gone,1.8794592521784184
tried,2.572606432738364
moved,3.2917290997015693
nordic,3.2917290997015693
western,2.5985819191416244
several,2.5985819191416244
son,1.905434738581679
article,3.514872651015779
mind,3.2917290997015693
places,1.905434738581679
board,2.5985819191416244
killed,2.6252501662237857
rather,3.541540898097941
wish,2.6252501662237857
ok,2.6252501662237857
wn,3.318397346783731
download,1.9321029856638403
50,2.6252501662237857
cannot,3.7238624548918953
happened,1.9321029856638403
scum,2.6252501662237857
brother,1.9321029856638403
means,1.9321029856638403
info,3.318397346783731
month,1.9321029856638403
system,1.9595019598519547
immigrants,3.905412108907268
set,3.345796320971845
street,2.6526491404119
three,1.9595019598519547
david,2.6526491404119
dead,3.345796320971845
texas,1.9595019598519547
case,3.345796320971845
past,3.5689398722860552
national,3.5689398722860552
dirty,3.0581142485200643
close,2.6526491404119
liberals,4.038943501531791
usually,3.5689398722860552
die,2.6808200173785965
eat,3.0862851254867607
green,1.987672836818651
pro,3.373967197938541
groups,3.373967197938541
kill,3.0862851254867607
making,3.0862851254867607
happen,3.373967197938541
minority,2.6808200173785965
lets,1.987672836818651
earth,3.0862851254867607
report,1.987672836818651
listen,3.0862851254867607
ple,1.987672836818651
posts,2.0166603736919035
website,3.626098286126004
radio,2.0166603736919035
knows,3.626098286126004
anyway,2.0166603736919035
quite,2.0166603736919035
gay,2.7098075542518485
12,2.0166603736919035
15,2.0166603736919035
wo,3.402954734811794
understand,3.402954734811794
o,3.115272662360013
interested,2.0166603736919035
f,2.0166603736919035
mine,2.0465133368415844
email,2.0465133368415844
example,2.0465133368415844
england,2.0465133368415844
words,3.1451256255096944
section,2.0465133368415844
outside,3.992423485896898
less,3.1451256255096944
especially,2.0465133368415844
click,2.0465133368415844
taking,4.12595487852142
co,2.0465133368415844
none,2.73966051740153
knew,2.0465133368415844
walk,2.73966051740153
interesting,2.077284995508338
instead,3.463579356628229
disgusting,3.175897284176448
25,3.175897284176448
important,3.175897284176448
sometimes,3.463579356628229
football,2.7704321760682835
above,2.7704321760682835
lived,2.077284995508338
holocaust,2.7704321760682835
dumb,3.175897284176448
nationalists,2.077284995508338
thinking,3.175897284176448
worse,3.495328054942809
sick,3.718471606257019
fighting,3.207645982491028
hundreds,2.1090336938229184
running,3.207645982491028
bit,3.207645982491028
bunch,3.718471606257019
8,2.802180874382864
list,3.207645982491028
cool,2.802180874382864
play,2.1090336938229184
north,2.802180874382864
bring,3.900793163050973
sports,2.1090336938229184
nations,4.054943842878232
population,2.1090336938229184
anymore,2.802180874382864
education,3.900793163050973
search,2.8349706972058546
mostly,2.8349706972058546
dog,2.141823516645909
everywhere,2.141823516645909
wife,3.240435805314019
fast,2.8349706972058546
society,2.8349706972058546
control,3.5281178777658
round,3.5281178777658
indeed,2.141823516645909
top,3.5281178777658
mixing,3.240435805314019
sister,3.5281178777658
laugh,3.7512614290800097
force,3.9335829858739646
israel,3.240435805314019
immigration,3.240435805314019
aryan,2.141823516645909
thousands,2.8349706972058546
hands,3.7512614290800097
fear,4.255166610001426
jesus,3.785162980755691
sounds,2.868872248881536
human,3.5620194294414813
order,3.967484537549646
reading,3.2743373569897005
fish,2.1757250683215905
sisters,3.2743373569897005
action,3.785162980755691
pet,2.1757250683215905
glad,2.1757250683215905
pay,2.868872248881536
perhaps,3.5620194294414813
plan,2.1757250683215905
beat,3.2743373569897005
net,2.1757250683215905
car,3.2743373569897005
britain,2.868872248881536
imagine,3.967484537549646
luck,2.1757250683215905
works,3.967484537549646
id,2.1757250683215905
possible,3.5620194294414813
female,2.210816388132861
act,2.9039635686928063
social,2.210816388132861
self,4.002575857360916
west,3.3094286768009704
killing,2.9039635686928063
within,3.3094286768009704
hours,3.3094286768009704
member,2.210816388132861
chinese,3.597110749252752
diversity,3.3094286768009704
animals,3.820254300566962
except,2.210816388132861
alot,2.210816388132861
millions,3.3094286768009704
books,3.3094286768009704
clean,3.6334783934236254
among,2.940331212863681
game,2.2471840323037355
gave,2.940331212863681
huge,3.6334783934236254
spread,3.6334783934236254
early,3.345796320971845
figure,3.856621944737836
body,2.2471840323037355
judge,3.345796320971845
large,2.940331212863681
l,2.2471840323037355
however,3.345796320971845
muslim,2.2471840323037355
respect,3.6334783934236254
according,3.345796320971845
summer,3.6334783934236254
lives,4.645079305102106
damn,2.940331212863681
built,3.6334783934236254
phone,2.2471840323037355
evil,4.038943501531791
follow,3.856621944737836
hit,3.6334783934236254
african,2.2471840323037355
lost,3.345796320971845
ethnic,2.940331212863681
number,2.940331212863681
save,2.978071540846528
ground,3.3835366489546925
five,3.671218721406473
giving,2.978071540846528
bus,2.2849243602865825
similar,2.978071540846528
scene,2.2849243602865825
sort,3.894362272720683
whatever,2.2849243602865825
showing,3.894362272720683
feet,3.3835366489546925
continue,3.671218721406473
door,3.671218721406473
mail,2.978071540846528
unfortunately,2.978071540846528
seem,3.3835366489546925
late,3.3835366489546925
event,2.2849243602865825
cut,3.3835366489546925
europeans,3.671218721406473
california,2.2849243602865825
create,3.671218721406473
movement,2.2849243602865825
middle,2.978071540846528
telling,3.017292253999809
note,3.017292253999809
metal,3.017292253999809
drug,3.017292253999809
numbers,2.324145073439864
bar,2.324145073439864
propaganda,3.4227573621079737
security,3.710439434559755
americans,3.4227573621079737
third,2.324145073439864
second,2.324145073439864
simply,3.4227573621079737
add,3.017292253999809
cross,3.4227573621079737
brought,3.017292253999809
language,3.9335829858739646
heritage,4.156726537188174
grow,3.7512614290800097
attention,3.0581142485200643
civilization,4.156726537188174
given,3.9744049803942194
happens,3.463579356628229
northern,3.0581142485200643
violent,2.36496706796012
hopefully,2.36496706796012
jobs,3.7512614290800097
million,2.36496706796012
slavic,3.0581142485200643
duke,2.36496706796012
broadcast,3.0581142485200643
four,2.36496706796012
mr,2.36496706796012
k,3.0581142485200643
families,4.5621916452963385
18,2.36496706796012
below,3.463579356628229
moment,2.36496706796012
victims,3.0581142485200643
stick,2.36496706796012
major,3.1006738629388604
majority,3.793821043498806
sign,3.506138971047025
russian,3.506138971047025
russia,2.407526682378915
fun,2.407526682378915
folks,3.1006738629388604
based,3.506138971047025
facebook,3.506138971047025
wondering,3.1006738629388604
hide,4.19928615160697
r,2.407526682378915
photo,2.407526682378915
bet,3.506138971047025
ive,3.1006738629388604
san,3.1006738629388604
version,2.407526682378915
apes,2.451978444949749
allowed,3.5505907336178586
heart,2.451978444949749
cheap,3.5505907336178586
wake,4.061416357383849
celtic,3.83827280606964
throw,3.5505907336178586
mass,3.1451256255096944
2012,2.451978444949749
drink,3.5505907336178586
dogs,3.83827280606964
camp,3.1451256255096944
enemies,4.061416357383849
hang,3.5505907336178586
forced,3.5505907336178586
church,3.1451256255096944
lie,3.1451256255096944
arrested,2.451978444949749
chicago,2.451978444949749
playing,4.061416357383849
mud,2.451978444949749
mention,2.451978444949749
nationalism,3.5505907336178586
including,4.061416357383849
gods,3.83827280606964
swedish,2.451978444949749
cities,3.5505907336178586
met,3.1451256255096944
boys,4.061416357383849
often,3.83827280606964
moving,3.1451256255096944
hoping,3.5505907336178586
shame,4.061416357383849
worth,2.451978444949749
nature,3.1451256255096944
somewhere,2.4984984605846416
decided,2.4984984605846416
pick,3.597110749252752
happening,2.4984984605846416
art,3.191645641144587
straight,3.191645641144587
dna,2.4984984605846416
gonna,2.4984984605846416
paper,3.191645641144587
certain,2.4984984605846416
events,4.107936373018742
obama,2.4984984605846416
born,2.4984984605846416
seeing,3.597110749252752
promote,2.4984984605846416
text,3.597110749252752
daughter,3.597110749252752
eating,3.597110749252752
till,2.4984984605846416
c,2.4984984605846416
hispanic,2.4984984605846416
shooting,3.191645641144587
strong,3.191645641144587
sitting,3.597110749252752
ukraine,2.4984984605846416
hitler,2.4984984605846416
evidence,3.191645641144587
enemy,3.191645641144587
shoot,2.4984984605846416
minister,3.191645641144587
longer,3.191645641144587
store,2.547288624754074
stories,4.156726537188174
john,2.547288624754074
build,3.240435805314019
needs,2.547288624754074
itself,3.240435805314019
simple,3.240435805314019
ass,3.240435805314019
main,3.645900913422184
native,3.645900913422184
animal,3.240435805314019
16,2.547288624754074
wp,3.645900913422184
homes,4.339048093982129
apparently,3.645900913422184
thousand,2.547288624754074
active,3.240435805314019
ape,2.547288624754074
plus,4.493198773809387
military,3.240435805314019
allow,3.645900913422184
norway,2.547288624754074
doubt,3.240435805314019
asked,3.240435805314019
present,2.547288624754074
bible,3.240435805314019
2009,2.547288624754074
kick,3.240435805314019
claim,3.645900913422184
christ,2.547288624754074
genetic,2.547288624754074
x,2.547288624754074
humans,3.645900913422184
claims,3.9848762802615134
japanese,2.5985819191416244
level,3.2917290997015693
jail,2.5985819191416244
wear,3.2917290997015693
computer,3.697194207809734
stock,3.2917290997015693
business,3.9848762802615134
foreign,2.5985819191416244
finally,2.5985819191416244
classes,2.5985819191416244
traitors,3.2917290997015693
source,3.2917290997015693
break,3.2917290997015693
houses,3.697194207809734
spent,3.2917290997015693
heads,4.678023460821461
worst,3.697194207809734
safe,3.2917290997015693
television,2.5985819191416244
mate,2.5985819191416244
center,2.5985819191416244
space,2.5985819191416244
eventually,3.2917290997015693
certainly,3.2917290997015693
notice,3.9848762802615134
defend,3.2917290997015693
team,3.2917290997015693
reality,2.5985819191416244
upon,3.2917290997015693
consider,3.2917290997015693
anywhere,2.5985819191416244
rape,2.5985819191416244
definitely,3.2917290997015693
muslims,3.697194207809734
absolutely,2.5985819191416244
btw,3.2917290997015693
index,2.5985819191416244
carry,2.5985819191416244
yellow,2.5985819191416244
cars,3.9848762802615134
jpg,3.2917290997015693
deal,2.5985819191416244
zionist,2.5985819191416244
aids,3.2917290997015693
fed,3.2917290997015693
females,4.038943501531791
explain,2.6526491404119
ready,3.345796320971845
normal,3.345796320971845
candy,2.6526491404119
learning,2.6526491404119
starts,2.6526491404119
filth,3.345796320971845
reported,3.345796320971845
court,2.6526491404119
racism,2.6526491404119
soul,3.345796320971845
web,2.6526491404119
sun,3.345796320971845
13,3.7512614290800097
communities,4.038943501531791
tired,3.345796320971845
average,3.7512614290800097
2010,2.6526491404119
garbage,3.7512614290800097
welfare,4.038943501531791
gang,2.6526491404119
shall,2.6526491404119
inside,3.345796320971845
acting,3.345796320971845
stopped,3.345796320971845
completely,3.345796320971845
situation,3.7512614290800097
date,4.038943501531791
prison,2.6526491404119
beer,3.345796320971845
views,4.262087052846001
breed,3.345796320971845
following,4.038943501531791
sit,4.038943501531791
whether,2.7098075542518485
hold,3.402954734811794
ways,3.80841984291996
private,3.402954734811794
personal,2.7098075542518485
border,3.80841984291996
study,3.402954734811794
organization,2.7098075542518485
teaching,2.7098075542518485
bought,2.7098075542518485
beaten,2.7098075542518485
abuse,4.096101915371739
minds,4.655717703307162
angry,3.402954734811794
germans,3.402954734811794
strange,2.7098075542518485
africans,3.80841984291996
bbc,2.7098075542518485
ghetto,2.7098075542518485
murdered,2.7098075542518485
expect,3.402954734811794
exist,3.80841984291996
fine,2.7098075542518485
involved,3.80841984291996
reply,2.7098075542518485
six,2.7098075542518485
trouble,3.402954734811794
attacks,2.7098075542518485
didnt,3.402954734811794
lies,3.402954734811794
fire,3.402954734811794
sell,3.80841984291996
realize,3.80841984291996
experience,3.80841984291996
speaking,3.402954734811794
station,3.402954734811794
quickly,3.80841984291996
cop,2.7098075542518485
poster,3.463579356628229
ns,2.7704321760682835
anybody,2.7704321760682835
compared,3.463579356628229
grade,3.869044464736393
miles,2.7704321760682835
king,4.379870088502384
update,2.7704321760682835
growing,2.7704321760682835
sexual,2.7704321760682835
surprise,3.463579356628229
charge,3.463579356628229
gotten,2.7704321760682835
project,2.7704321760682835
speed,3.463579356628229
massive,3.463579356628229
cultural,3.463579356628229
multiculturalism,3.463579356628229
faces,4.849873717748119
amongst,2.7704321760682835
mess,3.869044464736393
fellow,2.7704321760682835
president,2.7704321760682835
symbol,2.7704321760682835
educate,3.463579356628229
tend,3.463579356628229
sense,4.156726537188174
intelligent,3.463579356628229
interest,2.7704321760682835
unless,3.463579356628229
taught,3.463579356628229
suspect,3.463579356628229
suppose,3.463579356628229
illegal,3.463579356628229
nor,2.7704321760682835
lead,3.463579356628229
yahoo,2.8349706972058546
greatest,2.8349706972058546
fall,3.9335829858739646
names,3.9335829858739646
folk,2.8349706972058546
cops,2.8349706972058546
violence,2.8349706972058546
island,3.9335829858739646
service,3.5281178777658
pics,3.5281178777658
300,2.8349706972058546
false,3.9335829858739646
rule,3.5281178777658
political,2.8349706972058546
arms,4.221265058325745
destroy,3.9335829858739646
share,3.5281178777658
indians,2.8349706972058546
polish,2.8349706972058546
ignore,2.8349706972058546
soldiers,3.5281178777658
known,2.8349706972058546
takes,3.5281178777658
politics,2.8349706972058546
values,4.444408609639955
write,3.5281178777658
percent,3.5281178777658
driving,3.5281178777658
low,2.8349706972058546
easy,3.9335829858739646
spirit,3.5281178777658
noticed,2.8349706972058546
putting,3.9335829858739646
mexicans,2.8349706972058546
wearing,4.221265058325745
standing,3.5281178777658
difference,3.5281178777658
spend,3.5281178777658
leaves,2.8349706972058546
ancestors,4.444408609639955
opinion,3.5281178777658
protect,3.5281178777658
properly,2.8349706972058546
accept,2.8349706972058546
obviously,2.9039635686928063
fit,2.9039635686928063
actual,2.9039635686928063
tens,3.597110749252752
churches,4.002575857360916
17,2.9039635686928063
floor,2.9039635686928063
filthy,3.597110749252752
males,3.597110749252752
buying,2.9039635686928063
topic,2.9039635686928063
opened,4.290257929812697
religion,2.9039635686928063
sex,2.9039635686928063
considered,2.9039635686928063
fault,3.597110749252752
fake,2.9039635686928063
foot,3.597110749252752
restaurant,2.9039635686928063
ice,2.9039635686928063
meant,2.9039635686928063
monkeys,2.9039635686928063
identity,3.597110749252752
rules,2.9039635686928063
bnp,2.9039635686928063
hundred,2.9039635686928063
style,3.597110749252752
base,3.597110749252752
russians,4.290257929812697
whenever,2.9039635686928063
easier,2.9039635686928063
friday,2.9039635686928063
ugly,2.9039635686928063
honour,3.597110749252752
avoid,2.9039635686928063
towns,2.9039635686928063
victim,2.9039635686928063
songs,4.513401481126906
latest,3.597110749252752
languages,3.597110749252752
apartment,3.597110749252752
walking,3.597110749252752
species,2.9039635686928063
reasons,2.9039635686928063
mexican,2.9039635686928063
tells,3.597110749252752
70,2.9039635686928063
various,2.978071540846528
wiggers,2.978071540846528
rights,3.671218721406473
duty,2.978071540846528
further,2.978071540846528
official,2.978071540846528
lose,2.978071540846528
agenda,4.364365901966418
dublin,3.671218721406473
plans,3.671218721406473
decent,2.978071540846528
prime,2.978071540846528
generations,4.587509453280628
hurt,2.978071540846528
drugs,2.978071540846528
bs,2.978071540846528
skills,2.978071540846528
ages,2.978071540846528
calling,4.0766838295146375
islam,2.978071540846528
wont,3.671218721406473
bigger,3.671218721406473
weather,2.978071540846528
currently,2.978071540846528
christians,2.978071540846528
willing,4.0766838295146375
foreigners,2.978071540846528
figures,2.978071540846528
raise,4.0766838295146375
listening,2.978071540846528
knife,3.671218721406473
aware,2.978071540846528
peoples,4.0766838295146375
press,2.978071540846528
somehow,2.978071540846528
feed,2.978071540846528
credit,2.978071540846528
usual,4.0766838295146375
areas,3.671218721406473
glory,2.978071540846528
hop,3.671218721406473
scale,2.978071540846528
arabs,2.978071540846528
marriage,4.0766838295146375
laughing,4.0766838295146375
pray,2.978071540846528
print,2.978071540846528
special,2.978071540846528
degree,2.978071540846528
jump,3.671218721406473
suggest,3.671218721406473
yard,2.978071540846528
serious,2.978071540846528
shop,2.978071540846528
sa,2.978071540846528
slavs,3.7512614290800097
forgot,3.0581142485200643
spanish,3.0581142485200643
greece,3.0581142485200643
burn,4.444408609639955
hispanics,4.156726537188174
openly,4.444408609639955
bodies,4.667552160954165
mouth,3.0581142485200643
hardly,3.0581142485200643
parts,3.0581142485200643
mexico,3.0581142485200643
cow,3.0581142485200643
research,3.7512614290800097
step,3.0581142485200643
focus,3.0581142485200643
super,3.7512614290800097
steel,3.7512614290800097
32,3.0581142485200643
dangerous,4.156726537188174
smart,3.0581142485200643
24,3.0581142485200643
everybody,3.0581142485200643
nose,3.0581142485200643
monkey,4.444408609639955
became,3.0581142485200643
wtf,3.0581142485200643
poles,3.0581142485200643
designed,3.7512614290800097
dozen,3.0581142485200643
ignorant,3.0581142485200643
rap,3.7512614290800097
houston,3.0581142485200643
iceland,3.7512614290800097
oil,3.7512614290800097
shown,3.0581142485200643
twice,3.7512614290800097
breeding,3.7512614290800097
loved,4.156726537188174
creatures,4.156726537188174
honor,3.0581142485200643
dollars,3.7512614290800097
passed,3.0581142485200643
destruction,4.156726537188174
beliefs,3.7512614290800097
bright,3.7512614290800097
blame,3.7512614290800097
gotta,3.0581142485200643
swedes,3.0581142485200643
behavior,4.444408609639955
warm,3.0581142485200643
agreed,3.0581142485200643
wild,3.0581142485200643
indian,4.156726537188174
onto,3.0581142485200643
issue,3.7512614290800097
meeting,3.7512614290800097
nonwhites,3.0581142485200643
blonde,3.0581142485200643
hearing,3.0581142485200643
legal,3.7512614290800097
department,3.0581142485200643
theres,3.0581142485200643
window,3.0581142485200643
somebody,4.156726537188174
ends,3.0581142485200643
block,4.156726537188174
famous,3.0581142485200643
asking,3.7512614290800097
card,3.1451256255096944
birth,3.83827280606964
skins,3.1451256255096944
educated,4.243737914177804
carrying,4.243737914177804
decide,4.243737914177804
taste,3.83827280606964
broke,3.1451256255096944
india,3.1451256255096944
visit,3.1451256255096944
aid,3.1451256255096944
posters,3.1451256255096944
sight,3.1451256255096944
pic,3.1451256255096944
ourselves,3.1451256255096944
afraid,3.1451256255096944
zoo,3.83827280606964
whats,3.83827280606964
wall,3.1451256255096944
nonwhite,3.83827280606964
tape,3.83827280606964
bell,3.1451256255096944
ancient,4.243737914177804
facts,3.1451256255096944
documentary,3.1451256255096944
mark,3.1451256255096944
record,3.1451256255096944
marxist,3.1451256255096944
sake,3.1451256255096944
goals,3.1451256255096944
becoming,3.83827280606964
cases,3.1451256255096944
dress,4.243737914177804
armenians,3.1451256255096944
brainwashed,4.531419986629585
wanting,3.83827280606964
pair,3.1451256255096944
sadly,3.83827280606964
worthless,3.1451256255096944
property,3.1451256255096944
pure,3.83827280606964
authorities,4.243737914177804
purpose,3.1451256255096944
table,3.1451256255096944
pushed,3.83827280606964
lesson,3.1451256255096944
centre,3.83827280606964
letting,4.531419986629585
bank,3.240435805314019
okay,3.240435805314019
screen,3.9335829858739646
leaving,3.240435805314019
idiots,3.240435805314019
fathers,4.6267301664339096
helping,3.240435805314019
naturally,3.240435805314019
turns,3.240435805314019
schooling,3.240435805314019
hall,3.240435805314019
supporting,3.9335829858739646
evening,3.9335829858739646
pt,3.240435805314019
cats,3.240435805314019
due,4.339048093982129
host,3.9335829858739646
knocked,3.240435805314019
rapes,3.240435805314019
forcing,4.849873717748119
moscow,3.240435805314019
practice,3.240435805314019
draw,3.9335829858739646
germanic,3.240435805314019
homosexuals,3.9335829858739646
likes,3.240435805314019
lucky,3.240435805314019
drinking,3.9335829858739646
disease,3.240435805314019
pre,3.240435805314019
thrown,3.240435805314019
types,3.240435805314019
owned,3.240435805314019
degrees,3.9335829858739646
zero,3.240435805314019
200,3.240435805314019
georgia,3.240435805314019
encourage,3.240435805314019
died,3.9335829858739646
euro,3.9335829858739646
supposed,3.240435805314019
access,3.240435805314019
prove,3.240435805314019
husband,3.240435805314019
counter,3.240435805314019
biggest,3.9335829858739646
saturday,3.240435805314019
office,4.339048093982129
sources,3.240435805314019
az,3.9335829858739646
whitey,4.339048093982129
sunday,3.240435805314019
updated,3.240435805314019
ahead,3.9335829858739646
waiting,3.9335829858739646
knights,3.9335829858739646
remove,3.240435805314019
checked,3.240435805314019
dating,3.9335829858739646
kiss,3.240435805314019
alliance,3.240435805314019
married,3.9335829858739646
definition,3.240435805314019
higher,3.240435805314019
survive,3.9335829858739646
newspaper,3.240435805314019
skinheads,3.240435805314019
bloody,3.9335829858739646
jack,3.240435805314019
bottom,3.240435805314019
damage,3.240435805314019
doesnt,3.240435805314019
earlier,3.240435805314019
forget,3.9335829858739646
savage,3.9335829858739646
vile,4.339048093982129
85,3.240435805314019
careful,3.240435805314019
walked,3.240435805314019
ours,3.240435805314019
range,3.240435805314019
role,3.9335829858739646
states,3.240435805314019
camera,3.240435805314019
pull,3.240435805314019
easily,3.240435805314019
material,3.9335829858739646
parent,4.6267301664339096
keeps,3.240435805314019
largest,3.9335829858739646
nigeria,3.240435805314019
contact,3.9335829858739646
negroid,3.240435805314019
tuesday,3.240435805314019
uses,4.038943501531791
stayed,4.038943501531791
proof,3.345796320971845
smoke,3.345796320971845
farm,3.345796320971845
council,3.345796320971845
regardless,3.345796320971845
concerned,4.038943501531791
actions,4.038943501531791
grand,4.038943501531791
dancing,3.345796320971845
settle,4.038943501531791
arab,3.345796320971845
committed,3.345796320971845
besides,3.345796320971845
plenty,3.345796320971845
goyim,4.444408609639955
homosexuality,4.038943501531791
homosexual,4.038943501531791
seek,3.345796320971845
homo,3.345796320971845
target,3.345796320971845
companies,3.345796320971845
wpww,3.345796320971845
tribe,4.038943501531791
acts,3.345796320971845
dedicated,4.038943501531791
holiday,4.038943501531791
lunch,3.345796320971845
complain,4.955234233405946
claiming,4.038943501531791
standard,3.345796320971845
weight,3.345796320971845
worked,4.038943501531791
games,4.038943501531791
turkey,3.345796320971845
afternoon,4.038943501531791
daily,4.038943501531791
entertainment,4.038943501531791
via,4.038943501531791
birthday,3.345796320971845
held,3.345796320971845
won,3.345796320971845
corps,3.345796320971845
treat,4.444408609639955
hated,3.345796320971845
francisco,3.345796320971845
innocent,3.345796320971845
rich,4.038943501531791
position,3.345796320971845
destroyed,3.345796320971845
hates,4.038943501531791
pool,3.345796320971845
stood,4.444408609639955
neighbors,3.345796320971845
ladies,3.345796320971845
quit,4.038943501531791
minorities,3.345796320971845
trial,3.345796320971845
superiority,4.444408609639955
bread,3.345796320971845
slowly,4.038943501531791
33,3.345796320971845
voice,3.345796320971845
yours,3.345796320971845
iq,3.345796320971845
sacrifice,4.038943501531791
jumped,3.345796320971845
shocking,4.038943501531791
beast,4.038943501531791
mtv,3.345796320971845
aol,3.345796320971845
nowadays,4.038943501531791
losing,4.732090682091736
thus,4.038943501531791
gays,3.345796320971845
knowing,3.345796320971845
butter,4.444408609639955
decades,4.038943501531791
fools,3.345796320971845
gene,3.345796320971845
generation,3.345796320971845
knowledge,4.038943501531791
yea,3.345796320971845
description,4.038943501531791
genes,4.038943501531791
pakis,3.345796320971845
arrest,3.345796320971845
guards,3.463579356628229
hanging,3.463579356628229
seconds,3.463579356628229
toe,3.463579356628229
choice,4.156726537188174
pc,3.463579356628229
sport,3.463579356628229
excuse,3.463579356628229
existence,3.463579356628229
express,3.463579356628229
extreme,3.463579356628229
perfect,3.463579356628229
citizens,3.463579356628229
distance,3.463579356628229
officers,3.463579356628229
thick,3.463579356628229
celebrate,3.463579356628229
deserve,3.463579356628229
slaves,4.849873717748119
burning,3.463579356628229
fought,4.156726537188174
singing,4.156726537188174
broken,3.463579356628229
catholic,3.463579356628229
brainwashing,3.463579356628229
conservative,3.463579356628229
natives,4.156726537188174
sheep,3.463579356628229
busy,3.463579356628229
2003,3.463579356628229
sons,3.463579356628229
yt,3.463579356628229
features,4.156726537188174
newsroom,3.463579356628229
flesh,4.156726537188174
united,4.156726537188174
waste,3.463579356628229
released,3.463579356628229
risk,4.156726537188174
background,3.463579356628229
remain,4.156726537188174
heroes,3.463579356628229
hero,3.463579356628229
beasts,4.156726537188174
progress,3.463579356628229
acceptable,3.463579356628229
argument,3.463579356628229
heaven,3.463579356628229
israeli,3.463579356628229
homelands,4.849873717748119
belief,3.463579356628229
attitude,3.463579356628229
croatia,3.463579356628229
satan,3.463579356628229
alive,3.463579356628229
dawn,3.463579356628229
advance,3.463579356628229
polite,3.463579356628229
pale,3.463579356628229
holy,3.463579356628229
kosher,3.463579356628229
loose,3.463579356628229
searching,3.463579356628229
rüütel,3.463579356628229
ruined,3.463579356628229
anyways,4.156726537188174
courses,3.463579356628229
led,3.463579356628229
lately,4.156726537188174
lads,3.463579356628229
ban,3.463579356628229
worry,3.463579356628229
current,3.463579356628229
bands,3.463579356628229
interracial,4.290257929812697
officials,3.597110749252752
wigger,3.597110749252752
sticking,3.597110749252752
hungarians,3.597110749252752
interview,3.597110749252752
pants,4.695723037920861
neck,3.597110749252752
despite,4.290257929812697
impression,3.597110749252752
punch,3.597110749252752
impossible,4.290257929812697
gangs,4.290257929812697
baltic,3.597110749252752
agents,4.290257929812697
balls,3.597110749252752
roman,3.597110749252752
display,4.983405110372642
include,3.597110749252752
independent,3.597110749252752
neighborhoods,4.290257929812697
bach,3.597110749252752
neighbor,3.597110749252752
eastern,3.597110749252752
pressure,3.597110749252752
particularly,3.597110749252752
individuals,3.597110749252752
status,3.597110749252752
steve,3.597110749252752
train,4.290257929812697
kicked,3.597110749252752
celebrated,3.597110749252752
failed,4.290257929812697
refused,3.597110749252752
choose,4.290257929812697
jungle,3.597110749252752
stare,3.597110749252752
chosen,4.290257929812697
anime,3.597110749252752
80,3.597110749252752
announced,3.597110749252752
supremacists,3.597110749252752
devil,3.597110749252752
trick,4.290257929812697
asylum,3.597110749252752
suspected,4.290257929812697
tries,4.695723037920861
finger,3.597110749252752
resistance,3.597110749252752
election,3.597110749252752
restaurants,3.597110749252752
petition,3.597110749252752
feeding,3.597110749252752
religious,4.290257929812697
christianity,3.597110749252752
articles,3.597110749252752
perspective,3.597110749252752
memories,3.597110749252752
nigerian,3.597110749252752
fill,4.290257929812697
allowing,3.597110749252752
awful,4.290257929812697
setting,3.597110749252752
sending,5.206548661686852
plain,3.597110749252752
borders,3.597110749252752
handed,4.695723037920861
suggestions,3.597110749252752
multicultural,3.597110749252752
commit,3.597110749252752
successful,4.290257929812697
scandinavia,3.597110749252752
bitch,3.597110749252752
poison,3.597110749252752
2nd,3.597110749252752
otherwise,3.597110749252752
originally,3.597110749252752
pathetic,3.597110749252752
groids,3.597110749252752
success,4.290257929812697
highly,3.597110749252752
score,3.597110749252752
pig,3.597110749252752
shaved,3.597110749252752
policy,3.597110749252752
sucks,3.597110749252752
mary,4.290257929812697
threat,3.597110749252752
shops,3.597110749252752
affirmative,4.695723037920861
bombers,3.597110749252752
hip,3.597110749252752
thoughts,4.290257929812697
thanksgiving,3.597110749252752
advanced,3.597110749252752
direction,3.7512614290800097
relief,4.444408609639955
feelings,3.7512614290800097
yrs,3.7512614290800097
arrived,3.7512614290800097
relatives,3.7512614290800097
tom,3.7512614290800097
baseball,3.7512614290800097
bones,3.7512614290800097
canadians,3.7512614290800097
reports,3.7512614290800097
tribes,4.444408609639955
nasty,3.7512614290800097
disagree,3.7512614290800097
wednesday,3.7512614290800097
citizen,3.7512614290800097
content,3.7512614290800097
orlando,3.7512614290800097
soft,4.444408609639955
served,4.444408609639955
fi,3.7512614290800097
master,4.849873717748119
corp,3.7512614290800097
asses,5.36069934151411
hating,3.7512614290800097
rate,4.849873717748119
accomplish,3.7512614290800097
hatred,3.7512614290800097
concern,4.444408609639955
constantly,3.7512614290800097
tradition,4.444408609639955
warrior,4.444408609639955
wasn,4.849873717748119
spin,3.7512614290800097
wipe,3.7512614290800097
suffer,3.7512614290800097
everyday,3.7512614290800097
dies,3.7512614290800097
chechen,3.7512614290800097
division,3.7512614290800097
owners,3.7512614290800097
toward,3.7512614290800097
whom,4.444408609639955
appearance,3.7512614290800097
farmers,3.7512614290800097
cute,3.7512614290800097
energy,3.7512614290800097
oppose,3.7512614290800097
cry,3.7512614290800097
professor,3.7512614290800097
players,4.444408609639955
pizza,3.7512614290800097
favor,3.7512614290800097
tools,4.444408609639955
orthodox,3.7512614290800097
precisely,3.7512614290800097
wing,3.7512614290800097
selling,3.7512614290800097
communist,4.444408609639955
opinions,4.444408609639955
traitor,3.7512614290800097
scores,3.7512614290800097
teenagers,4.444408609639955
01,3.7512614290800097
ability,4.444408609639955
primitive,3.7512614290800097
pointed,3.7512614290800097
cook,3.7512614290800097
context,3.7512614290800097
nearest,3.7512614290800097
revealing,3.7512614290800097
brave,3.7512614290800097
classroom,3.7512614290800097
teens,4.444408609639955
founded,3.7512614290800097
ghost,3.7512614290800097
measure,3.7512614290800097
becomes,3.7512614290800097
locals,4.444408609639955
glass,3.7512614290800097
funds,3.7512614290800097
ship,3.7512614290800097
lower,3.7512614290800097
sheet,3.7512614290800097
size,3.7512614290800097
bedroom,3.7512614290800097
img,3.7512614290800097
immediately,3.7512614290800097
indoctrination,3.7512614290800097
stone,3.7512614290800097
brains,3.7512614290800097
safety,3.7512614290800097
oklahoma,3.7512614290800097
strict,3.7512614290800097
pigs,3.7512614290800097
throat,3.7512614290800097
downloads,4.444408609639955
basketball,3.7512614290800097
ye,3.7512614290800097
smarter,3.7512614290800097
twisted,3.7512614290800097
claimed,4.444408609639955
basis,3.7512614290800097
desert,3.7512614290800097
sleep,4.444408609639955
result,3.7512614290800097
downloaded,4.444408609639955
discussion,3.7512614290800097
brings,3.7512614290800097
lips,4.444408609639955
introduce,3.7512614290800097
darker,3.7512614290800097
adopt,4.444408609639955
doctors,3.9335829858739646
pretending,3.9335829858739646
suit,3.9335829858739646
commie,4.6267301664339096
offspring,4.6267301664339096
lebanese,3.9335829858739646
storm,3.9335829858739646
eternal,3.9335829858739646
prevent,3.9335829858739646
meanwhile,4.6267301664339096
agency,3.9335829858739646
racists,4.6267301664339096
clothes,5.032195274542074
ethnics,3.9335829858739646
leaders,4.6267301664339096
loves,4.6267301664339096
pub,3.9335829858739646
accounts,5.032195274542074
strength,3.9335829858739646
process,4.6267301664339096
elderly,4.6267301664339096
toilet,3.9335829858739646
tolerance,3.9335829858739646
protest,4.6267301664339096
cowardly,3.9335829858739646
mainly,4.6267301664339096
libtards,3.9335829858739646
dung,3.9335829858739646
library,3.9335829858739646
adding,3.9335829858739646
columbus,3.9335829858739646
enjoyed,3.9335829858739646
tool,3.9335829858739646
amendment,3.9335829858739646
weak,4.6267301664339096
disgrace,3.9335829858739646
thugs,3.9335829858739646
teams,5.032195274542074
mercy,4.6267301664339096
peanut,3.9335829858739646
colleges,3.9335829858739646
pupils,3.9335829858739646
patrol,5.319877346993855
alright,3.9335829858739646
opening,3.9335829858739646
edge,3.9335829858739646
preserving,4.6267301664339096
gear,3.9335829858739646
contribution,3.9335829858739646
shoulder,3.9335829858739646
testing,3.9335829858739646
worldwide,4.6267301664339096
declare,3.9335829858739646
nazis,3.9335829858739646
inhabitants,4.6267301664339096
skinny,3.9335829858739646
instant,3.9335829858739646
daughters,4.6267301664339096
slang,3.9335829858739646
intellectual,3.9335829858739646
intention,3.9335829858739646
influence,3.9335829858739646
included,3.9335829858739646
monitor,4.6267301664339096
situations,3.9335829858739646
buildings,3.9335829858739646
2015,3.9335829858739646
deport,3.9335829858739646
30s,3.9335829858739646
helped,3.9335829858739646
serbian,3.9335829858739646
wrestling,3.9335829858739646
blank,3.9335829858739646
multiply,4.6267301664339096
harsh,3.9335829858739646
plates,3.9335829858739646
hearts,5.032195274542074
scumbags,3.9335829858739646
swim,3.9335829858739646
headed,3.9335829858739646
denied,3.9335829858739646
narrative,4.6267301664339096
nationality,3.9335829858739646
shed,3.9335829858739646
275,3.9335829858739646
ufc,3.9335829858739646
users,3.9335829858739646
shift,3.9335829858739646
shave,3.9335829858739646
grateful,4.6267301664339096
uploads,3.9335829858739646
motivated,3.9335829858739646
grades,3.9335829858739646
boots,3.9335829858739646
goverment,3.9335829858739646
slave,4.6267301664339096
dat,3.9335829858739646
category,3.9335829858739646
argue,3.9335829858739646
yup,4.6267301664339096
caused,3.9335829858739646
falling,3.9335829858739646
fence,3.9335829858739646
tan,3.9335829858739646
fags,3.9335829858739646
reds,3.9335829858739646
cost,3.9335829858739646
fascist,3.9335829858739646
possession,3.9335829858739646
joining,3.9335829858739646
yr,3.9335829858739646
talked,3.9335829858739646
forgotten,3.9335829858739646
favorites,3.9335829858739646
nnn,3.9335829858739646
recommend,3.9335829858739646
reached,3.9335829858739646
labor,3.9335829858739646
killers,3.9335829858739646
kingdom,4.6267301664339096
overwhelming,3.9335829858739646
extinction,3.9335829858739646
exposed,3.9335829858739646
apologize,3.9335829858739646
cure,3.9335829858739646
2007,3.9335829858739646
conflict,3.9335829858739646
cameras,3.9335829858739646
footage,3.9335829858739646
invasion,3.9335829858739646
firearm,3.9335829858739646
represents,3.9335829858739646
responsibility,3.9335829858739646
italians,3.9335829858739646
confused,3.9335829858739646
attending,3.9335829858739646
daniel,3.9335829858739646
theirs,3.9335829858739646
followed,3.9335829858739646
camps,3.9335829858739646
remains,3.9335829858739646
treated,3.9335829858739646
fields,3.9335829858739646
intrested,3.9335829858739646
virtually,3.9335829858739646
candidates,4.6267301664339096
assaulting,3.9335829858739646
reporters,3.9335829858739646
corner,3.9335829858739646
cs,4.156726537188174
suffering,4.156726537188174
demographic,4.156726537188174
taxes,4.156726537188174
destroying,4.156726537188174
talent,4.156726537188174
ought,4.156726537188174
parasites,4.156726537188174
dig,4.156726537188174
desperate,4.156726537188174
degenerate,4.156726537188174
crying,4.156726537188174
departments,4.849873717748119
crotch,4.156726537188174
shake,4.156726537188174
represented,4.156726537188174
mobile,4.156726537188174
residents,4.156726537188174
resource,4.156726537188174
moderators,4.156726537188174
interviewed,4.156726537188174
justify,5.255338825856284
joy,4.156726537188174
positions,5.255338825856284
remaining,4.156726537188174
replace,4.156726537188174
jamie,4.156726537188174
reporting,4.156726537188174
interests,4.156726537188174
huts,4.156726537188174
ruled,4.156726537188174
poisoning,4.156726537188174
improve,4.156726537188174
rob,4.156726537188174
instinct,4.156726537188174
informed,4.156726537188174
indigenous,4.156726537188174
independance,4.849873717748119
partner,4.156726537188174
pushing,4.849873717748119
presence,4.156726537188174
prepared,4.156726537188174
melt,4.849873717748119
misery,4.849873717748119
producing,4.156726537188174
maker,4.156726537188174
promise,4.156726537188174
maintain,4.156726537188174
magic,4.156726537188174
mating,4.156726537188174
prostitution,4.156726537188174
proved,4.156726537188174
loyalty,4.156726537188174
loss,4.156726537188174
mentality,4.156726537188174
knees,4.156726537188174
kings,4.156726537188174
key,4.156726537188174
keeping,4.156726537188174
radical,4.156726537188174
merely,4.849873717748119
messed,4.849873717748119
preach,4.849873717748119
latvian,4.156726537188174
practically,4.156726537188174
rahowa,4.156726537188174
rail,4.156726537188174
sale,4.156726537188174
object,4.156726537188174
staring,4.156726537188174
stats,4.156726537188174
spit,4.156726537188174
faggots,4.849873717748119
spaniards,4.156726537188174
exercise,4.156726537188174
examples,4.156726537188174
nt,4.156726537188174
spirits,4.156726537188174
emails,4.156726537188174
dropped,4.156726537188174
stronger,4.156726537188174
dressing,4.156726537188174
subhuman,4.156726537188174
subjects,4.156726537188174
passing,4.156726537188174
succeed,4.156726537188174
elites,4.156726537188174
steppe,4.156726537188174
electric,4.156726537188174
efforts,4.156726537188174
stm,4.156726537188174
effect,4.849873717748119
stole,4.156726537188174
earned,4.156726537188174
ect,4.156726537188174
economical,4.156726537188174
offering,4.156726537188174
gorillas,4.156726537188174
happily,4.156726537188174
sentence,4.156726537188174
graves,4.156726537188174
hierarchy,4.156726537188174
santa,4.156726537188174
hiding,4.156726537188174
scenes,4.156726537188174
sheriff,4.156726537188174
followers,4.849873717748119
smashed,4.156726537188174
societies,4.849873717748119
festival,4.156726537188174
neighbourhood,4.156726537188174
georgians,4.156726537188174
geography,4.156726537188174
ne,4.156726537188174
signature,4.156726537188174
wasted,4.156726537188174
cards,4.156726537188174
admire,4.849873717748119
continent,4.156726537188174
collective,4.849873717748119
achievement,4.849873717748119
bat,4.156726537188174
threatening,4.156726537188174
banning,4.156726537188174
chain,4.849873717748119
chair,4.156726537188174
challenging,4.156726537188174
airport,4.849873717748119
aggressive,4.156726537188174
attitudes,4.156726537188174
attractive,4.156726537188174
caucasus,4.156726537188174
causes,4.849873717748119
verses,4.156726537188174
20s,5.255338825856284
cell,4.156726537188174
aged,4.849873717748119
cooking,4.156726537188174
blessed,4.156726537188174
breath,4.156726537188174
whore,4.849873717748119
bookmarked,4.156726537188174
comrade,4.156726537188174
comrades,4.156726537188174
ukrainians,4.156726537188174
bob,4.156726537188174
witness,4.156726537188174
boxes,4.849873717748119
bound,4.156726537188174
bowl,4.156726537188174
bows,4.156726537188174
concert,4.156726537188174
unique,4.849873717748119
41,4.156726537188174
bury,4.156726537188174
behaviour,4.156726537188174
consequences,4.156726537188174
uploaded,4.849873717748119
biological,4.156726537188174
worthy,4.156726537188174
bikes,4.156726537188174
comprehend,4.156726537188174
ashamed,5.255338825856284
ants,4.156726537188174
wars,4.156726537188174
cracked,4.849873717748119
answered,4.849873717748119
chip,4.156726537188174
weird,4.156726537188174
costa,4.156726537188174
toast,4.156726537188174
teenager,4.156726537188174
albanians,4.156726537188174
tourists,4.849873717748119
chaos,4.156726537188174
arguments,4.156726537188174
virus,4.849873717748119
chasing,4.849873717748119
worshipping,4.444408609639955
5000,4.444408609639955
fugue,4.444408609639955
gained,4.444408609639955
chips,4.444408609639955
burger,4.444408609639955
personnel,4.444408609639955
persecution,4.444408609639955
plants,4.444408609639955
bulls,4.444408609639955
stamp,4.444408609639955
stepping,5.1375557901999
shock,4.444408609639955
brainwash,5.1375557901999
portuguese,4.444408609639955
goodness,4.444408609639955
grabs,5.1375557901999
modise,4.444408609639955
gauge,4.444408609639955
garden,4.444408609639955
gap,4.444408609639955
employee,4.444408609639955
breeds,4.444408609639955
moments,4.444408609639955
brewing,4.444408609639955
necessary,5.1375557901999
yelling,4.444408609639955
failure,5.1375557901999
souls,4.444408609639955
torture,4.444408609639955
favour,4.444408609639955
sponsored,4.444408609639955
translations,4.444408609639955
fate,4.444408609639955
facing,4.444408609639955
fb,4.444408609639955
expansion,4.444408609639955
neolithic,4.444408609639955
characteristics,4.444408609639955
toys,4.444408609639955
exception,4.444408609639955
exposing,4.444408609639955
expressing,5.1375557901999
entry,4.444408609639955
smell,4.444408609639955
flee,4.444408609639955
flare,4.444408609639955
equally,4.444408609639955
fist,4.444408609639955
planned,4.444408609639955
bye,4.444408609639955
musical,5.1375557901999
plague,4.444408609639955
slovenia,4.444408609639955
flyer,4.444408609639955
311,4.444408609639955
captured,4.444408609639955
careers,5.1375557901999
errors,4.444408609639955
solo,4.444408609639955
nationals,4.444408609639955
feces,4.444408609639955
firm,4.444408609639955
equivalent,4.444408609639955
perverted,4.444408609639955
cancer,4.444408609639955
pump,4.444408609639955
log,4.444408609639955
assumption,4.444408609639955
advancement,4.444408609639955
province,5.543020898308065
industry,4.444408609639955
rican,4.444408609639955
ripped,4.444408609639955
backed,4.444408609639955
proudly,4.444408609639955
ritual,4.444408609639955
increase,5.1375557901999
injury,4.444408609639955
vermin,5.1375557901999
retailer,4.444408609639955
auto,4.444408609639955
int,4.444408609639955
instill,4.444408609639955
lit,4.444408609639955
lefties,4.444408609639955
waking,4.444408609639955
realizing,4.444408609639955
latinos,4.444408609639955
raised,4.444408609639955
warfare,4.444408609639955
warcrimes,4.444408609639955
ranks,5.1375557901999
reinforce,4.444408609639955
relationship,4.444408609639955
jose,4.444408609639955
arse,5.1375557901999
articl,4.444408609639955
aspect,4.444408609639955
arkansas,4.444408609639955
kin,4.444408609639955
letters,4.444408609639955
keen,4.444408609639955
refer,4.444408609639955
websites,4.444408609639955
allegiance,4.444408609639955
regency,4.444408609639955
wherever,4.444408609639955
betrayal,4.444408609639955
haunted,4.444408609639955
unite,4.444408609639955
blast,4.444408609639955
healing,5.1375557901999
pretend,4.444408609639955
unsuspecting,4.444408609639955
billboards,4.444408609639955
mestizo,4.444408609639955
min,4.444408609639955
militants,4.444408609639955
uncivilized,4.444408609639955
grocery,4.444408609639955
minor,4.444408609639955
practices,4.444408609639955
828,4.444408609639955
separate,4.444408609639955
guise,4.444408609639955
machete,4.444408609639955
highlights,4.444408609639955
iam,4.444408609639955
programming,4.444408609639955
rude,4.444408609639955
professors,4.444408609639955
humor,4.444408609639955
production,4.444408609639955
product,4.444408609639955
malls,4.444408609639955
madness,4.444408609639955
admin,4.444408609639955
valued,4.444408609639955
value,4.444408609639955
belgrade,4.444408609639955
hollow,4.444408609639955
matthew,4.444408609639955
holahoax,4.444408609639955
ups,4.444408609639955
mcdonalds,4.444408609639955
sacrifices,4.444408609639955
horror,4.444408609639955
horizon,4.444408609639955
hordes,4.444408609639955
beauty,4.444408609639955
beings,4.444408609639955
privacy,5.543020898308065
masters,4.444408609639955
cream,4.444408609639955
contempt,4.444408609639955
paki,4.444408609639955
deviant,4.444408609639955
suicide,5.1375557901999
couples,4.444408609639955
clubs,4.444408609639955
compete,4.444408609639955
developed,5.1375557901999
distinctive,4.444408609639955
thou,4.444408609639955
stormfronters,5.1375557901999
swimming,4.444408609639955
drawing,4.444408609639955
contacted,5.1375557901999
paradise,4.444408609639955
comic,4.444408609639955
suites,4.444408609639955
paint,4.444408609639955
ebola,4.444408609639955
convince,4.444408609639955
ticket,5.1375557901999
divorce,4.444408609639955
temporary,4.444408609639955
outta,4.444408609639955
occurred,4.444408609639955
dangers,4.444408609639955
desire,4.444408609639955
dry,4.444408609639955
tail,4.444408609639955
opponent,4.444408609639955
commitment,4.444408609639955
depressing,4.444408609639955
congo,4.444408609639955
tables,5.1375557901999
thunder,4.444408609639955
coons,4.444408609639955
dyed,4.444408609639955
dying,4.444408609639955
denying,4.444408609639955
overcome,4.444408609639955
deliberate,4.444408609639955
supports,4.444408609639955
payments,4.444408609639955
concentration,4.444408609639955
diseases,4.444408609639955
subrace,4.444408609639955
compliment,4.444408609639955
computers,5.543020898308065
tears,4.444408609639955
crawl,4.444408609639955
zombies,4.444408609639955
obtain,4.444408609639955
submissions,4.444408609639955
sweat,4.849873717748119
illegals,4.849873717748119
accent,4.849873717748119
partitas,4.849873717748119
sand,4.849873717748119
urine,4.849873717748119
beheading,4.849873717748119
ho,4.849873717748119
believed,4.849873717748119
variant,4.849873717748119
descended,4.849873717748119
immediate,4.849873717748119
hygiene,4.849873717748119
mannerisms,5.543020898308065
mathieson,4.849873717748119
maths,4.849873717748119
depth,4.849873717748119
bare,4.849873717748119
marked,4.849873717748119
icelanders,4.849873717748119
utter,4.849873717748119
ideology,4.849873717748119
utopian,4.849873717748119
accusations,4.849873717748119
parody,4.849873717748119
hostility,4.849873717748119
constructed,4.849873717748119
thandi,4.849873717748119
probz,4.849873717748119
safely,4.849873717748119
rope,4.849873717748119
switching,4.849873717748119
denial,4.849873717748119
bean,4.849873717748119
demos,4.849873717748119
organ,4.849873717748119
martin,4.849873717748119
abusing,4.849873717748119
uneducated,4.849873717748119
wishing,4.849873717748119
undesirable,4.849873717748119
undesirables,4.849873717748119
dieversity,4.849873717748119
sends,4.849873717748119
messenger,4.849873717748119
securing,5.543020898308065
bleach,4.849873717748119
unbelievable,4.849873717748119
supper,4.849873717748119
sexuality,4.849873717748119
grandparents,4.849873717748119
grasp,4.849873717748119
poverty,4.849873717748119
supposedly,4.849873717748119
supply,4.849873717748119
concealed,4.849873717748119
wives,4.849873717748119
growth,4.849873717748119
uniform,4.849873717748119
bi,4.849873717748119
abiding,4.849873717748119
schoolchildren,4.849873717748119
scan,4.849873717748119
prevailed,4.849873717748119
unworthy,4.849873717748119
designs,4.849873717748119
confined,4.849873717748119
surviving,4.849873717748119
harmful,4.849873717748119
blades,4.849873717748119
devils,4.849873717748119
harlem,4.849873717748119
confiscated,4.849873717748119
develop,4.849873717748119
billion,4.849873717748119
sci,4.849873717748119
haymaker,4.849873717748119
screeching,4.849873717748119
confusion,4.849873717748119
suspenders,4.849873717748119
bin,4.849873717748119
heal,4.849873717748119
passion,4.849873717748119
voodoo,5.543020898308065
countryside,4.849873717748119
regularly,4.849873717748119
counterparts,5.543020898308065
von,4.849873717748119
kaffir,4.849873717748119
cunning,5.543020898308065
reduce,4.849873717748119
recognized,4.849873717748119
courts,4.849873717748119
alongside,4.849873717748119
lesser,4.849873717748119
allows,4.849873717748119
kelso,4.849873717748119
cough,4.849873717748119
artistic,4.849873717748119
arthur,4.849873717748119
remote,4.849873717748119
jerusalem,4.849873717748119
temple,4.849873717748119
tempered,4.849873717748119
costumes,4.849873717748119
rejected,4.849873717748119
curse,4.849873717748119
cotton,4.849873717748119
ju,4.849873717748119
labled,4.849873717748119
random,4.849873717748119
ample,4.849873717748119
lactose,4.849873717748119
amnesty,4.849873717748119
crips,4.849873717748119
amish,4.849873717748119
waves,4.849873717748119
ranting,4.849873717748119
ancestral,4.849873717748119
anchor,4.849873717748119
latvia,4.849873717748119
wasp,4.849873717748119
lard,4.849873717748119
cousins,4.849873717748119
knackers,4.849873717748119
crowded,4.849873717748119
reception,4.849873717748119
crusaders,4.849873717748119
tat,4.849873717748119
raw,4.849873717748119
realise,4.849873717748119
knowingly,4.849873717748119
coworkers,4.849873717748119
vh1,4.849873717748119
ricans,4.849873717748119
loyalties,5.543020898308065
rhythm,4.849873717748119
inherit,4.849873717748119
influenced,4.849873717748119
baba,4.849873717748119
vg,4.849873717748119
integrated,4.849873717748119
daylight,4.849873717748119
intend,4.849873717748119
reveal,4.849873717748119
revenue,4.849873717748119
afa,4.849873717748119
territories,4.849873717748119
pseudo,4.849873717748119
baboon,5.543020898308065
deceased,4.849873717748119
lust,4.849873717748119
incapable,4.849873717748119
deeds,4.849873717748119
protecting,4.849873717748119
baggy,4.849873717748119
parked,4.849873717748119
income,4.849873717748119
decked,4.849873717748119
decimated,4.849873717748119
backward,4.849873717748119
indgrid,4.849873717748119
decloration,4.849873717748119
items,4.849873717748119
reptile,4.849873717748119
representing,4.849873717748119
pantheon,4.849873717748119
punches,4.849873717748119
requested,4.849873717748119
requires,4.849873717748119
pant,4.849873717748119
jealous,4.849873717748119
reparations,4.849873717748119
takedowns,4.849873717748119
liters,4.849873717748119
intergrate,4.849873717748119
interia,4.849873717748119
logo,4.849873717748119
attracted,4.849873717748119
agendas,4.849873717748119
lololol,5.543020898308065
grandchildren,4.849873717748119
trophies,4.849873717748119
foreighners,4.849873717748119
forefathers,5.543020898308065
murderer,4.849873717748119
evolutionary,4.849873717748119
evolution,4.849873717748119
multiculti,4.849873717748119
chatting,4.849873717748119
burned,4.849873717748119
nevertheless,4.849873717748119
multikulti,4.849873717748119
burzum,4.849873717748119
slum,4.849873717748119
smash,4.849873717748119
flipped,4.849873717748119
smashing,4.849873717748119
peer,4.849873717748119
dope,4.849873717748119
slovenians,4.849873717748119
subsequently,4.849873717748119
folklore,4.849873717748119
truths,4.849873717748119
torn,4.849873717748119
closely,4.849873717748119
patterns,5.543020898308065
chemicals,4.849873717748119
ears,4.849873717748119
wretström,4.849873717748119
tubes,4.849873717748119
fubu,4.849873717748119
ethnically,4.849873717748119
mugabe,4.849873717748119
estranged,4.849873717748119
obsession,4.849873717748119
pest,4.849873717748119
yada,4.849873717748119
nwo,4.849873717748119
fever,4.849873717748119
soviets,5.543020898308065
stride,4.849873717748119
feminist,4.849873717748119
transformed,4.849873717748119
strive,4.849873717748119
failing,4.849873717748119
carved,4.849873717748119
collect,4.849873717748119
flames,4.849873717748119
spare,4.849873717748119
trace,4.849873717748119
cgi,4.849873717748119
centers,4.849873717748119
dragging,4.849873717748119
capable,4.849873717748119
fiercely,4.849873717748119
narrow,4.849873717748119
soaker,4.849873717748119
cockroaches,4.849873717748119
sins,4.849873717748119
dispatched,4.849873717748119
gibberish,4.849873717748119
ghettos,4.849873717748119
shopping,4.849873717748119
permission,4.849873717748119
disrespect,4.849873717748119
gestures,4.849873717748119
noses,4.849873717748119
braces,4.849873717748119
officially,4.849873717748119
brady,4.849873717748119
stated,4.849873717748119
toes,4.849873717748119
mongrelizing,4.849873717748119
distant,4.849873717748119
endure,5.543020898308065
58,4.849873717748119
shrug,4.849873717748119
cleansed,4.849873717748119
shoudl,5.543020898308065
perverts,4.849873717748119
gentleman,4.849873717748119
gentile,4.849873717748119
shouting,4.849873717748119
moblie,4.849873717748119
shaped,4.849873717748119
stereotype,4.849873717748119
civilize,4.849873717748119
performance,4.849873717748119
boredom,4.849873717748119
possibility,4.849873717748119
booklets,5.543020898308065
titles,4.849873717748119
disappear,4.849873717748119
stds,4.849873717748119
mlk,4.849873717748119
disinformation,4.849873717748119
shin,5.543020898308065
shine,4.849873717748119
sheer,5.543020898308065
mistress,4.849873717748119
citizenship,4.849873717748119
disenfranchisement,4.849873717748119
bubble,4.849873717748119
brushes,4.849873717748119
bronx,4.849873717748119
dived,4.849873717748119
morally,4.849873717748119
sickness,4.849873717748119
nick,4.849873717748119
gates,4.849873717748119
zuma,4.849873717748119
thirds,4.849873717748119
stoning,4.849873717748119
stadium,4.849873717748119
enriching,4.849873717748119
bucket,4.849873717748119
perry,4.849873717748119
pollute,4.849873717748119
gcse,4.849873717748119
pole,4.849873717748119
gcses,4.849873717748119
era,4.849873717748119
sudden,4.849873717748119
pockets,4.849873717748119
sings,4.849873717748119
perceive,5.543020898308065
punishing,5.543020898308065
persucuted,5.543020898308065
pantlegs,5.543020898308065
panties,5.543020898308065
zduhać,5.543020898308065
webcam,5.543020898308065
werent,5.543020898308065
yellows,5.543020898308065
painstakingly,5.543020898308065
pushover,5.543020898308065
quiets,5.543020898308065
pensacola,5.543020898308065
weaknesses,5.543020898308065
palenka,5.543020898308065
zapoy,5.543020898308065
permits,5.543020898308065
purported,5.543020898308065
perpetrators,5.543020898308065
purpoise,5.543020898308065
wealthier,5.543020898308065
persuasive,5.543020898308065
pykies,5.543020898308065
watertight,5.543020898308065
peep,5.543020898308065
zakus,5.543020898308065
windows,5.543020898308065
wildly,5.543020898308065
passacaglia,5.543020898308065
policeand,5.543020898308065
polevik,5.543020898308065
preposterous,5.543020898308065
polluting,5.543020898308065
wrenching,5.543020898308065
widespread,5.543020898308065
prevail,5.543020898308065
wiggerism,5.543020898308065
primates,5.543020898308065
wizard,5.543020898308065
wizards,5.543020898308065
potchefstroom,5.543020898308065
passwords,5.543020898308065
pastoralists,5.543020898308065
porenut,5.543020898308065
porewit,5.543020898308065
złota,5.543020898308065
prague,5.543020898308065
parasite,5.543020898308065
parading,5.543020898308065
pills,5.543020898308065
pimped,5.543020898308065
pitched,5.543020898308065
prostitute,5.543020898308065
pits,5.543020898308065
pittance,5.543020898308065
publication,5.543020898308065
publish,5.543020898308065
pies,5.543020898308065
psychos,5.543020898308065
psoglav,5.543020898308065
whiteqt242002,5.543020898308065
writers,5.543020898308065
patting,5.543020898308065
procedures,5.543020898308065
whip,5.543020898308065
propeller,5.543020898308065
pronounced,5.543020898308065
pl,5.543020898308065
progeny,5.543020898308065
parolee,5.543020898308065
progressive,5.543020898308065
progression,5.543020898308065
sorenyos,5.543020898308065
sonatas,5.543020898308065
sotries,5.543020898308065
sounding,5.543020898308065
sounded,5.543020898308065
soapboxes,5.543020898308065
soak,5.543020898308065
squandle,5.543020898308065
spyware,5.543020898308065
torment,5.543020898308065
tormenting,5.543020898308065
spook,5.543020898308065
sreća,5.543020898308065
tra,5.543020898308065
spca,5.543020898308065
traders,5.543020898308065
speny,5.543020898308065
smut,5.543020898308065
shoving,5.543020898308065
shovels,5.543020898308065
shoulders,5.543020898308065
slither,5.543020898308065
smiles,5.543020898308065
smh,5.543020898308065
tripe,5.543020898308065
skipping,5.543020898308065
skinheadz,5.543020898308065
slather,5.543020898308065
skyrocketed,5.543020898308065
switch,5.543020898308065
thanking,5.543020898308065
thebest,5.543020898308065
talmud,5.543020898308065
tempers,5.543020898308065
teachings,5.543020898308065
teasing,5.543020898308065
technical,5.543020898308065
taint,5.543020898308065
strengthen,5.543020898308065
strangles,5.543020898308065
toalets,5.543020898308065
staunchly,5.543020898308065
toccata,5.543020898308065
stll,5.543020898308065
steered,5.543020898308065
stigmatized,5.543020898308065
tits,5.543020898308065
stench,5.543020898308065
thoguht,5.543020898308065
sucking,5.543020898308065
succeeding,5.543020898308065
thir,5.543020898308065
suntimes,5.543020898308065
thoughtless,5.543020898308065
thug,5.543020898308065
strippers,5.543020898308065
stuhać,5.543020898308065
tyre,5.543020898308065
vgart,5.543020898308065
viciously,5.543020898308065
revered,5.543020898308065
reviewed,5.543020898308065
reside,5.543020898308065
restore,5.543020898308065
victorian,5.543020898308065
resorted,5.543020898308065
resolved,5.543020898308065
resisting,5.543020898308065
rolled,5.543020898308065
variation,5.543020898308065
variations,5.543020898308065
varied,5.543020898308065
validating,5.543020898308065
venezuelans,5.543020898308065
ridiculed,5.543020898308065
wages,5.543020898308065
ray,5.543020898308065
rationalize,5.543020898308065
reassure,5.543020898308065
recon,5.543020898308065
rampant,5.543020898308065
violin,5.543020898308065
repay,5.543020898308065
renounce,5.543020898308065
recover,5.543020898308065
regurgitate,5.543020898308065
volksgemeinshaft,5.543020898308065
volkstaat,5.543020898308065
selfishness,5.543020898308065
selective,5.543020898308065
uncovered,5.543020898308065
uniformly,5.543020898308065
segment,5.543020898308065
seemingly,5.543020898308065
seeks,5.543020898308065
shools,5.543020898308065
shool,5.543020898308065
sfgate,5.543020898308065
sharks,5.543020898308065
unnecesserily,5.543020898308065
sacrifical,5.543020898308065
uttering,5.543020898308065
rügen,5.543020898308065
urging,5.543020898308065
salemfonden,5.543020898308065
sag,5.543020898308065
ruining,5.543020898308065
rugiewit,5.543020898308065
scholary,5.543020898308065
unsustainable,5.543020898308065
scroll,5.543020898308065
unregistered,5.543020898308065
scooters,5.543020898308065
sargent,5.543020898308065
spearchuckers,5.543020898308065
consumed,5.543020898308065
consumers,5.543020898308065
congratulating,5.543020898308065
contaminate,5.543020898308065
convinced,5.543020898308065
coordinating,5.543020898308065
controllers,5.543020898308065
comp,5.543020898308065
comfort,5.543020898308065
command,5.543020898308065
concertos,5.543020898308065
condemning,5.543020898308065
condensening,5.543020898308065
compton,5.543020898308065
compost,5.543020898308065
cupboards,5.543020898308065
cwii2008,5.543020898308065
dancingrabbit,5.543020898308065
dandy,5.543020898308065
cyber,5.543020898308065
counsel,5.543020898308065
cradle,5.543020898308065
crocodilian,5.543020898308065
criminalized,5.543020898308065
cringe,5.543020898308065
crocodile,5.543020898308065
creatively,5.543020898308065
creativity,5.543020898308065
catid,5.543020898308065
caucasian,5.543020898308065
cauldrons,5.543020898308065
chairperson,5.543020898308065
cello,5.543020898308065
carcasses,5.543020898308065
buys,5.543020898308065
burst,5.543020898308065
candor,5.543020898308065
cantatas,5.543020898308065
capitulate,5.543020898308065
calledputin,5.543020898308065
clavier,5.543020898308065
clerks,5.543020898308065
clique,5.543020898308065
claus,5.543020898308065
cited,5.543020898308065
clashes,5.543020898308065
classwork,5.543020898308065
collections,5.543020898308065
collectors,5.543020898308065
cocoa,5.543020898308065
cheerleaders,5.543020898308065
cheney,5.543020898308065
christy88,5.543020898308065
cikavac,5.543020898308065
choosing,5.543020898308065
elfs,5.543020898308065
elses,5.543020898308065
embassy,5.543020898308065
embroiled,5.543020898308065
dyes,5.543020898308065
dtl,5.543020898308065
earshot,5.543020898308065
earthly,5.543020898308065
europeandailynews,5.543020898308065
europeoid,5.543020898308065
eventhough,5.543020898308065
evertime,5.543020898308065
exaggerated,5.543020898308065
exaggerates,5.543020898308065
extracurriculars,5.543020898308065
expectation,5.543020898308065
enlroll,5.543020898308065
enrolling,5.543020898308065
enslavement,5.543020898308065
engages,5.543020898308065
entice,5.543020898308065
entitlement,5.543020898308065
esque,5.543020898308065
escapes,5.543020898308065
epithet,5.543020898308065
drying,5.543020898308065
drunkenly,5.543020898308065
desires,5.543020898308065
despicable,5.543020898308065
destination,5.543020898308065
detector,5.543020898308065
dependence,5.543020898308065
device,5.543020898308065
ded,5.543020898308065
decade,5.543020898308065
demise,5.543020898308065
demons,5.543020898308065
definite,5.543020898308065
deluded,5.543020898308065
dots,5.543020898308065
doug,5.543020898308065
dominate,5.543020898308065
dominating,5.543020898308065
downunder,5.543020898308065
drowning,5.543020898308065
dressers,5.543020898308065
disorders,5.543020898308065
disapproval,5.543020898308065
discharge,5.543020898308065
dismal,5.543020898308065
disadvantaged,5.543020898308065
directed,5.543020898308065
disowned,5.543020898308065
disprove,5.543020898308065
disturb,5.543020898308065
dissolve,5.543020898308065
achievers,5.543020898308065
abound,5.543020898308065
academia,5.543020898308065
6d,5.543020898308065
ambulance,5.543020898308065
alcoholics,5.543020898308065
aleviated,5.543020898308065
americanos,5.543020898308065
animalistic,5.543020898308065
admirable,5.543020898308065
ahero,5.543020898308065
afrocant,5.543020898308065
aggressiveness,5.543020898308065
142nd,5.543020898308065
189,5.543020898308065
100yrs,5.543020898308065
041809,5.543020898308065
116782,5.543020898308065
11alive,5.543020898308065
11th,5.543020898308065
1160979,5.543020898308065
105,5.543020898308065
4100,5.543020898308065
4971848,5.543020898308065
220,5.543020898308065
200lb,5.543020898308065
1million,5.543020898308065
222065,5.543020898308065
blamed,5.543020898308065
blasphemied,5.543020898308065
bo,5.543020898308065
boasting,5.543020898308065
blinded,5.543020898308065
blindness,5.543020898308065
bellied,5.543020898308065
beloved,5.543020898308065
befriend,5.543020898308065
behinds,5.543020898308065
billionaries,5.543020898308065
biracial,5.543020898308065
bicycles,5.543020898308065
boers,5.543020898308065
boggling,5.543020898308065
broom,5.543020898308065
brownshirt,5.543020898308065
boginki,5.543020898308065
bukavac,5.543020898308065
bullhead,5.543020898308065
borne,5.543020898308065
bosses,5.543020898308065
botched,5.543020898308065
brethern,5.543020898308065
brandenburg,5.543020898308065
breading,5.543020898308065
bowmen,5.543020898308065
brainless,5.543020898308065
brace,5.543020898308065
articls,5.543020898308065
artid,5.543020898308065
aryan14words,5.543020898308065
armyless,5.543020898308065
arnt,5.543020898308065
assertions,5.543020898308065
assorted,5.543020898308065
anmigrants,5.543020898308065
approached,5.543020898308065
approval,5.543020898308065
archbishop,5.543020898308065
applaud,5.543020898308065
banners,5.543020898308065
bankrupted,5.543020898308065
barretts,5.543020898308065
beaker,5.543020898308065
bauk,5.543020898308065
attire,5.543020898308065
attitute,5.543020898308065
badges,5.543020898308065
bajk19a7m6,5.543020898308065
azeris,5.543020898308065
backround,5.543020898308065
lounge,5.543020898308065
lowriders,5.543020898308065
lotion,5.543020898308065
macedonians,5.543020898308065
licking,5.543020898308065
limbs,5.543020898308065
lobbed,5.543020898308065
local15tv,5.543020898308065
locust,5.543020898308065
literacy,5.543020898308065
mayhem,5.543020898308065
mckenzie,5.543020898308065
memberships,5.543020898308065
medicience,5.543020898308065
mechanisations,5.543020898308065
malaysians,5.543020898308065
magnificat,5.543020898308065
majestic,5.543020898308065
marches,5.543020898308065
manipulation,5.543020898308065
manners,5.543020898308065
manufacturer,5.543020898308065
memorize,5.543020898308065
katz,5.543020898308065
kemp,5.543020898308065
knuckles,5.543020898308065
judea,5.543020898308065
jungles,5.543020898308065
karewit,5.543020898308065
karzełek,5.543020898308065
justsick,5.543020898308065
learnt,5.543020898308065
lantern,5.543020898308065
latrines,5.543020898308065
leopold,5.543020898308065
legislative,5.543020898308065
kresnik,5.543020898308065
landing,5.543020898308065
lackies,5.543020898308065
kurent,5.543020898308065
labeled,5.543020898308065
notebooks,5.543020898308065
noisy,5.543020898308065
neighbouring,5.543020898308065
nogger,5.543020898308065
nicked,5.543020898308065
nightmares,5.543020898308065
outline,5.543020898308065
orientation,5.543020898308065
oxford,5.543020898308065
overpowering,5.543020898308065
oje3egtgg9k,5.543020898308065
ollsson,5.543020898308065
obstacle,5.543020898308065
obvisously,5.543020898308065
obyc,5.543020898308065
olympic,5.543020898308065
ordure,5.543020898308065
opposing,5.543020898308065
orchestrating,5.543020898308065
ophanage,5.543020898308065
mobilized,5.543020898308065
mockery,5.543020898308065
miserable,5.543020898308065
monarchy,5.543020898308065
messiah,5.543020898308065
mindless,5.543020898308065
minions,5.543020898308065
miniskirt,5.543020898308065
mint,5.543020898308065
millionaries,5.543020898308065
nails,5.543020898308065
myth,5.543020898308065
mutilate,5.543020898308065
nappy,5.543020898308065
nargaroth,5.543020898308065
necks,5.543020898308065
needless,5.543020898308065
moroz,5.543020898308065
motherland,5.543020898308065
muppet,5.543020898308065
msi,5.543020898308065
mudraces,5.543020898308065
mudslide,5.543020898308065
glorify,5.543020898308065
ghastly,5.543020898308065
gibb,5.543020898308065
gimmiegrunts,5.543020898308065
goodbye,5.543020898308065
goffers,5.543020898308065
goinna,5.543020898308065
goldberg,5.543020898308065
garage,5.543020898308065
gardens,5.543020898308065
garlands,5.543020898308065
gated,5.543020898308065
gangsta,5.543020898308065
galerie,5.543020898308065
gagged,5.543020898308065
gains,5.543020898308065
genotype,5.543020898308065
gawk,5.543020898308065
habits,5.543020898308065
hangers,5.543020898308065
harassed,5.543020898308065
haitian,5.543020898308065
halfway,5.543020898308065
halls,5.543020898308065
guidelines,5.543020898308065
grandfathers,5.543020898308065
graffiti,5.543020898308065
grubbers,5.543020898308065
finallytransformedformersovietjewnion,5.543020898308065
findings,5.543020898308065
fetish,5.543020898308065
fidelity,5.543020898308065
fierce,5.543020898308065
fling,5.543020898308065
floors,5.543020898308065
flats,5.543020898308065
flavor,5.543020898308065
fastest,5.543020898308065
fame,5.543020898308065
fares,5.543020898308065
farms,5.543020898308065
fakty,5.543020898308065
facilities,5.543020898308065
faem,5.543020898308065
fails,5.543020898308065
fathom,5.543020898308065
faxes,5.543020898308065
fred,5.543020898308065
freedoms,5.543020898308065
fruits,5.543020898308065
funniest,5.543020898308065
fur,5.543020898308065
furiously,5.543020898308065
furthermore,5.543020898308065
furture,5.543020898308065
fufilled,5.543020898308065
foremost,5.543020898308065
fond,5.543020898308065
foeigners,5.543020898308065
focusing,5.543020898308065
hardened,5.543020898308065
inflict,5.543020898308065
informal,5.543020898308065
infestations,5.543020898308065
infesting,5.543020898308065
infighting,5.543020898308065
infiltrate,5.543020898308065
implement,5.543020898308065
illiterate,5.543020898308065
illnesses,5.543020898308065
illogical,5.543020898308065
implementing,5.543020898308065
inception,5.543020898308065
incorporated,5.543020898308065
incredibly,5.543020898308065
imposes,5.543020898308065
impossibly,5.543020898308065
improvement,5.543020898308065
intelligencia,5.543020898308065
invasions,5.543020898308065
interpretation,5.543020898308065
interpret,5.543020898308065
israelinireland,5.543020898308065
irreparable,5.543020898308065
involvement,5.543020898308065
irika,5.543020898308065
heterosexual,5.543020898308065
hews,5.543020898308065
ifyouwant,5.543020898308065
heritages,5.543020898308065
heroism,5.543020898308065
hobbling,5.543020898308065
hippyism,5.543020898308065
historians,5.543020898308065
hbs,5.543020898308065
heavens,5.543020898308065
heavyweight,5.543020898308065
heheh,5.543020898308065
heathway,5.543020898308065
hcf,5.543020898308065
heaps,5.543020898308065
husbands,5.543020898308065
hunt,5.543020898308065
humility,5.543020898308065
idiocy,5.543020898308065
hyena,5.543020898308065
homogenous,5.543020898308065
holier,5.543020898308065
hooves,5.543020898308065
household,5.543020898308065
horns,5.543020898308065
